timestamp_ny,date,hour,event_type,source_path,url,text
2026-02-04 14:16:05-05:00,2026-02-04,14,like,Likes and Favorites.Like List.ItemFavoriteList,https://www.tiktokv.com/share/video/7597820881586441485/,
2026-02-04 03:27:57-05:00,2026-02-04,3,like,Likes and Favorites.Like List.ItemFavoriteList,https://www.tiktokv.com/share/video/7595609228438441238/,
2026-02-04 03:27:26-05:00,2026-02-04,3,like,Likes and Favorites.Like List.ItemFavoriteList,https://www.tiktokv.com/share/video/7591264277609106719/,
2026-02-04 03:14:00-05:00,2026-02-04,3,like,Likes and Favorites.Like List.ItemFavoriteList,https://www.tiktokv.com/share/video/7572989809883467021/,
2026-02-03 23:41:24-05:00,2026-02-03,23,like,Likes and Favorites.Like List.ItemFavoriteList,https://www.tiktokv.com/share/video/7601999661896846623/,
2026-02-03 23:40:16-05:00,2026-02-03,23,like,Likes and Favorites.Like List.ItemFavoriteList,https://www.tiktokv.com/share/video/7602460108605443342/,
2026-02-03 20:57:02-05:00,2026-02-03,20,like,Likes and Favorites.Like List.ItemFavoriteList,https://www.tiktokv.com/share/video/7593568208376909069/,
2026-02-03 20:55:56-05:00,2026-02-03,20,like,Likes and Favorites.Like List.ItemFavoriteList,https://www.tiktokv.com/share/video/7570376913491856654/,
2026-02-03 20:55:03-05:00,2026-02-03,20,like,Likes and Favorites.Like List.ItemFavoriteList,https://www.tiktokv.com/share/video/7602412180448873759/,
2026-02-03 20:54:21-05:00,2026-02-03,20,like,Likes and Favorites.Like List.ItemFavoriteList,https://www.tiktokv.com/share/video/7602462229753040141/,
2026-02-03 20:51:59-05:00,2026-02-03,20,like,Likes and Favorites.Like List.ItemFavoriteList,https://www.tiktokv.com/share/video/7482479664787770670/,
2026-02-03 20:51:09-05:00,2026-02-03,20,like,Likes and Favorites.Like List.ItemFavoriteList,https://www.tiktokv.com/share/video/7602470038775287053/,
2026-02-03 20:50:28-05:00,2026-02-03,20,like,Likes and Favorites.Like List.ItemFavoriteList,https://www.tiktokv.com/share/video/7602427013890084127/,
2026-02-03 20:49:53-05:00,2026-02-03,20,like,Likes and Favorites.Like List.ItemFavoriteList,https://www.tiktokv.com/share/video/7602374004892011807/,
2026-02-03 20:48:35-05:00,2026-02-03,20,like,Likes and Favorites.Like List.ItemFavoriteList,https://www.tiktokv.com/share/video/7602053216636816670/,
2026-02-03 20:48:10-05:00,2026-02-03,20,like,Likes and Favorites.Like List.ItemFavoriteList,https://www.tiktokv.com/share/video/7580755949380521229/,
2026-02-03 20:47:32-05:00,2026-02-03,20,like,Likes and Favorites.Like List.ItemFavoriteList,https://www.tiktokv.com/share/video/7602791780018294030/,
2026-02-03 20:22:16-05:00,2026-02-03,20,like,Likes and Favorites.Like List.ItemFavoriteList,https://www.tiktokv.com/share/video/7601606413458148639/,
2026-02-03 20:20:44-05:00,2026-02-03,20,like,Likes and Favorites.Like List.ItemFavoriteList,https://www.tiktokv.com/share/video/7602082420212436255/,
2026-02-03 20:20:16-05:00,2026-02-03,20,like,Likes and Favorites.Like List.ItemFavoriteList,https://www.tiktokv.com/share/video/7583617898778823967/,
2026-02-03 20:18:52-05:00,2026-02-03,20,like,Likes and Favorites.Like List.ItemFavoriteList,https://www.tiktokv.com/share/video/7587937220544269598/,
2026-02-03 20:17:15-05:00,2026-02-03,20,like,Likes and Favorites.Like List.ItemFavoriteList,https://www.tiktokv.com/share/video/7602623784863993118/,
2026-02-03 20:16:23-05:00,2026-02-03,20,like,Likes and Favorites.Like List.ItemFavoriteList,https://www.tiktokv.com/share/video/7602448515536637239/,
2026-02-03 20:15:47-05:00,2026-02-03,20,like,Likes and Favorites.Like List.ItemFavoriteList,https://www.tiktokv.com/share/video/7602482033725623565/,
2026-02-03 20:15:17-05:00,2026-02-03,20,like,Likes and Favorites.Like List.ItemFavoriteList,https://www.tiktokv.com/share/video/7590958607655521550/,
2026-02-03 12:06:13-05:00,2026-02-03,12,like,Likes and Favorites.Like List.ItemFavoriteList,https://www.tiktokv.com/share/video/7565744283123240199/,
2026-02-03 12:03:27-05:00,2026-02-03,12,like,Likes and Favorites.Like List.ItemFavoriteList,https://www.tiktokv.com/share/video/7592038119231327518/,
2026-02-03 11:59:08-05:00,2026-02-03,11,like,Likes and Favorites.Like List.ItemFavoriteList,https://www.tiktokv.com/share/video/7598654828255989022/,
2026-02-03 08:44:01-05:00,2026-02-03,8,like,Likes and Favorites.Like List.ItemFavoriteList,https://www.tiktokv.com/share/video/7593782189456755981/,
2026-02-03 02:05:29-05:00,2026-02-03,2,like,Likes and Favorites.Like List.ItemFavoriteList,https://www.tiktokv.com/share/video/7584149805304237342/,
2026-02-02 23:04:36-05:00,2026-02-02,23,like,Likes and Favorites.Like List.ItemFavoriteList,https://www.tiktokv.com/share/video/7600931476774997279/,
2026-02-02 22:45:08-05:00,2026-02-02,22,like,Likes and Favorites.Like List.ItemFavoriteList,https://www.tiktokv.com/share/video/7601993691984629022/,
2026-02-02 22:40:00-05:00,2026-02-02,22,like,Likes and Favorites.Like List.ItemFavoriteList,https://www.tiktokv.com/share/video/7588720656481553678/,
2026-02-02 22:26:21-05:00,2026-02-02,22,like,Likes and Favorites.Like List.ItemFavoriteList,https://www.tiktokv.com/share/video/7591679872355831070/,
2026-02-02 17:44:39-05:00,2026-02-02,17,like,Likes and Favorites.Like List.ItemFavoriteList,https://www.tiktokv.com/share/video/7600863865563303199/,
2026-02-02 17:44:19-05:00,2026-02-02,17,like,Likes and Favorites.Like List.ItemFavoriteList,https://www.tiktokv.com/share/video/7596787976122748182/,
2026-02-02 16:17:37-05:00,2026-02-02,16,like,Likes and Favorites.Like List.ItemFavoriteList,https://www.tiktokv.com/share/video/7601970401677233463/,
2026-02-02 16:17:06-05:00,2026-02-02,16,like,Likes and Favorites.Like List.ItemFavoriteList,https://www.tiktokv.com/share/video/7601313220909026574/,
2026-02-02 16:16:42-05:00,2026-02-02,16,like,Likes and Favorites.Like List.ItemFavoriteList,https://www.tiktokv.com/share/video/7586812718867320094/,
2026-02-02 16:08:48-05:00,2026-02-02,16,like,Likes and Favorites.Like List.ItemFavoriteList,https://www.tiktokv.com/share/video/7602074696951041335/,
2026-02-02 15:47:13-05:00,2026-02-02,15,like,Likes and Favorites.Like List.ItemFavoriteList,https://www.tiktokv.com/share/video/7602079879944768786/,
2026-02-02 15:45:51-05:00,2026-02-02,15,like,Likes and Favorites.Like List.ItemFavoriteList,https://www.tiktokv.com/share/video/7600128093113601311/,
2026-02-02 15:42:56-05:00,2026-02-02,15,like,Likes and Favorites.Like List.ItemFavoriteList,https://www.tiktokv.com/share/video/7602212427542875423/,
2026-02-02 15:42:07-05:00,2026-02-02,15,like,Likes and Favorites.Like List.ItemFavoriteList,https://www.tiktokv.com/share/video/7600831315495144717/,
2026-02-02 15:41:31-05:00,2026-02-02,15,like,Likes and Favorites.Like List.ItemFavoriteList,https://www.tiktokv.com/share/video/7602364882096246047/,
2026-02-02 15:36:18-05:00,2026-02-02,15,like,Likes and Favorites.Like List.ItemFavoriteList,https://www.tiktokv.com/share/video/7582146750446619935/,
2026-02-02 15:34:09-05:00,2026-02-02,15,like,Likes and Favorites.Like List.ItemFavoriteList,https://www.tiktokv.com/share/video/7600951938804485431/,
2026-02-02 15:32:52-05:00,2026-02-02,15,like,Likes and Favorites.Like List.ItemFavoriteList,https://www.tiktokv.com/share/video/7601401232359427359/,
2026-02-02 15:27:02-05:00,2026-02-02,15,like,Likes and Favorites.Like List.ItemFavoriteList,https://www.tiktokv.com/share/video/7367750939605765419/,
2026-02-02 15:26:10-05:00,2026-02-02,15,like,Likes and Favorites.Like List.ItemFavoriteList,https://www.tiktokv.com/share/video/7601544124155694366/,
2026-02-02 15:25:56-05:00,2026-02-02,15,like,Likes and Favorites.Like List.ItemFavoriteList,https://www.tiktokv.com/share/video/7601017666580532511/,
2026-02-02 15:12:43-05:00,2026-02-02,15,like,Likes and Favorites.Like List.ItemFavoriteList,https://www.tiktokv.com/share/video/7588361662785178910/,
2026-02-02 14:59:26-05:00,2026-02-02,14,like,Likes and Favorites.Like List.ItemFavoriteList,https://www.tiktokv.com/share/video/7601648066411629837/,
2026-02-02 14:56:22-05:00,2026-02-02,14,like,Likes and Favorites.Like List.ItemFavoriteList,https://www.tiktokv.com/share/video/7592438706112400670/,
2026-02-02 14:22:25-05:00,2026-02-02,14,like,Likes and Favorites.Like List.ItemFavoriteList,https://www.tiktokv.com/share/video/7587771662922206486/,
2026-02-02 13:44:45-05:00,2026-02-02,13,like,Likes and Favorites.Like List.ItemFavoriteList,https://www.tiktokv.com/share/video/7585417435637910804/,
2026-02-02 13:43:48-05:00,2026-02-02,13,like,Likes and Favorites.Like List.ItemFavoriteList,https://www.tiktokv.com/share/video/7601050136432626975/,
2026-02-02 13:42:55-05:00,2026-02-02,13,like,Likes and Favorites.Like List.ItemFavoriteList,https://www.tiktokv.com/share/video/7588267965179612438/,
2026-02-02 13:41:56-05:00,2026-02-02,13,like,Likes and Favorites.Like List.ItemFavoriteList,https://www.tiktokv.com/share/video/7601007496341310750/,
2026-02-02 13:39:45-05:00,2026-02-02,13,like,Likes and Favorites.Like List.ItemFavoriteList,https://www.tiktokv.com/share/video/7576684893392899359/,
2026-02-02 13:38:01-05:00,2026-02-02,13,like,Likes and Favorites.Like List.ItemFavoriteList,https://www.tiktokv.com/share/video/7602111098774441246/,
2026-02-02 13:35:37-05:00,2026-02-02,13,like,Likes and Favorites.Like List.ItemFavoriteList,https://www.tiktokv.com/share/video/7601615131105086740/,
2026-02-02 13:33:19-05:00,2026-02-02,13,like,Likes and Favorites.Like List.ItemFavoriteList,https://www.tiktokv.com/share/video/7592406253448596758/,
2026-02-02 05:26:28-05:00,2026-02-02,5,like,Likes and Favorites.Like List.ItemFavoriteList,https://www.tiktokv.com/share/video/7575349363933760798/,
2026-02-02 04:57:37-05:00,2026-02-02,4,like,Likes and Favorites.Like List.ItemFavoriteList,https://www.tiktokv.com/share/video/7595698907305233694/,
2026-02-02 04:57:07-05:00,2026-02-02,4,like,Likes and Favorites.Like List.ItemFavoriteList,https://www.tiktokv.com/share/video/7592159785563278605/,
2026-02-02 04:48:03-05:00,2026-02-02,4,like,Likes and Favorites.Like List.ItemFavoriteList,https://www.tiktokv.com/share/video/7594948914739006733/,
2026-02-02 04:46:42-05:00,2026-02-02,4,like,Likes and Favorites.Like List.ItemFavoriteList,https://www.tiktokv.com/share/video/7581300261449125133/,
2026-02-02 04:17:59-05:00,2026-02-02,4,like,Likes and Favorites.Like List.ItemFavoriteList,https://www.tiktokv.com/share/video/7600386826599238934/,
2026-02-02 04:09:31-05:00,2026-02-02,4,like,Likes and Favorites.Like List.ItemFavoriteList,https://www.tiktokv.com/share/video/7578956461502385439/,
2026-02-02 04:06:38-05:00,2026-02-02,4,like,Likes and Favorites.Like List.ItemFavoriteList,https://www.tiktokv.com/share/video/7595716087975513357/,
2026-02-02 03:47:43-05:00,2026-02-02,3,like,Likes and Favorites.Like List.ItemFavoriteList,https://www.tiktokv.com/share/video/7593852443499302157/,
2026-02-02 03:19:07-05:00,2026-02-02,3,like,Likes and Favorites.Like List.ItemFavoriteList,https://www.tiktokv.com/share/video/7602112830912875798/,
2026-02-01 22:29:33-05:00,2026-02-01,22,like,Likes and Favorites.Like List.ItemFavoriteList,https://www.tiktokv.com/share/video/7579701667608743181/,
2026-02-01 19:17:26-05:00,2026-02-01,19,like,Likes and Favorites.Like List.ItemFavoriteList,https://www.tiktokv.com/share/video/7598294192875474189/,
2026-02-01 19:17:11-05:00,2026-02-01,19,like,Likes and Favorites.Like List.ItemFavoriteList,https://www.tiktokv.com/share/video/7601487409116679446/,
2026-02-01 17:50:30-05:00,2026-02-01,17,like,Likes and Favorites.Like List.ItemFavoriteList,https://www.tiktokv.com/share/video/7600524285731441933/,
2026-02-01 17:50:05-05:00,2026-02-01,17,like,Likes and Favorites.Like List.ItemFavoriteList,https://www.tiktokv.com/share/video/7600787657601387831/,
2026-02-01 15:06:31-05:00,2026-02-01,15,like,Likes and Favorites.Like List.ItemFavoriteList,https://www.tiktokv.com/share/video/7601694121887141151/,
2026-02-01 15:05:29-05:00,2026-02-01,15,like,Likes and Favorites.Like List.ItemFavoriteList,https://www.tiktokv.com/share/video/7466754454503591199/,
2026-02-01 15:04:00-05:00,2026-02-01,15,like,Likes and Favorites.Like List.ItemFavoriteList,https://www.tiktokv.com/share/video/7467255184549367071/,
2026-02-01 15:03:56-05:00,2026-02-01,15,like,Likes and Favorites.Like List.ItemFavoriteList,https://www.tiktokv.com/share/video/7466969099881483551/,
2026-02-01 15:02:14-05:00,2026-02-01,15,like,Likes and Favorites.Like List.ItemFavoriteList,https://www.tiktokv.com/share/video/7466931368887438638/,
2026-02-01 14:58:19-05:00,2026-02-01,14,like,Likes and Favorites.Like List.ItemFavoriteList,https://www.tiktokv.com/share/video/7468524667406699807/,
2026-02-01 14:58:04-05:00,2026-02-01,14,like,Likes and Favorites.Like List.ItemFavoriteList,https://www.tiktokv.com/share/video/7596374690742996279/,
2026-02-01 14:57:24-05:00,2026-02-01,14,like,Likes and Favorites.Like List.ItemFavoriteList,https://www.tiktokv.com/share/video/7601361336492133663/,
2026-02-01 14:56:55-05:00,2026-02-01,14,like,Likes and Favorites.Like List.ItemFavoriteList,https://www.tiktokv.com/share/video/7585017409862421782/,
2026-02-01 14:55:38-05:00,2026-02-01,14,like,Likes and Favorites.Like List.ItemFavoriteList,https://www.tiktokv.com/share/video/7600483320627072270/,
2026-02-01 14:54:06-05:00,2026-02-01,14,like,Likes and Favorites.Like List.ItemFavoriteList,https://www.tiktokv.com/share/video/7587269637348347144/,
2026-02-01 14:53:18-05:00,2026-02-01,14,like,Likes and Favorites.Like List.ItemFavoriteList,https://www.tiktokv.com/share/video/7601253410536459542/,
2026-02-01 12:43:16-05:00,2026-02-01,12,like,Likes and Favorites.Like List.ItemFavoriteList,https://www.tiktokv.com/share/video/7598929138493230369/,
2026-02-01 12:40:40-05:00,2026-02-01,12,like,Likes and Favorites.Like List.ItemFavoriteList,https://www.tiktokv.com/share/video/7592382172636482829/,
2026-02-01 12:40:04-05:00,2026-02-01,12,like,Likes and Favorites.Like List.ItemFavoriteList,https://www.tiktokv.com/share/video/7596846742612528439/,
2026-02-01 12:39:53-05:00,2026-02-01,12,like,Likes and Favorites.Like List.ItemFavoriteList,https://www.tiktokv.com/share/video/7600661117479734558/,
2026-02-01 12:39:48-05:00,2026-02-01,12,like,Likes and Favorites.Like List.ItemFavoriteList,https://www.tiktokv.com/share/video/7600549490042457374/,
2026-02-01 10:28:08-05:00,2026-02-01,10,like,Likes and Favorites.Like List.ItemFavoriteList,https://www.tiktokv.com/share/video/7600782881539099934/,
2026-02-01 10:28:04-05:00,2026-02-01,10,like,Likes and Favorites.Like List.ItemFavoriteList,https://www.tiktokv.com/share/video/7595127980154686733/,
2026-02-01 10:27:25-05:00,2026-02-01,10,like,Likes and Favorites.Like List.ItemFavoriteList,https://www.tiktokv.com/share/video/7600432939582754070/,
2026-02-01 10:26:45-05:00,2026-02-01,10,like,Likes and Favorites.Like List.ItemFavoriteList,https://www.tiktokv.com/share/video/7587650709823278350/,
2026-02-01 10:26:06-05:00,2026-02-01,10,like,Likes and Favorites.Like List.ItemFavoriteList,https://www.tiktokv.com/share/video/7596814012969504014/,
2026-02-01 10:25:14-05:00,2026-02-01,10,like,Likes and Favorites.Like List.ItemFavoriteList,https://www.tiktokv.com/share/video/7601611522917305613/,
2026-02-01 10:23:39-05:00,2026-02-01,10,like,Likes and Favorites.Like List.ItemFavoriteList,https://www.tiktokv.com/share/video/7601700925257895199/,
2026-02-01 10:22:30-05:00,2026-02-01,10,like,Likes and Favorites.Like List.ItemFavoriteList,https://www.tiktokv.com/share/video/7600444222885481758/,
2026-02-01 05:12:28-05:00,2026-02-01,5,like,Likes and Favorites.Like List.ItemFavoriteList,https://www.tiktokv.com/share/video/7585158398103112982/,
2026-02-01 05:11:06-05:00,2026-02-01,5,like,Likes and Favorites.Like List.ItemFavoriteList,https://www.tiktokv.com/share/video/7598125781218315534/,
2026-02-01 05:04:19-05:00,2026-02-01,5,like,Likes and Favorites.Like List.ItemFavoriteList,https://www.tiktokv.com/share/video/7580805205378223390/,
2026-02-01 05:02:28-05:00,2026-02-01,5,like,Likes and Favorites.Like List.ItemFavoriteList,https://www.tiktokv.com/share/video/7584648883788139807/,
2026-02-01 04:57:34-05:00,2026-02-01,4,like,Likes and Favorites.Like List.ItemFavoriteList,https://www.tiktokv.com/share/video/7597960899663498527/,
2026-02-01 04:54:40-05:00,2026-02-01,4,like,Likes and Favorites.Like List.ItemFavoriteList,https://www.tiktokv.com/share/video/7600912542902340919/,
2026-02-01 04:49:39-05:00,2026-02-01,4,like,Likes and Favorites.Like List.ItemFavoriteList,https://www.tiktokv.com/share/video/7588638930602315021/,
2026-02-01 04:46:51-05:00,2026-02-01,4,like,Likes and Favorites.Like List.ItemFavoriteList,https://www.tiktokv.com/share/video/7585632076355915022/,
2026-02-01 04:43:01-05:00,2026-02-01,4,like,Likes and Favorites.Like List.ItemFavoriteList,https://www.tiktokv.com/share/video/7600812525235506445/,
2026-02-01 04:40:14-05:00,2026-02-01,4,like,Likes and Favorites.Like List.ItemFavoriteList,https://www.tiktokv.com/share/video/7599977636726656287/,
2026-02-01 02:40:51-05:00,2026-02-01,2,like,Likes and Favorites.Like List.ItemFavoriteList,https://www.tiktokv.com/share/video/7601093717939866902/,
2026-02-01 02:40:41-05:00,2026-02-01,2,like,Likes and Favorites.Like List.ItemFavoriteList,https://www.tiktokv.com/share/video/7600917949473443127/,
2026-02-01 02:39:34-05:00,2026-02-01,2,like,Likes and Favorites.Like List.ItemFavoriteList,https://www.tiktokv.com/share/video/7600193769836760351/,
2026-02-01 02:39:18-05:00,2026-02-01,2,like,Likes and Favorites.Like List.ItemFavoriteList,https://www.tiktokv.com/share/video/7600771070156721463/,
2026-01-31 23:38:07-05:00,2026-01-31,23,like,Likes and Favorites.Like List.ItemFavoriteList,https://www.tiktokv.com/share/video/7600956109314084126/,
2026-01-31 23:25:46-05:00,2026-01-31,23,like,Likes and Favorites.Like List.ItemFavoriteList,https://www.tiktokv.com/share/video/7600488849105636638/,
2026-01-31 23:24:37-05:00,2026-01-31,23,like,Likes and Favorites.Like List.ItemFavoriteList,https://www.tiktokv.com/share/video/7594643294169206071/,
2026-01-31 23:24:21-05:00,2026-01-31,23,like,Likes and Favorites.Like List.ItemFavoriteList,https://www.tiktokv.com/share/video/7595370597245308182/,
2026-01-31 23:24:11-05:00,2026-01-31,23,like,Likes and Favorites.Like List.ItemFavoriteList,https://www.tiktokv.com/share/video/7367203751305710890/,
2026-01-31 23:23:37-05:00,2026-01-31,23,like,Likes and Favorites.Like List.ItemFavoriteList,https://www.tiktokv.com/share/video/7574363383361801494/,
2026-01-31 23:23:30-05:00,2026-01-31,23,like,Likes and Favorites.Like List.ItemFavoriteList,https://www.tiktokv.com/share/video/7549630468770106638/,
2026-01-31 23:23:17-05:00,2026-01-31,23,like,Likes and Favorites.Like List.ItemFavoriteList,https://www.tiktokv.com/share/video/7538220902127914295/,
2026-01-31 23:23:05-05:00,2026-01-31,23,like,Likes and Favorites.Like List.ItemFavoriteList,https://www.tiktokv.com/share/video/7600932258979024142/,
2026-01-31 19:47:06-05:00,2026-01-31,19,like,Likes and Favorites.Like List.ItemFavoriteList,https://www.tiktokv.com/share/video/7485882423134276907/,
2026-01-31 19:45:59-05:00,2026-01-31,19,like,Likes and Favorites.Like List.ItemFavoriteList,https://www.tiktokv.com/share/video/7577919400502725901/,
2026-01-31 19:43:42-05:00,2026-01-31,19,like,Likes and Favorites.Like List.ItemFavoriteList,https://www.tiktokv.com/share/video/7601306433900023071/,
2026-01-31 19:42:21-05:00,2026-01-31,19,like,Likes and Favorites.Like List.ItemFavoriteList,https://www.tiktokv.com/share/video/7585775973711285518/,
2026-01-31 19:41:09-05:00,2026-01-31,19,like,Likes and Favorites.Like List.ItemFavoriteList,https://www.tiktokv.com/share/video/7601427137773473055/,
2026-01-31 19:40:43-05:00,2026-01-31,19,like,Likes and Favorites.Like List.ItemFavoriteList,https://www.tiktokv.com/share/video/7601289376571608333/,
2026-01-31 19:39:38-05:00,2026-01-31,19,like,Likes and Favorites.Like List.ItemFavoriteList,https://www.tiktokv.com/share/video/7601303706482576653/,
2026-01-31 19:39:05-05:00,2026-01-31,19,like,Likes and Favorites.Like List.ItemFavoriteList,https://www.tiktokv.com/share/video/7601257941479460126/,
2026-01-31 19:31:44-05:00,2026-01-31,19,like,Likes and Favorites.Like List.ItemFavoriteList,https://www.tiktokv.com/share/video/7600355468820761887/,
2026-01-31 17:11:25-05:00,2026-01-31,17,like,Likes and Favorites.Like List.ItemFavoriteList,https://www.tiktokv.com/share/video/7595679575330376982/,
2026-01-31 17:11:05-05:00,2026-01-31,17,like,Likes and Favorites.Like List.ItemFavoriteList,https://www.tiktokv.com/share/video/7600495012933111071/,
2026-01-31 17:10:44-05:00,2026-01-31,17,like,Likes and Favorites.Like List.ItemFavoriteList,https://www.tiktokv.com/share/video/7572791435884268814/,
2026-01-31 17:08:40-05:00,2026-01-31,17,like,Likes and Favorites.Like List.ItemFavoriteList,https://www.tiktokv.com/share/video/7593456907013098783/,
2026-01-31 17:08:09-05:00,2026-01-31,17,like,Likes and Favorites.Like List.ItemFavoriteList,https://www.tiktokv.com/share/video/7596487485228633366/,
2026-01-31 17:07:54-05:00,2026-01-31,17,like,Likes and Favorites.Like List.ItemFavoriteList,https://www.tiktokv.com/share/video/7593727965981150486/,
2026-01-31 17:04:51-05:00,2026-01-31,17,like,Likes and Favorites.Like List.ItemFavoriteList,https://www.tiktokv.com/share/video/7573039183388740871/,
2026-01-31 17:04:28-05:00,2026-01-31,17,like,Likes and Favorites.Like List.ItemFavoriteList,https://www.tiktokv.com/share/video/7600210108940832022/,
2026-01-31 17:03:08-05:00,2026-01-31,17,like,Likes and Favorites.Like List.ItemFavoriteList,https://www.tiktokv.com/share/video/7600918135905979679/,
2026-01-31 17:01:34-05:00,2026-01-31,17,like,Likes and Favorites.Like List.ItemFavoriteList,https://www.tiktokv.com/share/video/7598908593437494559/,
2026-01-31 17:00:50-05:00,2026-01-31,17,like,Likes and Favorites.Like List.ItemFavoriteList,https://www.tiktokv.com/share/video/7592014927984905502/,
2026-01-31 17:00:31-05:00,2026-01-31,17,like,Likes and Favorites.Like List.ItemFavoriteList,https://www.tiktokv.com/share/video/7599772357267344662/,
2026-01-31 17:00:04-05:00,2026-01-31,17,like,Likes and Favorites.Like List.ItemFavoriteList,https://www.tiktokv.com/share/video/7596556027227540791/,
2026-01-31 16:59:17-05:00,2026-01-31,16,like,Likes and Favorites.Like List.ItemFavoriteList,https://www.tiktokv.com/share/video/7599037794987543839/,
2026-01-31 16:12:47-05:00,2026-01-31,16,like,Likes and Favorites.Like List.ItemFavoriteList,https://www.tiktokv.com/share/video/7600203044118187295/,
2026-01-31 16:11:49-05:00,2026-01-31,16,like,Likes and Favorites.Like List.ItemFavoriteList,https://www.tiktokv.com/share/video/7598770349584502028/,
2026-01-31 14:28:11-05:00,2026-01-31,14,like,Likes and Favorites.Like List.ItemFavoriteList,https://www.tiktokv.com/share/video/7587317934351977750/,
2026-01-31 14:27:24-05:00,2026-01-31,14,like,Likes and Favorites.Like List.ItemFavoriteList,https://www.tiktokv.com/share/video/7601145472295767318/,
2026-01-31 14:24:31-05:00,2026-01-31,14,like,Likes and Favorites.Like List.ItemFavoriteList,https://www.tiktokv.com/share/video/7600680799184194847/,
2026-01-31 13:47:26-05:00,2026-01-31,13,like,Likes and Favorites.Like List.ItemFavoriteList,https://www.tiktokv.com/share/video/7601395854490094878/,
2026-01-31 13:46:37-05:00,2026-01-31,13,like,Likes and Favorites.Like List.ItemFavoriteList,https://www.tiktokv.com/share/video/7588727691436641567/,
2026-01-31 00:33:24-05:00,2026-01-31,0,like,Likes and Favorites.Like List.ItemFavoriteList,https://www.tiktokv.com/share/video/7601189837156142367/,
2026-01-31 00:32:46-05:00,2026-01-31,0,like,Likes and Favorites.Like List.ItemFavoriteList,https://www.tiktokv.com/share/video/7600423653628595487/,
2026-01-31 00:32:26-05:00,2026-01-31,0,like,Likes and Favorites.Like List.ItemFavoriteList,https://www.tiktokv.com/share/video/7600046622218767647/,
2026-01-31 00:23:23-05:00,2026-01-31,0,like,Likes and Favorites.Like List.ItemFavoriteList,https://www.tiktokv.com/share/video/7598957892003253559/,
2026-01-30 23:59:34-05:00,2026-01-30,23,like,Likes and Favorites.Like List.ItemFavoriteList,https://www.tiktokv.com/share/video/7568668419373960462/,
2026-01-30 23:47:36-05:00,2026-01-30,23,like,Likes and Favorites.Like List.ItemFavoriteList,https://www.tiktokv.com/share/video/7599127928898653495/,
2026-01-30 22:53:24-05:00,2026-01-30,22,like,Likes and Favorites.Like List.ItemFavoriteList,https://www.tiktokv.com/share/video/7589712752919186718/,
2026-01-30 22:30:21-05:00,2026-01-30,22,like,Likes and Favorites.Like List.ItemFavoriteList,https://www.tiktokv.com/share/video/7599061392150285582/,
2026-01-30 22:03:33-05:00,2026-01-30,22,like,Likes and Favorites.Like List.ItemFavoriteList,https://www.tiktokv.com/share/video/7600344075723689246/,
2026-01-30 21:46:28-05:00,2026-01-30,21,like,Likes and Favorites.Like List.ItemFavoriteList,https://www.tiktokv.com/share/video/7599657954215841046/,
2026-01-30 21:42:38-05:00,2026-01-30,21,like,Likes and Favorites.Like List.ItemFavoriteList,https://www.tiktokv.com/share/video/7589440264029146390/,
2026-01-30 21:42:07-05:00,2026-01-30,21,like,Likes and Favorites.Like List.ItemFavoriteList,https://www.tiktokv.com/share/video/7598634425135615254/,
2026-01-30 21:39:42-05:00,2026-01-30,21,like,Likes and Favorites.Like List.ItemFavoriteList,https://www.tiktokv.com/share/video/7600110465682771230/,
2026-01-30 19:02:51-05:00,2026-01-30,19,like,Likes and Favorites.Like List.ItemFavoriteList,https://www.tiktokv.com/share/video/7600322140339981598/,
2026-01-30 19:00:20-05:00,2026-01-30,19,like,Likes and Favorites.Like List.ItemFavoriteList,https://www.tiktokv.com/share/video/7594582319416003870/,
2026-01-30 18:58:45-05:00,2026-01-30,18,like,Likes and Favorites.Like List.ItemFavoriteList,https://www.tiktokv.com/share/video/7554210086508416287/,
2026-01-30 18:57:45-05:00,2026-01-30,18,like,Likes and Favorites.Like List.ItemFavoriteList,https://www.tiktokv.com/share/video/7590810629301095735/,
2026-01-30 18:56:04-05:00,2026-01-30,18,like,Likes and Favorites.Like List.ItemFavoriteList,https://www.tiktokv.com/share/video/7598487068091714871/,
2026-01-30 17:59:01-05:00,2026-01-30,17,like,Likes and Favorites.Like List.ItemFavoriteList,https://www.tiktokv.com/share/video/7592012755964644616/,
2026-01-30 17:58:24-05:00,2026-01-30,17,like,Likes and Favorites.Like List.ItemFavoriteList,https://www.tiktokv.com/share/video/7592126796556979463/,
2026-01-30 17:51:24-05:00,2026-01-30,17,like,Likes and Favorites.Like List.ItemFavoriteList,https://www.tiktokv.com/share/video/7591836423548833042/,
2026-01-30 17:51:00-05:00,2026-01-30,17,like,Likes and Favorites.Like List.ItemFavoriteList,https://www.tiktokv.com/share/video/7588777902368509239/,
2026-01-30 17:50:00-05:00,2026-01-30,17,like,Likes and Favorites.Like List.ItemFavoriteList,https://www.tiktokv.com/share/video/7598778777958714654/,
2026-01-30 17:45:00-05:00,2026-01-30,17,like,Likes and Favorites.Like List.ItemFavoriteList,https://www.tiktokv.com/share/video/7570100009224375566/,
2026-01-30 14:26:37-05:00,2026-01-30,14,like,Likes and Favorites.Like List.ItemFavoriteList,https://www.tiktokv.com/share/video/7600428674634108191/,
2026-01-30 14:26:21-05:00,2026-01-30,14,like,Likes and Favorites.Like List.ItemFavoriteList,https://www.tiktokv.com/share/video/7594247355046710583/,
2026-01-30 14:24:17-05:00,2026-01-30,14,like,Likes and Favorites.Like List.ItemFavoriteList,https://www.tiktokv.com/share/video/7596237620858998029/,
2026-01-30 14:22:39-05:00,2026-01-30,14,like,Likes and Favorites.Like List.ItemFavoriteList,https://www.tiktokv.com/share/video/7588739228444396830/,
2026-01-30 14:22:14-05:00,2026-01-30,14,like,Likes and Favorites.Like List.ItemFavoriteList,https://www.tiktokv.com/share/video/7596795613384166678/,
2026-01-30 14:22:00-05:00,2026-01-30,14,like,Likes and Favorites.Like List.ItemFavoriteList,https://www.tiktokv.com/share/video/7600814353788587294/,
2026-01-30 14:21:53-05:00,2026-01-30,14,like,Likes and Favorites.Like List.ItemFavoriteList,https://www.tiktokv.com/share/video/7600195665565633822/,
2026-01-30 14:21:19-05:00,2026-01-30,14,like,Likes and Favorites.Like List.ItemFavoriteList,https://www.tiktokv.com/share/video/7599129057887817015/,
2026-01-30 14:18:20-05:00,2026-01-30,14,like,Likes and Favorites.Like List.ItemFavoriteList,https://www.tiktokv.com/share/video/7264159016958332203/,
2026-01-30 14:17:47-05:00,2026-01-30,14,like,Likes and Favorites.Like List.ItemFavoriteList,https://www.tiktokv.com/share/video/7592932640504761608/,
2026-01-30 14:17:01-05:00,2026-01-30,14,like,Likes and Favorites.Like List.ItemFavoriteList,https://www.tiktokv.com/share/video/7583049833481538838/,
2026-01-30 14:15:56-05:00,2026-01-30,14,like,Likes and Favorites.Like List.ItemFavoriteList,https://www.tiktokv.com/share/video/7600932252310080781/,
2026-01-30 14:14:32-05:00,2026-01-30,14,like,Likes and Favorites.Like List.ItemFavoriteList,https://www.tiktokv.com/share/video/7595731035460062478/,
2026-01-30 14:14:13-05:00,2026-01-30,14,like,Likes and Favorites.Like List.ItemFavoriteList,https://www.tiktokv.com/share/video/7599750013014527262/,
2026-01-30 14:13:33-05:00,2026-01-30,14,like,Likes and Favorites.Like List.ItemFavoriteList,https://www.tiktokv.com/share/video/7558966846838426902/,
2026-01-30 14:11:33-05:00,2026-01-30,14,like,Likes and Favorites.Like List.ItemFavoriteList,https://www.tiktokv.com/share/video/7571916537347575054/,
2026-01-30 14:10:23-05:00,2026-01-30,14,like,Likes and Favorites.Like List.ItemFavoriteList,https://www.tiktokv.com/share/video/7598460180321291536/,
2026-01-30 14:09:50-05:00,2026-01-30,14,like,Likes and Favorites.Like List.ItemFavoriteList,https://www.tiktokv.com/share/video/7600631380854246676/,
2026-01-30 14:09:26-05:00,2026-01-30,14,like,Likes and Favorites.Like List.ItemFavoriteList,https://www.tiktokv.com/share/video/7579593298868817182/,
2026-01-30 14:09:06-05:00,2026-01-30,14,like,Likes and Favorites.Like List.ItemFavoriteList,https://www.tiktokv.com/share/video/7598405582273449247/,
2026-01-30 14:08:59-05:00,2026-01-30,14,like,Likes and Favorites.Like List.ItemFavoriteList,https://www.tiktokv.com/share/video/7178216342061944110/,
2026-01-30 14:07:44-05:00,2026-01-30,14,like,Likes and Favorites.Like List.ItemFavoriteList,https://www.tiktokv.com/share/video/7176822714613681451/,
2026-01-30 14:07:34-05:00,2026-01-30,14,like,Likes and Favorites.Like List.ItemFavoriteList,https://www.tiktokv.com/share/video/7185340113092611370/,
2026-01-30 14:06:56-05:00,2026-01-30,14,like,Likes and Favorites.Like List.ItemFavoriteList,https://www.tiktokv.com/share/video/7598677270772976926/,
2026-01-30 14:06:49-05:00,2026-01-30,14,like,Likes and Favorites.Like List.ItemFavoriteList,https://www.tiktokv.com/share/video/7600960487592856862/,
2026-01-30 13:37:03-05:00,2026-01-30,13,like,Likes and Favorites.Like List.ItemFavoriteList,https://www.tiktokv.com/share/video/7600509497416764727/,
2026-01-30 13:36:48-05:00,2026-01-30,13,like,Likes and Favorites.Like List.ItemFavoriteList,https://www.tiktokv.com/share/video/7583957281948192055/,
2026-01-30 13:36:37-05:00,2026-01-30,13,like,Likes and Favorites.Like List.ItemFavoriteList,https://www.tiktokv.com/share/video/7593884365130616095/,
2026-01-30 13:35:30-05:00,2026-01-30,13,like,Likes and Favorites.Like List.ItemFavoriteList,https://www.tiktokv.com/share/video/7597632227953904927/,
2026-01-30 13:34:54-05:00,2026-01-30,13,like,Likes and Favorites.Like List.ItemFavoriteList,https://www.tiktokv.com/share/video/7596496166901124365/,
2026-01-30 13:33:57-05:00,2026-01-30,13,like,Likes and Favorites.Like List.ItemFavoriteList,https://www.tiktokv.com/share/video/7600202191923629342/,
2026-01-30 13:28:07-05:00,2026-01-30,13,like,Likes and Favorites.Like List.ItemFavoriteList,https://www.tiktokv.com/share/video/7601081022528212255/,
2026-01-30 13:27:22-05:00,2026-01-30,13,like,Likes and Favorites.Like List.ItemFavoriteList,https://www.tiktokv.com/share/video/7599803664907144478/,
2026-01-30 13:27:03-05:00,2026-01-30,13,like,Likes and Favorites.Like List.ItemFavoriteList,https://www.tiktokv.com/share/video/7594562865491643703/,
2026-01-30 04:56:24-05:00,2026-01-30,4,like,Likes and Favorites.Like List.ItemFavoriteList,https://www.tiktokv.com/share/video/7599067751877070110/,
2026-01-30 04:55:33-05:00,2026-01-30,4,like,Likes and Favorites.Like List.ItemFavoriteList,https://www.tiktokv.com/share/video/7596830705976462610/,
2026-01-30 04:54:24-05:00,2026-01-30,4,like,Likes and Favorites.Like List.ItemFavoriteList,https://www.tiktokv.com/share/video/7578309374129540383/,
2026-01-30 04:52:00-05:00,2026-01-30,4,like,Likes and Favorites.Like List.ItemFavoriteList,https://www.tiktokv.com/share/video/7600893621562314014/,
2026-01-30 02:07:58-05:00,2026-01-30,2,like,Likes and Favorites.Like List.ItemFavoriteList,https://www.tiktokv.com/share/video/7578598971464011022/,
2026-01-30 02:07:17-05:00,2026-01-30,2,like,Likes and Favorites.Like List.ItemFavoriteList,https://www.tiktokv.com/share/video/7600139690133654807/,
2026-01-30 02:03:59-05:00,2026-01-30,2,like,Likes and Favorites.Like List.ItemFavoriteList,https://www.tiktokv.com/share/video/7582634074859113741/,
2026-01-30 02:03:54-05:00,2026-01-30,2,like,Likes and Favorites.Like List.ItemFavoriteList,https://www.tiktokv.com/share/video/7600897818500386103/,
2026-01-30 02:03:02-05:00,2026-01-30,2,like,Likes and Favorites.Like List.ItemFavoriteList,https://www.tiktokv.com/share/video/7600504224463457591/,
2026-01-30 00:44:58-05:00,2026-01-30,0,like,Likes and Favorites.Like List.ItemFavoriteList,https://www.tiktokv.com/share/video/7599357891606236446/,
2026-01-30 00:42:07-05:00,2026-01-30,0,like,Likes and Favorites.Like List.ItemFavoriteList,https://www.tiktokv.com/share/video/7600878759943752991/,
2026-01-30 00:29:46-05:00,2026-01-30,0,like,Likes and Favorites.Like List.ItemFavoriteList,https://www.tiktokv.com/share/video/7599141968849014029/,
2026-01-30 00:29:27-05:00,2026-01-30,0,like,Likes and Favorites.Like List.ItemFavoriteList,https://www.tiktokv.com/share/video/7600711525086661906/,
2026-01-30 00:29:04-05:00,2026-01-30,0,like,Likes and Favorites.Like List.ItemFavoriteList,https://www.tiktokv.com/share/video/7600188356126936351/,
2026-01-29 22:55:25-05:00,2026-01-29,22,like,Likes and Favorites.Like List.ItemFavoriteList,https://www.tiktokv.com/share/video/7598312600018914615/,
2026-01-29 21:42:52-05:00,2026-01-29,21,like,Likes and Favorites.Like List.ItemFavoriteList,https://www.tiktokv.com/share/video/7600534354711940365/,
2026-01-29 21:39:06-05:00,2026-01-29,21,like,Likes and Favorites.Like List.ItemFavoriteList,https://www.tiktokv.com/share/video/7502501544789724462/,
2026-01-29 21:37:35-05:00,2026-01-29,21,like,Likes and Favorites.Like List.ItemFavoriteList,https://www.tiktokv.com/share/video/7600241665973996830/,
2026-01-29 21:35:24-05:00,2026-01-29,21,like,Likes and Favorites.Like List.ItemFavoriteList,https://www.tiktokv.com/share/video/7281772407222816043/,
2026-01-29 21:35:02-05:00,2026-01-29,21,like,Likes and Favorites.Like List.ItemFavoriteList,https://www.tiktokv.com/share/video/7560761241346657550/,
2026-01-29 21:33:58-05:00,2026-01-29,21,like,Likes and Favorites.Like List.ItemFavoriteList,https://www.tiktokv.com/share/video/7344506180003269934/,
2026-01-29 21:32:00-05:00,2026-01-29,21,like,Likes and Favorites.Like List.ItemFavoriteList,https://www.tiktokv.com/share/video/7574847696469495070/,
2026-01-29 21:29:49-05:00,2026-01-29,21,like,Likes and Favorites.Like List.ItemFavoriteList,https://www.tiktokv.com/share/video/7325677108125044014/,
2026-01-29 21:29:25-05:00,2026-01-29,21,like,Likes and Favorites.Like List.ItemFavoriteList,https://www.tiktokv.com/share/video/7420316017445981471/,
2026-01-29 21:27:20-05:00,2026-01-29,21,like,Likes and Favorites.Like List.ItemFavoriteList,https://www.tiktokv.com/share/video/7315149962923248939/,
2026-01-29 21:26:07-05:00,2026-01-29,21,like,Likes and Favorites.Like List.ItemFavoriteList,https://www.tiktokv.com/share/video/7575292556792139038/,
2026-01-29 21:25:49-05:00,2026-01-29,21,like,Likes and Favorites.Like List.ItemFavoriteList,https://www.tiktokv.com/share/video/7600225128672136478/,
2026-01-29 20:43:28-05:00,2026-01-29,20,like,Likes and Favorites.Like List.ItemFavoriteList,https://www.tiktokv.com/share/video/7595572690149199126/,
2026-01-29 20:42:47-05:00,2026-01-29,20,like,Likes and Favorites.Like List.ItemFavoriteList,https://www.tiktokv.com/share/video/7598547017173912862/,
2026-01-29 20:40:30-05:00,2026-01-29,20,like,Likes and Favorites.Like List.ItemFavoriteList,https://www.tiktokv.com/share/video/7598734274388430100/,
2026-01-29 20:38:03-05:00,2026-01-29,20,like,Likes and Favorites.Like List.ItemFavoriteList,https://www.tiktokv.com/share/video/7600218955751460127/,
2026-01-29 20:26:45-05:00,2026-01-29,20,like,Likes and Favorites.Like List.ItemFavoriteList,https://www.tiktokv.com/share/video/7597237499332693279/,
2026-01-29 20:26:04-05:00,2026-01-29,20,like,Likes and Favorites.Like List.ItemFavoriteList,https://www.tiktokv.com/share/video/7574937792078171406/,
2026-01-29 20:25:00-05:00,2026-01-29,20,like,Likes and Favorites.Like List.ItemFavoriteList,https://www.tiktokv.com/share/video/7600759526417108255/,
2026-01-29 20:24:23-05:00,2026-01-29,20,like,Likes and Favorites.Like List.ItemFavoriteList,https://www.tiktokv.com/share/video/7599926102085160223/,
2026-01-29 20:23:24-05:00,2026-01-29,20,like,Likes and Favorites.Like List.ItemFavoriteList,https://www.tiktokv.com/share/video/7597347331381447949/,
2026-01-29 20:23:04-05:00,2026-01-29,20,like,Likes and Favorites.Like List.ItemFavoriteList,https://www.tiktokv.com/share/video/7600756722738810125/,
2026-01-29 20:22:28-05:00,2026-01-29,20,like,Likes and Favorites.Like List.ItemFavoriteList,https://www.tiktokv.com/share/video/7599099896653696269/,
2026-01-29 20:21:41-05:00,2026-01-29,20,like,Likes and Favorites.Like List.ItemFavoriteList,https://www.tiktokv.com/share/video/7599901685577796895/,
2026-01-29 20:20:40-05:00,2026-01-29,20,like,Likes and Favorites.Like List.ItemFavoriteList,https://www.tiktokv.com/share/video/7599039733259341070/,
2026-01-29 20:19:26-05:00,2026-01-29,20,like,Likes and Favorites.Like List.ItemFavoriteList,https://www.tiktokv.com/share/video/7600542500226338078/,
2026-01-29 20:18:09-05:00,2026-01-29,20,like,Likes and Favorites.Like List.ItemFavoriteList,https://www.tiktokv.com/share/video/7600211260499692831/,
2026-01-29 20:15:15-05:00,2026-01-29,20,like,Likes and Favorites.Like List.ItemFavoriteList,https://www.tiktokv.com/share/video/7600462458054003981/,
2026-01-29 20:14:32-05:00,2026-01-29,20,like,Likes and Favorites.Like List.ItemFavoriteList,https://www.tiktokv.com/share/video/7397327104720817451/,
2026-01-29 20:14:04-05:00,2026-01-29,20,like,Likes and Favorites.Like List.ItemFavoriteList,https://www.tiktokv.com/share/video/7458738785568705810/,
2026-01-29 20:12:46-05:00,2026-01-29,20,like,Likes and Favorites.Like List.ItemFavoriteList,https://www.tiktokv.com/share/video/7600453249476414750/,
2026-01-29 18:21:18-05:00,2026-01-29,18,like,Likes and Favorites.Like List.ItemFavoriteList,https://www.tiktokv.com/share/video/7600319292843871518/,
2026-01-29 18:19:40-05:00,2026-01-29,18,like,Likes and Favorites.Like List.ItemFavoriteList,https://www.tiktokv.com/share/video/7600175594336292118/,
2026-01-29 18:18:58-05:00,2026-01-29,18,like,Likes and Favorites.Like List.ItemFavoriteList,https://www.tiktokv.com/share/video/7598000179890982175/,
2026-01-29 18:18:12-05:00,2026-01-29,18,like,Likes and Favorites.Like List.ItemFavoriteList,https://www.tiktokv.com/share/video/7600452389711203614/,
2026-01-29 18:17:04-05:00,2026-01-29,18,like,Likes and Favorites.Like List.ItemFavoriteList,https://www.tiktokv.com/share/video/7600489044685966647/,
2026-01-29 18:14:30-05:00,2026-01-29,18,like,Likes and Favorites.Like List.ItemFavoriteList,https://www.tiktokv.com/share/video/7600510133805845790/,
2026-01-29 18:13:07-05:00,2026-01-29,18,like,Likes and Favorites.Like List.ItemFavoriteList,https://www.tiktokv.com/share/video/7600028979365416222/,
2026-01-29 10:19:22-05:00,2026-01-29,10,like,Likes and Favorites.Like List.ItemFavoriteList,https://www.tiktokv.com/share/video/7598938152719404310/,
2026-01-29 10:17:20-05:00,2026-01-29,10,like,Likes and Favorites.Like List.ItemFavoriteList,https://www.tiktokv.com/share/video/7590251601793649951/,
2026-01-29 10:16:01-05:00,2026-01-29,10,like,Likes and Favorites.Like List.ItemFavoriteList,https://www.tiktokv.com/share/video/7584191191349005599/,
2026-01-29 10:15:42-05:00,2026-01-29,10,like,Likes and Favorites.Like List.ItemFavoriteList,https://www.tiktokv.com/share/video/7600444646925356318/,
2026-01-29 10:15:09-05:00,2026-01-29,10,like,Likes and Favorites.Like List.ItemFavoriteList,https://www.tiktokv.com/share/video/7600568792212704543/,
2026-01-29 10:11:40-05:00,2026-01-29,10,like,Likes and Favorites.Like List.ItemFavoriteList,https://www.tiktokv.com/share/video/7598268346949356855/,
2026-01-28 17:03:59-05:00,2026-01-28,17,like,Likes and Favorites.Like List.ItemFavoriteList,https://www.tiktokv.com/share/video/7586449246727998733/,
2026-01-28 17:02:41-05:00,2026-01-28,17,like,Likes and Favorites.Like List.ItemFavoriteList,https://www.tiktokv.com/share/video/7595811088701164830/,
2026-01-28 17:02:36-05:00,2026-01-28,17,like,Likes and Favorites.Like List.ItemFavoriteList,https://www.tiktokv.com/share/video/7594707778602683678/,
2026-01-28 17:00:59-05:00,2026-01-28,17,like,Likes and Favorites.Like List.ItemFavoriteList,https://www.tiktokv.com/share/video/7598334929692364046/,
2026-01-28 16:59:22-05:00,2026-01-28,16,like,Likes and Favorites.Like List.ItemFavoriteList,https://www.tiktokv.com/share/video/7581502145741065485/,
2026-01-28 16:57:14-05:00,2026-01-28,16,like,Likes and Favorites.Like List.ItemFavoriteList,https://www.tiktokv.com/share/video/7599129349098327310/,
2026-01-28 16:57:01-05:00,2026-01-28,16,like,Likes and Favorites.Like List.ItemFavoriteList,https://www.tiktokv.com/share/video/7600174940628733214/,
2026-01-28 16:56:47-05:00,2026-01-28,16,like,Likes and Favorites.Like List.ItemFavoriteList,https://www.tiktokv.com/share/video/7582269120083676447/,
2026-01-28 16:56:28-05:00,2026-01-28,16,like,Likes and Favorites.Like List.ItemFavoriteList,https://www.tiktokv.com/share/video/7305606636926733599/,
2026-01-28 16:55:50-05:00,2026-01-28,16,like,Likes and Favorites.Like List.ItemFavoriteList,https://www.tiktokv.com/share/video/7597578993738452254/,
2026-01-28 14:56:31-05:00,2026-01-28,14,like,Likes and Favorites.Like List.ItemFavoriteList,https://www.tiktokv.com/share/video/7598067211600760095/,
2026-01-28 14:55:49-05:00,2026-01-28,14,like,Likes and Favorites.Like List.ItemFavoriteList,https://www.tiktokv.com/share/video/7593426848252562702/,
2026-01-28 04:56:42-05:00,2026-01-28,4,like,Likes and Favorites.Like List.ItemFavoriteList,https://www.tiktokv.com/share/video/7597199043349073165/,
2026-01-28 04:52:14-05:00,2026-01-28,4,like,Likes and Favorites.Like List.ItemFavoriteList,https://www.tiktokv.com/share/video/7587533304669244727/,
2026-01-28 04:50:19-05:00,2026-01-28,4,like,Likes and Favorites.Like List.ItemFavoriteList,https://www.tiktokv.com/share/video/7590865313416137997/,
2026-01-28 04:49:46-05:00,2026-01-28,4,like,Likes and Favorites.Like List.ItemFavoriteList,https://www.tiktokv.com/share/video/7578623175253167390/,
2026-01-28 04:47:34-05:00,2026-01-28,4,like,Likes and Favorites.Like List.ItemFavoriteList,https://www.tiktokv.com/share/video/7597604842244279583/,
2026-01-28 04:42:52-05:00,2026-01-28,4,like,Likes and Favorites.Like List.ItemFavoriteList,https://www.tiktokv.com/share/video/7592385908490456334/,
2026-01-28 04:38:47-05:00,2026-01-28,4,like,Likes and Favorites.Like List.ItemFavoriteList,https://www.tiktokv.com/share/video/7596495356699921694/,
2026-01-28 04:35:20-05:00,2026-01-28,4,like,Likes and Favorites.Like List.ItemFavoriteList,https://www.tiktokv.com/share/video/7594118243262926135/,
2026-01-28 04:34:54-05:00,2026-01-28,4,like,Likes and Favorites.Like List.ItemFavoriteList,https://www.tiktokv.com/share/video/7580906433537936671/,
2026-01-28 04:31:48-05:00,2026-01-28,4,like,Likes and Favorites.Like List.ItemFavoriteList,https://www.tiktokv.com/share/video/7578483686522342676/,
2026-01-28 04:30:26-05:00,2026-01-28,4,like,Likes and Favorites.Like List.ItemFavoriteList,https://www.tiktokv.com/share/video/7591919429844274462/,
2026-01-28 04:28:19-05:00,2026-01-28,4,like,Likes and Favorites.Like List.ItemFavoriteList,https://www.tiktokv.com/share/video/7598691821954354445/,
2026-01-28 04:26:34-05:00,2026-01-28,4,like,Likes and Favorites.Like List.ItemFavoriteList,https://www.tiktokv.com/share/video/7592712208048557343/,
2026-01-28 04:22:11-05:00,2026-01-28,4,like,Likes and Favorites.Like List.ItemFavoriteList,https://www.tiktokv.com/share/video/7599685802872032515/,
2026-01-28 04:21:32-05:00,2026-01-28,4,like,Likes and Favorites.Like List.ItemFavoriteList,https://www.tiktokv.com/share/video/7586123429095410966/,
2026-01-28 04:20:14-05:00,2026-01-28,4,like,Likes and Favorites.Like List.ItemFavoriteList,https://www.tiktokv.com/share/video/7594989537504382263/,
2026-01-28 04:17:35-05:00,2026-01-28,4,like,Likes and Favorites.Like List.ItemFavoriteList,https://www.tiktokv.com/share/video/7595360335821917453/,
2026-01-28 04:16:38-05:00,2026-01-28,4,like,Likes and Favorites.Like List.ItemFavoriteList,https://www.tiktokv.com/share/video/7272170840614096171/,
2026-01-28 04:15:20-05:00,2026-01-28,4,like,Likes and Favorites.Like List.ItemFavoriteList,https://www.tiktokv.com/share/video/7515871230814276910/,
2026-01-28 04:15:01-05:00,2026-01-28,4,like,Likes and Favorites.Like List.ItemFavoriteList,https://www.tiktokv.com/share/video/7168474261194067242/,
2026-01-28 04:14:26-05:00,2026-01-28,4,like,Likes and Favorites.Like List.ItemFavoriteList,https://www.tiktokv.com/share/video/7598597692331281678/,
2026-01-28 04:12:10-05:00,2026-01-28,4,like,Likes and Favorites.Like List.ItemFavoriteList,https://www.tiktokv.com/share/video/7598997893554425110/,
2026-01-28 04:10:23-05:00,2026-01-28,4,like,Likes and Favorites.Like List.ItemFavoriteList,https://www.tiktokv.com/share/video/7599722593465142550/,
2026-01-28 04:10:12-05:00,2026-01-28,4,like,Likes and Favorites.Like List.ItemFavoriteList,https://www.tiktokv.com/share/video/7600230250445917471/,
2026-01-28 04:08:18-05:00,2026-01-28,4,like,Likes and Favorites.Like List.ItemFavoriteList,https://www.tiktokv.com/share/video/7599024616270515470/,
2026-01-28 04:05:36-05:00,2026-01-28,4,like,Likes and Favorites.Like List.ItemFavoriteList,https://www.tiktokv.com/share/video/7567531107923594518/,
2026-01-28 04:04:23-05:00,2026-01-28,4,like,Likes and Favorites.Like List.ItemFavoriteList,https://www.tiktokv.com/share/video/7598969928137362718/,
2026-01-28 02:50:07-05:00,2026-01-28,2,like,Likes and Favorites.Like List.ItemFavoriteList,https://www.tiktokv.com/share/video/7595290527646387486/,
2026-01-28 01:32:07-05:00,2026-01-28,1,like,Likes and Favorites.Like List.ItemFavoriteList,https://www.tiktokv.com/share/video/7583965657838947597/,
2026-01-27 23:24:18-05:00,2026-01-27,23,like,Likes and Favorites.Like List.ItemFavoriteList,https://www.tiktokv.com/share/video/7590818575523286285/,
2026-01-27 22:09:31-05:00,2026-01-27,22,like,Likes and Favorites.Like List.ItemFavoriteList,https://www.tiktokv.com/share/video/7598739996136262925/,
2026-01-27 22:08:35-05:00,2026-01-27,22,like,Likes and Favorites.Like List.ItemFavoriteList,https://www.tiktokv.com/share/video/7587465565044739345/,
2026-01-27 22:08:09-05:00,2026-01-27,22,like,Likes and Favorites.Like List.ItemFavoriteList,https://www.tiktokv.com/share/video/7590943225142168887/,
2026-01-27 22:07:43-05:00,2026-01-27,22,like,Likes and Favorites.Like List.ItemFavoriteList,https://www.tiktokv.com/share/video/7586890824944848158/,
2026-01-27 22:07:25-05:00,2026-01-27,22,like,Likes and Favorites.Like List.ItemFavoriteList,https://www.tiktokv.com/share/video/7599680823490628894/,
2026-01-27 22:07:10-05:00,2026-01-27,22,like,Likes and Favorites.Like List.ItemFavoriteList,https://www.tiktokv.com/share/video/7191588586104425729/,
2026-01-27 18:06:05-05:00,2026-01-27,18,like,Likes and Favorites.Like List.ItemFavoriteList,https://www.tiktokv.com/share/video/7590849776170618143/,
2026-01-27 15:18:59-05:00,2026-01-27,15,like,Likes and Favorites.Like List.ItemFavoriteList,https://www.tiktokv.com/share/video/7599124462788693262/,
2026-01-27 15:17:54-05:00,2026-01-27,15,like,Likes and Favorites.Like List.ItemFavoriteList,https://www.tiktokv.com/share/video/7589461137863740703/,
2026-01-27 15:17:44-05:00,2026-01-27,15,like,Likes and Favorites.Like List.ItemFavoriteList,https://www.tiktokv.com/share/video/7591199459472690487/,
2026-01-27 14:36:24-05:00,2026-01-27,14,like,Likes and Favorites.Like List.ItemFavoriteList,https://www.tiktokv.com/share/video/7583482078449257783/,
2026-01-27 14:36:16-05:00,2026-01-27,14,like,Likes and Favorites.Like List.ItemFavoriteList,https://www.tiktokv.com/share/video/7599171763490098445/,
2026-01-27 14:31:15-05:00,2026-01-27,14,like,Likes and Favorites.Like List.ItemFavoriteList,https://www.tiktokv.com/share/video/7598336197382966558/,
2026-01-27 12:49:32-05:00,2026-01-27,12,like,Likes and Favorites.Like List.ItemFavoriteList,https://www.tiktokv.com/share/video/7599463005612444958/,
2026-01-27 12:46:49-05:00,2026-01-27,12,like,Likes and Favorites.Like List.ItemFavoriteList,https://www.tiktokv.com/share/video/7598771843624979743/,
2026-01-27 12:46:05-05:00,2026-01-27,12,like,Likes and Favorites.Like List.ItemFavoriteList,https://www.tiktokv.com/share/video/7590110001562242335/,
2026-01-27 12:43:42-05:00,2026-01-27,12,like,Likes and Favorites.Like List.ItemFavoriteList,https://www.tiktokv.com/share/video/7596005149684911374/,
2026-01-27 12:33:09-05:00,2026-01-27,12,like,Likes and Favorites.Like List.ItemFavoriteList,https://www.tiktokv.com/share/video/7598305563197426974/,
2026-01-27 12:28:04-05:00,2026-01-27,12,like,Likes and Favorites.Like List.ItemFavoriteList,https://www.tiktokv.com/share/video/7599783310239304990/,
2026-01-27 03:33:14-05:00,2026-01-27,3,like,Likes and Favorites.Like List.ItemFavoriteList,https://www.tiktokv.com/share/video/7574630611239947575/,
2026-01-27 03:30:20-05:00,2026-01-27,3,like,Likes and Favorites.Like List.ItemFavoriteList,https://www.tiktokv.com/share/video/7574276681016429879/,
2026-01-27 03:24:05-05:00,2026-01-27,3,like,Likes and Favorites.Like List.ItemFavoriteList,https://www.tiktokv.com/share/video/7574275876854992183/,
2026-01-27 02:50:57-05:00,2026-01-27,2,like,Likes and Favorites.Like List.ItemFavoriteList,https://www.tiktokv.com/share/video/7592374786458783031/,
2026-01-27 02:49:13-05:00,2026-01-27,2,like,Likes and Favorites.Like List.ItemFavoriteList,https://www.tiktokv.com/share/video/7598673879946579255/,
2026-01-27 02:43:58-05:00,2026-01-27,2,like,Likes and Favorites.Like List.ItemFavoriteList,https://www.tiktokv.com/share/video/7595982780765424907/,
2026-01-27 02:43:34-05:00,2026-01-27,2,like,Likes and Favorites.Like List.ItemFavoriteList,https://www.tiktokv.com/share/video/7597229323191455031/,
2026-01-27 02:42:56-05:00,2026-01-27,2,like,Likes and Favorites.Like List.ItemFavoriteList,https://www.tiktokv.com/share/video/7597960147473812791/,
2026-01-27 02:41:25-05:00,2026-01-27,2,like,Likes and Favorites.Like List.ItemFavoriteList,https://www.tiktokv.com/share/video/7598200343301770518/,
2026-01-27 02:39:36-05:00,2026-01-27,2,like,Likes and Favorites.Like List.ItemFavoriteList,https://www.tiktokv.com/share/video/7581183941017685270/,
2026-01-27 02:39:24-05:00,2026-01-27,2,like,Likes and Favorites.Like List.ItemFavoriteList,https://www.tiktokv.com/share/video/7599068851950652685/,
2026-01-27 02:09:22-05:00,2026-01-27,2,like,Likes and Favorites.Like List.ItemFavoriteList,https://www.tiktokv.com/share/video/7597575946782117131/,
2026-01-27 01:52:38-05:00,2026-01-27,1,like,Likes and Favorites.Like List.ItemFavoriteList,https://www.tiktokv.com/share/video/7236027931464748334/,
2026-01-27 01:16:05-05:00,2026-01-27,1,like,Likes and Favorites.Like List.ItemFavoriteList,https://www.tiktokv.com/share/video/7597653504991218999/,
2026-01-27 01:15:51-05:00,2026-01-27,1,like,Likes and Favorites.Like List.ItemFavoriteList,https://www.tiktokv.com/share/video/7590118152994819358/,
2026-01-27 01:15:11-05:00,2026-01-27,1,like,Likes and Favorites.Like List.ItemFavoriteList,https://www.tiktokv.com/share/video/7578096715387899168/,
2026-01-27 01:14:52-05:00,2026-01-27,1,like,Likes and Favorites.Like List.ItemFavoriteList,https://www.tiktokv.com/share/video/7597569277390064909/,
2026-01-27 01:13:31-05:00,2026-01-27,1,like,Likes and Favorites.Like List.ItemFavoriteList,https://www.tiktokv.com/share/video/7586632547350711566/,
2026-01-27 01:12:45-05:00,2026-01-27,1,like,Likes and Favorites.Like List.ItemFavoriteList,https://www.tiktokv.com/share/video/7589263138894236950/,
2026-01-27 01:10:29-05:00,2026-01-27,1,like,Likes and Favorites.Like List.ItemFavoriteList,https://www.tiktokv.com/share/video/7589172376286285069/,
2026-01-27 01:09:44-05:00,2026-01-27,1,like,Likes and Favorites.Like List.ItemFavoriteList,https://www.tiktokv.com/share/video/7598413904900787486/,
2026-01-27 01:08:22-05:00,2026-01-27,1,like,Likes and Favorites.Like List.ItemFavoriteList,https://www.tiktokv.com/share/video/7589397044381437197/,
2026-01-27 01:07:26-05:00,2026-01-27,1,like,Likes and Favorites.Like List.ItemFavoriteList,https://www.tiktokv.com/share/video/7597181407248649479/,
2026-01-27 01:07:12-05:00,2026-01-27,1,like,Likes and Favorites.Like List.ItemFavoriteList,https://www.tiktokv.com/share/video/7592972042534735134/,
2026-01-27 01:07:02-05:00,2026-01-27,1,like,Likes and Favorites.Like List.ItemFavoriteList,https://www.tiktokv.com/share/video/7598004206439583007/,
2026-01-27 01:06:59-05:00,2026-01-27,1,like,Likes and Favorites.Like List.ItemFavoriteList,https://www.tiktokv.com/share/video/7598795603639848205/,
2026-01-27 01:06:33-05:00,2026-01-27,1,like,Likes and Favorites.Like List.ItemFavoriteList,https://www.tiktokv.com/share/video/7596566643396873527/,
2026-01-27 01:04:29-05:00,2026-01-27,1,like,Likes and Favorites.Like List.ItemFavoriteList,https://www.tiktokv.com/share/video/7435878125852036407/,
2026-01-27 01:04:26-05:00,2026-01-27,1,like,Likes and Favorites.Like List.ItemFavoriteList,https://www.tiktokv.com/share/video/7363589087963516193/,
2026-01-27 01:03:57-05:00,2026-01-27,1,like,Likes and Favorites.Like List.ItemFavoriteList,https://www.tiktokv.com/share/video/7596356789378059552/,
2026-01-27 01:01:58-05:00,2026-01-27,1,like,Likes and Favorites.Like List.ItemFavoriteList,https://www.tiktokv.com/share/video/7598573881242258701/,
2026-01-27 01:01:36-05:00,2026-01-27,1,like,Likes and Favorites.Like List.ItemFavoriteList,https://www.tiktokv.com/share/video/7579057009660628246/,
2026-01-27 01:00:14-05:00,2026-01-27,1,like,Likes and Favorites.Like List.ItemFavoriteList,https://www.tiktokv.com/share/video/7537979917162581303/,
2026-01-27 00:59:10-05:00,2026-01-27,0,like,Likes and Favorites.Like List.ItemFavoriteList,https://www.tiktokv.com/share/video/7326221288794590507/,
2026-01-27 00:58:29-05:00,2026-01-27,0,like,Likes and Favorites.Like List.ItemFavoriteList,https://www.tiktokv.com/share/video/7589645893637360917/,
2026-01-27 00:58:20-05:00,2026-01-27,0,like,Likes and Favorites.Like List.ItemFavoriteList,https://www.tiktokv.com/share/video/7578769915524484365/,
2026-01-27 00:57:36-05:00,2026-01-27,0,like,Likes and Favorites.Like List.ItemFavoriteList,https://www.tiktokv.com/share/video/7598207281410362646/,
2026-01-27 00:57:13-05:00,2026-01-27,0,like,Likes and Favorites.Like List.ItemFavoriteList,https://www.tiktokv.com/share/video/7592696735231905047/,
2026-01-27 00:56:13-05:00,2026-01-27,0,like,Likes and Favorites.Like List.ItemFavoriteList,https://www.tiktokv.com/share/video/7573096037443816718/,
2026-01-27 00:56:07-05:00,2026-01-27,0,like,Likes and Favorites.Like List.ItemFavoriteList,https://www.tiktokv.com/share/video/7598660388225420551/,
2026-01-26 18:53:40-05:00,2026-01-26,18,like,Likes and Favorites.Like List.ItemFavoriteList,https://www.tiktokv.com/share/video/7597119043136490783/,
2026-01-26 18:52:15-05:00,2026-01-26,18,like,Likes and Favorites.Like List.ItemFavoriteList,https://www.tiktokv.com/share/video/7598801866499165458/,
2026-01-26 18:50:43-05:00,2026-01-26,18,like,Likes and Favorites.Like List.ItemFavoriteList,https://www.tiktokv.com/share/video/7599455036082490646/,
2026-01-26 18:50:00-05:00,2026-01-26,18,like,Likes and Favorites.Like List.ItemFavoriteList,https://www.tiktokv.com/share/video/7598988158516202765/,
2026-01-26 18:49:38-05:00,2026-01-26,18,like,Likes and Favorites.Like List.ItemFavoriteList,https://www.tiktokv.com/share/video/7590110374993677598/,
2026-01-26 18:48:24-05:00,2026-01-26,18,like,Likes and Favorites.Like List.ItemFavoriteList,https://www.tiktokv.com/share/video/7598611394572963086/,
2026-01-26 15:59:20-05:00,2026-01-26,15,like,Likes and Favorites.Like List.ItemFavoriteList,https://www.tiktokv.com/share/video/7577577779718376734/,
2026-01-26 15:17:03-05:00,2026-01-26,15,like,Likes and Favorites.Like List.ItemFavoriteList,https://www.tiktokv.com/share/video/7377790167404252448/,
2026-01-26 15:14:44-05:00,2026-01-26,15,like,Likes and Favorites.Like List.ItemFavoriteList,https://www.tiktokv.com/share/video/7598506749359901982/,
2026-01-25 02:55:08-05:00,2026-01-25,2,like,Likes and Favorites.Like List.ItemFavoriteList,https://www.tiktokv.com/share/video/7598425211851066654/,
2026-01-25 02:54:05-05:00,2026-01-25,2,like,Likes and Favorites.Like List.ItemFavoriteList,https://www.tiktokv.com/share/video/7447195819259776286/,
2026-01-25 02:53:44-05:00,2026-01-25,2,like,Likes and Favorites.Like List.ItemFavoriteList,https://www.tiktokv.com/share/video/7401758237059599647/,
2026-01-25 02:53:03-05:00,2026-01-25,2,like,Likes and Favorites.Like List.ItemFavoriteList,https://www.tiktokv.com/share/video/7356219257035771178/,
2026-01-25 02:51:01-05:00,2026-01-25,2,like,Likes and Favorites.Like List.ItemFavoriteList,https://www.tiktokv.com/share/video/7344329100418501889/,
2026-01-25 02:50:24-05:00,2026-01-25,2,like,Likes and Favorites.Like List.ItemFavoriteList,https://www.tiktokv.com/share/video/7357084575459446062/,
2026-01-25 02:43:40-05:00,2026-01-25,2,like,Likes and Favorites.Like List.ItemFavoriteList,https://www.tiktokv.com/share/video/7299230861696699691/,
2026-01-25 02:42:28-05:00,2026-01-25,2,like,Likes and Favorites.Like List.ItemFavoriteList,https://www.tiktokv.com/share/video/7471701082251595038/,
2026-01-25 02:33:03-05:00,2026-01-25,2,like,Likes and Favorites.Like List.ItemFavoriteList,https://www.tiktokv.com/share/video/7399322124600511790/,
2026-01-25 02:30:18-05:00,2026-01-25,2,like,Likes and Favorites.Like List.ItemFavoriteList,https://www.tiktokv.com/share/video/7543811558321786143/,
2026-01-25 02:26:22-05:00,2026-01-25,2,like,Likes and Favorites.Like List.ItemFavoriteList,https://www.tiktokv.com/share/video/7535988909684149526/,
2026-01-25 02:25:45-05:00,2026-01-25,2,like,Likes and Favorites.Like List.ItemFavoriteList,https://www.tiktokv.com/share/video/7586922952118013198/,
2026-01-25 02:24:23-05:00,2026-01-25,2,like,Likes and Favorites.Like List.ItemFavoriteList,https://www.tiktokv.com/share/video/7425699220881001771/,
2026-01-25 02:23:57-05:00,2026-01-25,2,like,Likes and Favorites.Like List.ItemFavoriteList,https://www.tiktokv.com/share/video/7205959656982859050/,
2026-01-25 02:22:41-05:00,2026-01-25,2,like,Likes and Favorites.Like List.ItemFavoriteList,https://www.tiktokv.com/share/video/7342312566665792811/,
2026-01-25 02:21:43-05:00,2026-01-25,2,like,Likes and Favorites.Like List.ItemFavoriteList,https://www.tiktokv.com/share/video/7522600885449461014/,
2026-01-25 02:16:16-05:00,2026-01-25,2,like,Likes and Favorites.Like List.ItemFavoriteList,https://www.tiktokv.com/share/video/7399350698149694753/,
2026-01-25 02:14:15-05:00,2026-01-25,2,like,Likes and Favorites.Like List.ItemFavoriteList,https://www.tiktokv.com/share/video/7581863205203430678/,
2026-01-24 19:37:06-05:00,2026-01-24,19,like,Likes and Favorites.Like List.ItemFavoriteList,https://www.tiktokv.com/share/video/7511672668156857622/,
2026-01-24 17:52:56-05:00,2026-01-24,17,like,Likes and Favorites.Like List.ItemFavoriteList,https://www.tiktokv.com/share/video/7597309898484944159/,
2026-01-24 17:50:41-05:00,2026-01-24,17,like,Likes and Favorites.Like List.ItemFavoriteList,https://www.tiktokv.com/share/video/7594942864598125838/,
2026-01-24 17:47:27-05:00,2026-01-24,17,like,Likes and Favorites.Like List.ItemFavoriteList,https://www.tiktokv.com/share/video/7598371059691293982/,
2026-01-24 17:46:41-05:00,2026-01-24,17,like,Likes and Favorites.Like List.ItemFavoriteList,https://www.tiktokv.com/share/video/7598226137885445431/,
2026-01-24 17:46:07-05:00,2026-01-24,17,like,Likes and Favorites.Like List.ItemFavoriteList,https://www.tiktokv.com/share/video/7597210436521577783/,
2026-01-24 17:12:18-05:00,2026-01-24,17,like,Likes and Favorites.Like List.ItemFavoriteList,https://www.tiktokv.com/share/video/7589864461196889374/,
2026-01-24 17:11:27-05:00,2026-01-24,17,like,Likes and Favorites.Like List.ItemFavoriteList,https://www.tiktokv.com/share/video/7488119148732747054/,
2026-01-24 17:08:30-05:00,2026-01-24,17,like,Likes and Favorites.Like List.ItemFavoriteList,https://www.tiktokv.com/share/video/7586026092482366742/,
2026-01-24 15:02:09-05:00,2026-01-24,15,like,Likes and Favorites.Like List.ItemFavoriteList,https://www.tiktokv.com/share/video/7597509146803473678/,
2026-01-24 14:51:53-05:00,2026-01-24,14,like,Likes and Favorites.Like List.ItemFavoriteList,https://www.tiktokv.com/share/video/7598379425926876429/,
2026-01-24 12:38:03-05:00,2026-01-24,12,like,Likes and Favorites.Like List.ItemFavoriteList,https://www.tiktokv.com/share/video/7594604517103111437/,
2026-01-24 12:33:44-05:00,2026-01-24,12,like,Likes and Favorites.Like List.ItemFavoriteList,https://www.tiktokv.com/share/video/7598426825987034423/,
2026-01-24 12:33:09-05:00,2026-01-24,12,like,Likes and Favorites.Like List.ItemFavoriteList,https://www.tiktokv.com/share/video/7597479457498139934/,
2026-01-24 12:32:46-05:00,2026-01-24,12,like,Likes and Favorites.Like List.ItemFavoriteList,https://www.tiktokv.com/share/video/7598642603906633015/,
2026-01-24 12:31:39-05:00,2026-01-24,12,like,Likes and Favorites.Like List.ItemFavoriteList,https://www.tiktokv.com/share/video/7598333653705346334/,
2026-01-24 12:30:45-05:00,2026-01-24,12,like,Likes and Favorites.Like List.ItemFavoriteList,https://www.tiktokv.com/share/video/7598114364406762765/,
2026-01-24 12:29:10-05:00,2026-01-24,12,like,Likes and Favorites.Like List.ItemFavoriteList,https://www.tiktokv.com/share/video/7593560356937551118/,
2026-01-24 12:24:25-05:00,2026-01-24,12,like,Likes and Favorites.Like List.ItemFavoriteList,https://www.tiktokv.com/share/video/7598452179283823885/,
2026-01-24 12:23:54-05:00,2026-01-24,12,like,Likes and Favorites.Like List.ItemFavoriteList,https://www.tiktokv.com/share/video/7598281565914795295/,
2026-01-24 12:23:09-05:00,2026-01-24,12,like,Likes and Favorites.Like List.ItemFavoriteList,https://www.tiktokv.com/share/video/7598550343747783949/,
2026-01-24 12:22:14-05:00,2026-01-24,12,like,Likes and Favorites.Like List.ItemFavoriteList,https://www.tiktokv.com/share/video/7577034698241641759/,
2026-01-24 11:23:14-05:00,2026-01-24,11,like,Likes and Favorites.Like List.ItemFavoriteList,https://www.tiktokv.com/share/video/7583748728213884180/,
2026-01-24 02:33:13-05:00,2026-01-24,2,like,Likes and Favorites.Like List.ItemFavoriteList,https://www.tiktokv.com/share/video/7598225290728312078/,
2026-01-24 02:31:35-05:00,2026-01-24,2,like,Likes and Favorites.Like List.ItemFavoriteList,https://www.tiktokv.com/share/video/7598017246283435295/,
2026-01-24 02:31:16-05:00,2026-01-24,2,like,Likes and Favorites.Like List.ItemFavoriteList,https://www.tiktokv.com/share/video/7597903074023197966/,
2026-01-24 02:30:47-05:00,2026-01-24,2,like,Likes and Favorites.Like List.ItemFavoriteList,https://www.tiktokv.com/share/video/7598227768953851150/,
2026-01-24 02:29:43-05:00,2026-01-24,2,like,Likes and Favorites.Like List.ItemFavoriteList,https://www.tiktokv.com/share/video/7595974127509392653/,
2026-01-24 02:28:38-05:00,2026-01-24,2,like,Likes and Favorites.Like List.ItemFavoriteList,https://www.tiktokv.com/share/video/7598478363954662663/,
2026-01-24 02:28:31-05:00,2026-01-24,2,like,Likes and Favorites.Like List.ItemFavoriteList,https://www.tiktokv.com/share/video/7590191985189752077/,
2026-01-24 02:25:58-05:00,2026-01-24,2,like,Likes and Favorites.Like List.ItemFavoriteList,https://www.tiktokv.com/share/video/7596834593924189471/,
2026-01-24 02:25:23-05:00,2026-01-24,2,like,Likes and Favorites.Like List.ItemFavoriteList,https://www.tiktokv.com/share/video/7597916620094197005/,
2026-01-24 02:24:38-05:00,2026-01-24,2,like,Likes and Favorites.Like List.ItemFavoriteList,https://www.tiktokv.com/share/video/7598362655883005215/,
2026-01-24 02:23:06-05:00,2026-01-24,2,like,Likes and Favorites.Like List.ItemFavoriteList,https://www.tiktokv.com/share/video/7597381642595929375/,
2026-01-24 02:22:31-05:00,2026-01-24,2,like,Likes and Favorites.Like List.ItemFavoriteList,https://www.tiktokv.com/share/video/7584948443030768910/,
2026-01-24 02:21:27-05:00,2026-01-24,2,like,Likes and Favorites.Like List.ItemFavoriteList,https://www.tiktokv.com/share/video/7430909972172688643/,
2026-01-24 02:20:49-05:00,2026-01-24,2,like,Likes and Favorites.Like List.ItemFavoriteList,https://www.tiktokv.com/share/video/7585406494569549076/,
2026-01-24 00:41:28-05:00,2026-01-24,0,like,Likes and Favorites.Like List.ItemFavoriteList,https://www.tiktokv.com/share/video/7151619027012504875/,
2026-01-24 00:38:51-05:00,2026-01-24,0,like,Likes and Favorites.Like List.ItemFavoriteList,https://www.tiktokv.com/share/video/7557453338858556703/,
2026-01-24 00:38:04-05:00,2026-01-24,0,like,Likes and Favorites.Like List.ItemFavoriteList,https://www.tiktokv.com/share/video/7591488448561679630/,
2026-01-24 00:37:38-05:00,2026-01-24,0,like,Likes and Favorites.Like List.ItemFavoriteList,https://www.tiktokv.com/share/video/7453957947849362734/,
2026-01-24 00:37:02-05:00,2026-01-24,0,like,Likes and Favorites.Like List.ItemFavoriteList,https://www.tiktokv.com/share/video/7273464084899679534/,
2026-01-24 00:35:58-05:00,2026-01-24,0,like,Likes and Favorites.Like List.ItemFavoriteList,https://www.tiktokv.com/share/video/7328166951606357290/,
2026-01-24 00:34:29-05:00,2026-01-24,0,like,Likes and Favorites.Like List.ItemFavoriteList,https://www.tiktokv.com/share/video/7598688389113580831/,
2026-01-23 16:28:48-05:00,2026-01-23,16,like,Likes and Favorites.Like List.ItemFavoriteList,https://www.tiktokv.com/share/video/7510330305010502955/,
2026-01-23 16:28:19-05:00,2026-01-23,16,like,Likes and Favorites.Like List.ItemFavoriteList,https://www.tiktokv.com/share/video/7341169429046332718/,
2026-01-23 16:28:11-05:00,2026-01-23,16,like,Likes and Favorites.Like List.ItemFavoriteList,https://www.tiktokv.com/share/video/7540050663091211533/,
2026-01-23 16:27:19-05:00,2026-01-23,16,like,Likes and Favorites.Like List.ItemFavoriteList,https://www.tiktokv.com/share/video/7558211910894669069/,
2026-01-23 16:26:15-05:00,2026-01-23,16,like,Likes and Favorites.Like List.ItemFavoriteList,https://www.tiktokv.com/share/video/7573475015472073997/,
2026-01-23 16:25:36-05:00,2026-01-23,16,like,Likes and Favorites.Like List.ItemFavoriteList,https://www.tiktokv.com/share/video/7456478918204263723/,
2026-01-23 16:24:53-05:00,2026-01-23,16,like,Likes and Favorites.Like List.ItemFavoriteList,https://www.tiktokv.com/share/video/7557351323662945550/,
2026-01-23 16:22:23-05:00,2026-01-23,16,like,Likes and Favorites.Like List.ItemFavoriteList,https://www.tiktokv.com/share/video/7495506926818561288/,
2026-01-23 16:19:11-05:00,2026-01-23,16,like,Likes and Favorites.Like List.ItemFavoriteList,https://www.tiktokv.com/share/video/7504874429537668398/,
2026-01-23 16:19:06-05:00,2026-01-23,16,like,Likes and Favorites.Like List.ItemFavoriteList,https://www.tiktokv.com/share/video/7595698537346714894/,
2026-01-23 16:17:45-05:00,2026-01-23,16,like,Likes and Favorites.Like List.ItemFavoriteList,https://www.tiktokv.com/share/video/7440632196223814958/,
2026-01-22 21:05:22-05:00,2026-01-22,21,like,Likes and Favorites.Like List.ItemFavoriteList,https://www.tiktokv.com/share/video/7579726155360603414/,
2026-01-22 21:04:01-05:00,2026-01-22,21,like,Likes and Favorites.Like List.ItemFavoriteList,https://www.tiktokv.com/share/video/7598335458904509703/,
2026-01-22 21:03:36-05:00,2026-01-22,21,like,Likes and Favorites.Like List.ItemFavoriteList,https://www.tiktokv.com/share/video/7590194834036608278/,
2026-01-22 21:02:13-05:00,2026-01-22,21,like,Likes and Favorites.Like List.ItemFavoriteList,https://www.tiktokv.com/share/video/7595687120040119583/,
2026-01-22 21:02:05-05:00,2026-01-22,21,like,Likes and Favorites.Like List.ItemFavoriteList,https://www.tiktokv.com/share/video/7583086829922995469/,
2026-01-22 21:00:57-05:00,2026-01-22,21,like,Likes and Favorites.Like List.ItemFavoriteList,https://www.tiktokv.com/share/video/7590049825165511966/,
2026-01-22 20:59:24-05:00,2026-01-22,20,like,Likes and Favorites.Like List.ItemFavoriteList,https://www.tiktokv.com/share/video/7584951713585466637/,
2026-01-22 20:59:09-05:00,2026-01-22,20,like,Likes and Favorites.Like List.ItemFavoriteList,https://www.tiktokv.com/share/video/7590328219765656844/,
2026-01-22 20:58:58-05:00,2026-01-22,20,like,Likes and Favorites.Like List.ItemFavoriteList,https://www.tiktokv.com/share/video/7583419181589204246/,
2026-01-22 20:50:01-05:00,2026-01-22,20,like,Likes and Favorites.Like List.ItemFavoriteList,https://www.tiktokv.com/share/video/7592041285016374542/,
2026-01-22 20:49:27-05:00,2026-01-22,20,like,Likes and Favorites.Like List.ItemFavoriteList,https://www.tiktokv.com/share/video/7578745473792609566/,
2026-01-22 20:48:44-05:00,2026-01-22,20,like,Likes and Favorites.Like List.ItemFavoriteList,https://www.tiktokv.com/share/video/7588982444666129695/,
2026-01-22 20:47:45-05:00,2026-01-22,20,like,Likes and Favorites.Like List.ItemFavoriteList,https://www.tiktokv.com/share/video/7598268698058673439/,
2026-01-22 20:45:16-05:00,2026-01-22,20,like,Likes and Favorites.Like List.ItemFavoriteList,https://www.tiktokv.com/share/video/7596773506205945106/,
2026-01-22 20:43:24-05:00,2026-01-22,20,like,Likes and Favorites.Like List.ItemFavoriteList,https://www.tiktokv.com/share/video/7569333577628929311/,
2026-01-22 20:42:03-05:00,2026-01-22,20,like,Likes and Favorites.Like List.ItemFavoriteList,https://www.tiktokv.com/share/video/7585587746098531617/,
2026-01-22 20:40:40-05:00,2026-01-22,20,like,Likes and Favorites.Like List.ItemFavoriteList,https://www.tiktokv.com/share/video/7594266952500137223/,
2026-01-22 20:40:28-05:00,2026-01-22,20,like,Likes and Favorites.Like List.ItemFavoriteList,https://www.tiktokv.com/share/video/7596319103892098318/,
2026-01-22 20:39:50-05:00,2026-01-22,20,like,Likes and Favorites.Like List.ItemFavoriteList,https://www.tiktokv.com/share/video/7598182407556156702/,
2026-01-22 20:37:42-05:00,2026-01-22,20,like,Likes and Favorites.Like List.ItemFavoriteList,https://www.tiktokv.com/share/video/7582311153691282718/,
2026-01-22 20:32:38-05:00,2026-01-22,20,like,Likes and Favorites.Like List.ItemFavoriteList,https://www.tiktokv.com/share/video/7597127411553013023/,
2026-01-22 20:31:54-05:00,2026-01-22,20,like,Likes and Favorites.Like List.ItemFavoriteList,https://www.tiktokv.com/share/video/7595717802477014280/,
2026-01-22 20:30:46-05:00,2026-01-22,20,like,Likes and Favorites.Like List.ItemFavoriteList,https://www.tiktokv.com/share/video/7596086023633882399/,
2026-01-22 20:30:33-05:00,2026-01-22,20,like,Likes and Favorites.Like List.ItemFavoriteList,https://www.tiktokv.com/share/video/7589840412404124941/,
2026-01-22 20:23:26-05:00,2026-01-22,20,like,Likes and Favorites.Like List.ItemFavoriteList,https://www.tiktokv.com/share/video/7597487793903815967/,
2026-01-22 20:21:13-05:00,2026-01-22,20,like,Likes and Favorites.Like List.ItemFavoriteList,https://www.tiktokv.com/share/video/7597436857269357837/,
2026-01-22 20:20:35-05:00,2026-01-22,20,like,Likes and Favorites.Like List.ItemFavoriteList,https://www.tiktokv.com/share/video/7598111086759496981/,
2026-01-22 20:20:05-05:00,2026-01-22,20,like,Likes and Favorites.Like List.ItemFavoriteList,https://www.tiktokv.com/share/video/7579398443894852895/,
2026-01-22 20:19:04-05:00,2026-01-22,20,like,Likes and Favorites.Like List.ItemFavoriteList,https://www.tiktokv.com/share/video/7579558545801104673/,
2026-01-22 20:00:06-05:00,2026-01-22,20,like,Likes and Favorites.Like List.ItemFavoriteList,https://www.tiktokv.com/share/video/7459879404534074666/,
2026-01-22 19:59:35-05:00,2026-01-22,19,like,Likes and Favorites.Like List.ItemFavoriteList,https://www.tiktokv.com/share/video/7578067175726927117/,
2026-01-22 19:59:15-05:00,2026-01-22,19,like,Likes and Favorites.Like List.ItemFavoriteList,https://www.tiktokv.com/share/video/7535934326941256991/,
2026-01-22 19:58:29-05:00,2026-01-22,19,like,Likes and Favorites.Like List.ItemFavoriteList,https://www.tiktokv.com/share/video/7275500190855974186/,
2026-01-22 19:57:28-05:00,2026-01-22,19,like,Likes and Favorites.Like List.ItemFavoriteList,https://www.tiktokv.com/share/video/7379327209661549856/,
2026-01-22 19:55:51-05:00,2026-01-22,19,like,Likes and Favorites.Like List.ItemFavoriteList,https://www.tiktokv.com/share/video/7596176391050186014/,
2026-01-22 19:55:48-05:00,2026-01-22,19,like,Likes and Favorites.Like List.ItemFavoriteList,https://www.tiktokv.com/share/video/7552050137707662622/,
2026-01-22 19:55:03-05:00,2026-01-22,19,like,Likes and Favorites.Like List.ItemFavoriteList,https://www.tiktokv.com/share/video/7597893721018961166/,
2026-01-22 19:54:54-05:00,2026-01-22,19,like,Likes and Favorites.Like List.ItemFavoriteList,https://www.tiktokv.com/share/video/7586777160573062422/,
2026-01-22 19:54:15-05:00,2026-01-22,19,like,Likes and Favorites.Like List.ItemFavoriteList,https://www.tiktokv.com/share/video/7598224107842325790/,
2026-01-22 19:53:40-05:00,2026-01-22,19,like,Likes and Favorites.Like List.ItemFavoriteList,https://www.tiktokv.com/share/video/7597973458483449119/,
2026-01-22 19:52:06-05:00,2026-01-22,19,like,Likes and Favorites.Like List.ItemFavoriteList,https://www.tiktokv.com/share/video/7595278625289555255/,
2026-01-22 19:51:34-05:00,2026-01-22,19,like,Likes and Favorites.Like List.ItemFavoriteList,https://www.tiktokv.com/share/video/7597876192183684407/,
2026-01-22 19:51:21-05:00,2026-01-22,19,like,Likes and Favorites.Like List.ItemFavoriteList,https://www.tiktokv.com/share/video/7597106079352343839/,
2026-01-22 19:50:59-05:00,2026-01-22,19,like,Likes and Favorites.Like List.ItemFavoriteList,https://www.tiktokv.com/share/video/7598028995736735007/,
2026-01-22 18:57:17-05:00,2026-01-22,18,like,Likes and Favorites.Like List.ItemFavoriteList,https://www.tiktokv.com/share/video/7598174143862918414/,
2026-01-22 18:55:25-05:00,2026-01-22,18,like,Likes and Favorites.Like List.ItemFavoriteList,https://www.tiktokv.com/share/video/7582168482070957343/,
2026-01-22 18:48:37-05:00,2026-01-22,18,like,Likes and Favorites.Like List.ItemFavoriteList,https://www.tiktokv.com/share/video/7598321608071138590/,
2026-01-22 18:47:59-05:00,2026-01-22,18,like,Likes and Favorites.Like List.ItemFavoriteList,https://www.tiktokv.com/share/video/7597145225785576726/,
2026-01-22 18:47:42-05:00,2026-01-22,18,like,Likes and Favorites.Like List.ItemFavoriteList,https://www.tiktokv.com/share/video/7595851629392432406/,
2026-01-22 18:22:55-05:00,2026-01-22,18,like,Likes and Favorites.Like List.ItemFavoriteList,https://www.tiktokv.com/share/video/7597554434847034655/,
2026-01-22 18:21:25-05:00,2026-01-22,18,like,Likes and Favorites.Like List.ItemFavoriteList,https://www.tiktokv.com/share/video/7588767096599891213/,
2026-01-22 18:11:28-05:00,2026-01-22,18,like,Likes and Favorites.Like List.ItemFavoriteList,https://www.tiktokv.com/share/video/7595801501172321566/,
2026-01-22 17:52:08-05:00,2026-01-22,17,like,Likes and Favorites.Like List.ItemFavoriteList,https://www.tiktokv.com/share/video/7598247823565393183/,
2026-01-22 17:51:50-05:00,2026-01-22,17,like,Likes and Favorites.Like List.ItemFavoriteList,https://www.tiktokv.com/share/video/7597920823445294391/,
2026-01-22 17:47:56-05:00,2026-01-22,17,like,Likes and Favorites.Like List.ItemFavoriteList,https://www.tiktokv.com/share/video/7592500864699354423/,
2026-01-22 17:10:53-05:00,2026-01-22,17,like,Likes and Favorites.Like List.ItemFavoriteList,https://www.tiktokv.com/share/video/7387798068575423775/,
2026-01-22 17:10:01-05:00,2026-01-22,17,like,Likes and Favorites.Like List.ItemFavoriteList,https://www.tiktokv.com/share/video/7395888929976716545/,
2026-01-22 17:09:05-05:00,2026-01-22,17,like,Likes and Favorites.Like List.ItemFavoriteList,https://www.tiktokv.com/share/video/7530870165412662542/,
2026-01-22 17:07:48-05:00,2026-01-22,17,like,Likes and Favorites.Like List.ItemFavoriteList,https://www.tiktokv.com/share/video/7370076605554756906/,
2026-01-22 16:50:08-05:00,2026-01-22,16,like,Likes and Favorites.Like List.ItemFavoriteList,https://www.tiktokv.com/share/video/7383426953073724714/,
2026-01-22 16:49:12-05:00,2026-01-22,16,like,Likes and Favorites.Like List.ItemFavoriteList,https://www.tiktokv.com/share/video/7383276621802868014/,
2026-01-22 16:48:09-05:00,2026-01-22,16,like,Likes and Favorites.Like List.ItemFavoriteList,https://www.tiktokv.com/share/video/7369976301576375594/,
2026-01-22 16:46:58-05:00,2026-01-22,16,like,Likes and Favorites.Like List.ItemFavoriteList,https://www.tiktokv.com/share/video/7370433032047578414/,
2026-01-22 16:46:18-05:00,2026-01-22,16,like,Likes and Favorites.Like List.ItemFavoriteList,https://www.tiktokv.com/share/video/7370444323038432555/,
2026-01-22 16:44:28-05:00,2026-01-22,16,like,Likes and Favorites.Like List.ItemFavoriteList,https://www.tiktokv.com/share/video/7369126875316243754/,
2026-01-22 16:43:09-05:00,2026-01-22,16,like,Likes and Favorites.Like List.ItemFavoriteList,https://www.tiktokv.com/share/video/7368301919003020587/,
2026-01-22 16:42:26-05:00,2026-01-22,16,like,Likes and Favorites.Like List.ItemFavoriteList,https://www.tiktokv.com/share/video/7369361764816833835/,
2026-01-22 16:41:52-05:00,2026-01-22,16,like,Likes and Favorites.Like List.ItemFavoriteList,https://www.tiktokv.com/share/video/7367836111676198190/,
2026-01-22 16:41:41-05:00,2026-01-22,16,like,Likes and Favorites.Like List.ItemFavoriteList,https://www.tiktokv.com/share/video/7587191725307858231/,
2026-01-22 16:40:31-05:00,2026-01-22,16,like,Likes and Favorites.Like List.ItemFavoriteList,https://www.tiktokv.com/share/video/7598010563431615799/,
2026-01-22 16:39:13-05:00,2026-01-22,16,like,Likes and Favorites.Like List.ItemFavoriteList,https://www.tiktokv.com/share/video/7597894148292693262/,
2026-01-22 16:38:49-05:00,2026-01-22,16,like,Likes and Favorites.Like List.ItemFavoriteList,https://www.tiktokv.com/share/video/7598006581116030221/,
2026-01-22 16:38:24-05:00,2026-01-22,16,like,Likes and Favorites.Like List.ItemFavoriteList,https://www.tiktokv.com/share/video/7593391937042828575/,
2026-01-22 15:42:22-05:00,2026-01-22,15,like,Likes and Favorites.Like List.ItemFavoriteList,https://www.tiktokv.com/share/video/7597165186054671671/,
2026-01-22 15:41:37-05:00,2026-01-22,15,like,Likes and Favorites.Like List.ItemFavoriteList,https://www.tiktokv.com/share/video/7597589637435018510/,
2026-01-22 15:30:59-05:00,2026-01-22,15,like,Likes and Favorites.Like List.ItemFavoriteList,https://www.tiktokv.com/share/video/7598231196249771294/,
2026-01-22 15:30:02-05:00,2026-01-22,15,like,Likes and Favorites.Like List.ItemFavoriteList,https://www.tiktokv.com/share/video/7358130633106787616/,
2026-01-22 15:29:21-05:00,2026-01-22,15,like,Likes and Favorites.Like List.ItemFavoriteList,https://www.tiktokv.com/share/video/7589195889202220319/,
2026-01-22 15:28:49-05:00,2026-01-22,15,like,Likes and Favorites.Like List.ItemFavoriteList,https://www.tiktokv.com/share/video/7596032078425115935/,
2026-01-22 15:18:56-05:00,2026-01-22,15,like,Likes and Favorites.Like List.ItemFavoriteList,https://www.tiktokv.com/share/video/7596731351202663693/,
2026-01-22 15:17:38-05:00,2026-01-22,15,like,Likes and Favorites.Like List.ItemFavoriteList,https://www.tiktokv.com/share/video/7592200706162003213/,
2026-01-22 15:16:58-05:00,2026-01-22,15,like,Likes and Favorites.Like List.ItemFavoriteList,https://www.tiktokv.com/share/video/7597879978381921566/,
2026-01-22 15:16:51-05:00,2026-01-22,15,like,Likes and Favorites.Like List.ItemFavoriteList,https://www.tiktokv.com/share/video/7598143820055842062/,
2026-01-22 15:05:27-05:00,2026-01-22,15,like,Likes and Favorites.Like List.ItemFavoriteList,https://www.tiktokv.com/share/video/7597560333766528287/,
2026-01-22 15:04:48-05:00,2026-01-22,15,like,Likes and Favorites.Like List.ItemFavoriteList,https://www.tiktokv.com/share/video/7592328846112754974/,
2026-01-22 15:04:44-05:00,2026-01-22,15,like,Likes and Favorites.Like List.ItemFavoriteList,https://www.tiktokv.com/share/video/7580567082027224333/,
2026-01-22 14:20:35-05:00,2026-01-22,14,like,Likes and Favorites.Like List.ItemFavoriteList,https://www.tiktokv.com/share/video/7598263208176012575/,
2026-01-22 14:20:17-05:00,2026-01-22,14,like,Likes and Favorites.Like List.ItemFavoriteList,https://www.tiktokv.com/share/video/7598093753747836190/,
2026-01-22 14:17:32-05:00,2026-01-22,14,like,Likes and Favorites.Like List.ItemFavoriteList,https://www.tiktokv.com/share/video/7597622483809750285/,
2026-01-22 14:17:09-05:00,2026-01-22,14,like,Likes and Favorites.Like List.ItemFavoriteList,https://www.tiktokv.com/share/video/7595859869794618654/,
2026-01-22 14:15:01-05:00,2026-01-22,14,like,Likes and Favorites.Like List.ItemFavoriteList,https://www.tiktokv.com/share/video/7597379362345848095/,
2026-01-22 14:14:44-05:00,2026-01-22,14,like,Likes and Favorites.Like List.ItemFavoriteList,https://www.tiktokv.com/share/video/7593199691538386190/,
2026-01-22 14:13:38-05:00,2026-01-22,14,like,Likes and Favorites.Like List.ItemFavoriteList,https://www.tiktokv.com/share/video/7590275442783964430/,
2026-01-22 14:10:39-05:00,2026-01-22,14,like,Likes and Favorites.Like List.ItemFavoriteList,https://www.tiktokv.com/share/video/7594591543713877278/,
2026-01-22 14:09:50-05:00,2026-01-22,14,like,Likes and Favorites.Like List.ItemFavoriteList,https://www.tiktokv.com/share/video/7588696460523343134/,
2026-01-22 14:06:48-05:00,2026-01-22,14,like,Likes and Favorites.Like List.ItemFavoriteList,https://www.tiktokv.com/share/video/7591666754737196318/,
2026-01-22 14:05:07-05:00,2026-01-22,14,like,Likes and Favorites.Like List.ItemFavoriteList,https://www.tiktokv.com/share/video/7597296894473211166/,
2026-01-22 14:03:16-05:00,2026-01-22,14,like,Likes and Favorites.Like List.ItemFavoriteList,https://www.tiktokv.com/share/video/7595838287198162231/,
2026-01-22 14:01:47-05:00,2026-01-22,14,like,Likes and Favorites.Like List.ItemFavoriteList,https://www.tiktokv.com/share/video/7596512620442635575/,
2026-01-22 14:00:57-05:00,2026-01-22,14,like,Likes and Favorites.Like List.ItemFavoriteList,https://www.tiktokv.com/share/video/7595288487260179742/,
2026-01-22 12:28:33-05:00,2026-01-22,12,like,Likes and Favorites.Like List.ItemFavoriteList,https://www.tiktokv.com/share/video/7597499593554775318/,
2026-01-22 12:28:15-05:00,2026-01-22,12,like,Likes and Favorites.Like List.ItemFavoriteList,https://www.tiktokv.com/share/video/7597934491776060685/,
2026-01-22 04:37:17-05:00,2026-01-22,4,like,Likes and Favorites.Like List.ItemFavoriteList,https://www.tiktokv.com/share/video/7597955493839031583/,
2026-01-22 04:36:42-05:00,2026-01-22,4,like,Likes and Favorites.Like List.ItemFavoriteList,https://www.tiktokv.com/share/video/7588979920035024158/,
2026-01-22 04:34:40-05:00,2026-01-22,4,like,Likes and Favorites.Like List.ItemFavoriteList,https://www.tiktokv.com/share/video/7588605750721793311/,
2026-01-22 04:33:10-05:00,2026-01-22,4,like,Likes and Favorites.Like List.ItemFavoriteList,https://www.tiktokv.com/share/video/7578605704362151181/,
2026-01-22 04:30:34-05:00,2026-01-22,4,like,Likes and Favorites.Like List.ItemFavoriteList,https://www.tiktokv.com/share/video/7597069519516896542/,
2026-01-22 04:27:42-05:00,2026-01-22,4,like,Likes and Favorites.Like List.ItemFavoriteList,https://www.tiktokv.com/share/video/7597187445553171743/,
2026-01-22 04:27:08-05:00,2026-01-22,4,like,Likes and Favorites.Like List.ItemFavoriteList,https://www.tiktokv.com/share/video/7586474136684301576/,
2026-01-22 04:26:34-05:00,2026-01-22,4,like,Likes and Favorites.Like List.ItemFavoriteList,https://www.tiktokv.com/share/video/7596858068898434335/,
2026-01-22 04:26:02-05:00,2026-01-22,4,like,Likes and Favorites.Like List.ItemFavoriteList,https://www.tiktokv.com/share/video/7572376684150738206/,
2026-01-22 04:24:17-05:00,2026-01-22,4,like,Likes and Favorites.Like List.ItemFavoriteList,https://www.tiktokv.com/share/video/7596398907492470029/,
2026-01-22 04:23:51-05:00,2026-01-22,4,like,Likes and Favorites.Like List.ItemFavoriteList,https://www.tiktokv.com/share/video/7597617201775938847/,
2026-01-22 04:20:24-05:00,2026-01-22,4,like,Likes and Favorites.Like List.ItemFavoriteList,https://www.tiktokv.com/share/video/7597167781162929463/,
2026-01-22 04:18:33-05:00,2026-01-22,4,like,Likes and Favorites.Like List.ItemFavoriteList,https://www.tiktokv.com/share/video/7596803469487459639/,
2026-01-22 04:16:38-05:00,2026-01-22,4,like,Likes and Favorites.Like List.ItemFavoriteList,https://www.tiktokv.com/share/video/7593157256305315103/,
2026-01-22 04:15:48-05:00,2026-01-22,4,like,Likes and Favorites.Like List.ItemFavoriteList,https://www.tiktokv.com/share/video/7596416258082360589/,
2026-01-22 04:15:02-05:00,2026-01-22,4,like,Likes and Favorites.Like List.ItemFavoriteList,https://www.tiktokv.com/share/video/7489674650243321119/,
2026-01-22 04:14:42-05:00,2026-01-22,4,like,Likes and Favorites.Like List.ItemFavoriteList,https://www.tiktokv.com/share/video/7530055453674310967/,
2026-01-22 04:14:17-05:00,2026-01-22,4,like,Likes and Favorites.Like List.ItemFavoriteList,https://www.tiktokv.com/share/video/7553786016792972574/,
2026-01-22 04:13:07-05:00,2026-01-22,4,like,Likes and Favorites.Like List.ItemFavoriteList,https://www.tiktokv.com/share/video/7535935646347644182/,
2026-01-22 00:02:09-05:00,2026-01-22,0,like,Likes and Favorites.Like List.ItemFavoriteList,https://www.tiktokv.com/share/video/7585947205664574740/,
2026-01-22 00:01:44-05:00,2026-01-22,0,like,Likes and Favorites.Like List.ItemFavoriteList,https://www.tiktokv.com/share/video/7597345643585211679/,
2026-01-22 00:00:15-05:00,2026-01-22,0,like,Likes and Favorites.Like List.ItemFavoriteList,https://www.tiktokv.com/share/video/7596085771283549454/,
2026-01-21 23:55:18-05:00,2026-01-21,23,like,Likes and Favorites.Like List.ItemFavoriteList,https://www.tiktokv.com/share/video/7590854407286197559/,
2026-01-21 23:53:18-05:00,2026-01-21,23,like,Likes and Favorites.Like List.ItemFavoriteList,https://www.tiktokv.com/share/video/7596186276252912951/,
2026-01-21 23:52:28-05:00,2026-01-21,23,like,Likes and Favorites.Like List.ItemFavoriteList,https://www.tiktokv.com/share/video/7596635615542709534/,
2026-01-21 23:51:48-05:00,2026-01-21,23,like,Likes and Favorites.Like List.ItemFavoriteList,https://www.tiktokv.com/share/video/7591891485470067990/,
2026-01-21 22:40:40-05:00,2026-01-21,22,like,Likes and Favorites.Like List.ItemFavoriteList,https://www.tiktokv.com/share/video/7597998482095443214/,
2026-01-21 22:38:33-05:00,2026-01-21,22,like,Likes and Favorites.Like List.ItemFavoriteList,https://www.tiktokv.com/share/video/7372451129583521067/,
2026-01-21 22:38:01-05:00,2026-01-21,22,like,Likes and Favorites.Like List.ItemFavoriteList,https://www.tiktokv.com/share/video/7595481086940024077/,
2026-01-21 22:36:39-05:00,2026-01-21,22,like,Likes and Favorites.Like List.ItemFavoriteList,https://www.tiktokv.com/share/video/7400976427363044654/,
2026-01-21 22:35:32-05:00,2026-01-21,22,like,Likes and Favorites.Like List.ItemFavoriteList,https://www.tiktokv.com/share/video/7597176714111749406/,
2026-01-21 22:33:49-05:00,2026-01-21,22,like,Likes and Favorites.Like List.ItemFavoriteList,https://www.tiktokv.com/share/video/7595640773945642271/,
2026-01-21 22:32:27-05:00,2026-01-21,22,like,Likes and Favorites.Like List.ItemFavoriteList,https://www.tiktokv.com/share/video/7582342913762381087/,
2026-01-21 22:30:41-05:00,2026-01-21,22,like,Likes and Favorites.Like List.ItemFavoriteList,https://www.tiktokv.com/share/video/7583979532567268663/,
2026-01-21 22:29:50-05:00,2026-01-21,22,like,Likes and Favorites.Like List.ItemFavoriteList,https://www.tiktokv.com/share/video/7583979603715181837/,
2026-01-21 22:28:30-05:00,2026-01-21,22,like,Likes and Favorites.Like List.ItemFavoriteList,https://www.tiktokv.com/share/video/7583979566985661727/,
2026-01-21 22:25:49-05:00,2026-01-21,22,like,Likes and Favorites.Like List.ItemFavoriteList,https://www.tiktokv.com/share/video/7582925747124194615/,
2026-01-21 22:21:40-05:00,2026-01-21,22,like,Likes and Favorites.Like List.ItemFavoriteList,https://www.tiktokv.com/share/video/7592337926177033502/,
2026-01-21 22:21:10-05:00,2026-01-21,22,like,Likes and Favorites.Like List.ItemFavoriteList,https://www.tiktokv.com/share/video/7590662757112892703/,
2026-01-21 22:20:41-05:00,2026-01-21,22,like,Likes and Favorites.Like List.ItemFavoriteList,https://www.tiktokv.com/share/video/7596996019783535902/,
2026-01-21 22:10:42-05:00,2026-01-21,22,like,Likes and Favorites.Like List.ItemFavoriteList,https://www.tiktokv.com/share/video/7583469110453882120/,
2026-01-21 22:08:52-05:00,2026-01-21,22,like,Likes and Favorites.Like List.ItemFavoriteList,https://www.tiktokv.com/share/video/7597965604120726798/,
2026-01-21 22:07:26-05:00,2026-01-21,22,like,Likes and Favorites.Like List.ItemFavoriteList,https://www.tiktokv.com/share/video/7584648904638074123/,
2026-01-21 22:06:50-05:00,2026-01-21,22,like,Likes and Favorites.Like List.ItemFavoriteList,https://www.tiktokv.com/share/video/7546790047173905678/,
2026-01-21 22:04:46-05:00,2026-01-21,22,like,Likes and Favorites.Like List.ItemFavoriteList,https://www.tiktokv.com/share/video/7595661559536356630/,
2026-01-21 22:04:02-05:00,2026-01-21,22,like,Likes and Favorites.Like List.ItemFavoriteList,https://www.tiktokv.com/share/video/7592440109648071966/,
2026-01-21 22:02:47-05:00,2026-01-21,22,like,Likes and Favorites.Like List.ItemFavoriteList,https://www.tiktokv.com/share/video/7586835796401999159/,
2026-01-21 22:01:19-05:00,2026-01-21,22,like,Likes and Favorites.Like List.ItemFavoriteList,https://www.tiktokv.com/share/video/7597235724857003294/,
2026-01-21 22:00:32-05:00,2026-01-21,22,like,Likes and Favorites.Like List.ItemFavoriteList,https://www.tiktokv.com/share/video/7596426010283887886/,
2026-01-21 21:59:03-05:00,2026-01-21,21,like,Likes and Favorites.Like List.ItemFavoriteList,https://www.tiktokv.com/share/video/7597624876396039479/,
2026-01-21 20:38:12-05:00,2026-01-21,20,like,Likes and Favorites.Like List.ItemFavoriteList,https://www.tiktokv.com/share/video/7597597979389840654/,
2026-01-21 20:37:34-05:00,2026-01-21,20,like,Likes and Favorites.Like List.ItemFavoriteList,https://www.tiktokv.com/share/video/7597558286686244127/,
2026-01-21 20:28:31-05:00,2026-01-21,20,like,Likes and Favorites.Like List.ItemFavoriteList,https://www.tiktokv.com/share/video/7583465292743937294/,
2026-01-21 20:09:04-05:00,2026-01-21,20,like,Likes and Favorites.Like List.ItemFavoriteList,https://www.tiktokv.com/share/video/7596935505527311647/,
2026-01-21 20:07:11-05:00,2026-01-21,20,like,Likes and Favorites.Like List.ItemFavoriteList,https://www.tiktokv.com/share/video/7594923466923527454/,
2026-01-21 20:06:09-05:00,2026-01-21,20,like,Likes and Favorites.Like List.ItemFavoriteList,https://www.tiktokv.com/share/video/7597476345181932831/,
2026-01-21 20:04:46-05:00,2026-01-21,20,like,Likes and Favorites.Like List.ItemFavoriteList,https://www.tiktokv.com/share/video/7585681400175545614/,
2026-01-21 20:03:43-05:00,2026-01-21,20,like,Likes and Favorites.Like List.ItemFavoriteList,https://www.tiktokv.com/share/video/7596894075752680759/,
2026-01-21 20:00:19-05:00,2026-01-21,20,like,Likes and Favorites.Like List.ItemFavoriteList,https://www.tiktokv.com/share/video/7597493404657798455/,
2026-01-21 19:59:27-05:00,2026-01-21,19,like,Likes and Favorites.Like List.ItemFavoriteList,https://www.tiktokv.com/share/video/7597304818335599885/,
2026-01-21 19:58:57-05:00,2026-01-21,19,like,Likes and Favorites.Like List.ItemFavoriteList,https://www.tiktokv.com/share/video/7597981150480583966/,
2026-01-21 19:57:46-05:00,2026-01-21,19,like,Likes and Favorites.Like List.ItemFavoriteList,https://www.tiktokv.com/share/video/7597073068745313591/,
2026-01-21 19:57:17-05:00,2026-01-21,19,like,Likes and Favorites.Like List.ItemFavoriteList,https://www.tiktokv.com/share/video/7579686799304346910/,
2026-01-21 19:55:54-05:00,2026-01-21,19,like,Likes and Favorites.Like List.ItemFavoriteList,https://www.tiktokv.com/share/video/7597166382123371807/,
2026-01-21 19:14:13-05:00,2026-01-21,19,like,Likes and Favorites.Like List.ItemFavoriteList,https://www.tiktokv.com/share/video/7581207915722214687/,
2026-01-21 18:51:18-05:00,2026-01-21,18,like,Likes and Favorites.Like List.ItemFavoriteList,https://www.tiktokv.com/share/video/7582722930866523422/,
2026-01-21 18:45:37-05:00,2026-01-21,18,like,Likes and Favorites.Like List.ItemFavoriteList,https://www.tiktokv.com/share/video/7580541397510409503/,
2026-01-21 18:43:53-05:00,2026-01-21,18,like,Likes and Favorites.Like List.ItemFavoriteList,https://www.tiktokv.com/share/video/7418340197466656043/,
2026-01-21 18:42:32-05:00,2026-01-21,18,like,Likes and Favorites.Like List.ItemFavoriteList,https://www.tiktokv.com/share/video/7579305165719751950/,
2026-01-21 18:39:58-05:00,2026-01-21,18,like,Likes and Favorites.Like List.ItemFavoriteList,https://www.tiktokv.com/share/video/7592254286558448927/,
2026-01-21 18:38:40-05:00,2026-01-21,18,like,Likes and Favorites.Like List.ItemFavoriteList,https://www.tiktokv.com/share/video/7579899579550813470/,
2026-01-21 18:37:36-05:00,2026-01-21,18,like,Likes and Favorites.Like List.ItemFavoriteList,https://www.tiktokv.com/share/video/7585764016543304991/,
2026-01-21 18:36:10-05:00,2026-01-21,18,like,Likes and Favorites.Like List.ItemFavoriteList,https://www.tiktokv.com/share/video/7591162517968243982/,
2026-01-21 18:35:13-05:00,2026-01-21,18,like,Likes and Favorites.Like List.ItemFavoriteList,https://www.tiktokv.com/share/video/7595214793548516628/,
2026-01-21 18:32:11-05:00,2026-01-21,18,like,Likes and Favorites.Like List.ItemFavoriteList,https://www.tiktokv.com/share/video/7582051484872002846/,
2026-01-21 18:30:05-05:00,2026-01-21,18,like,Likes and Favorites.Like List.ItemFavoriteList,https://www.tiktokv.com/share/video/7584342743837576479/,
2026-01-21 18:29:40-05:00,2026-01-21,18,like,Likes and Favorites.Like List.ItemFavoriteList,https://www.tiktokv.com/share/video/7589693682652089631/,
2026-01-21 18:27:34-05:00,2026-01-21,18,like,Likes and Favorites.Like List.ItemFavoriteList,https://www.tiktokv.com/share/video/7587017047276571907/,
2026-01-21 18:26:45-05:00,2026-01-21,18,like,Likes and Favorites.Like List.ItemFavoriteList,https://www.tiktokv.com/share/video/7595696560021818655/,
2026-01-21 18:25:12-05:00,2026-01-21,18,like,Likes and Favorites.Like List.ItemFavoriteList,https://www.tiktokv.com/share/video/7596056321955466519/,
2026-01-21 18:23:53-05:00,2026-01-21,18,like,Likes and Favorites.Like List.ItemFavoriteList,https://www.tiktokv.com/share/video/7588245106881334550/,
2026-01-21 18:12:13-05:00,2026-01-21,18,like,Likes and Favorites.Like List.ItemFavoriteList,https://www.tiktokv.com/share/video/7588991951303707918/,
2026-01-21 18:11:24-05:00,2026-01-21,18,like,Likes and Favorites.Like List.ItemFavoriteList,https://www.tiktokv.com/share/video/7584590533339696439/,
2026-01-21 18:10:36-05:00,2026-01-21,18,like,Likes and Favorites.Like List.ItemFavoriteList,https://www.tiktokv.com/share/video/7594489433517215006/,
2026-01-21 18:09:22-05:00,2026-01-21,18,like,Likes and Favorites.Like List.ItemFavoriteList,https://www.tiktokv.com/share/video/7596693065344060685/,
2026-01-21 18:08:42-05:00,2026-01-21,18,like,Likes and Favorites.Like List.ItemFavoriteList,https://www.tiktokv.com/share/video/7593088376044047671/,
2026-01-21 18:07:46-05:00,2026-01-21,18,like,Likes and Favorites.Like List.ItemFavoriteList,https://www.tiktokv.com/share/video/7588662812881210646/,
2026-01-21 18:07:18-05:00,2026-01-21,18,like,Likes and Favorites.Like List.ItemFavoriteList,https://www.tiktokv.com/share/video/7586310348819533111/,
2026-01-21 18:07:07-05:00,2026-01-21,18,like,Likes and Favorites.Like List.ItemFavoriteList,https://www.tiktokv.com/share/video/7595719152086699319/,
2026-01-21 18:06:32-05:00,2026-01-21,18,like,Likes and Favorites.Like List.ItemFavoriteList,https://www.tiktokv.com/share/video/7597595890588699934/,
2026-01-21 18:05:39-05:00,2026-01-21,18,like,Likes and Favorites.Like List.ItemFavoriteList,https://www.tiktokv.com/share/video/7584783436502682902/,
2026-01-21 18:04:36-05:00,2026-01-21,18,like,Likes and Favorites.Like List.ItemFavoriteList,https://www.tiktokv.com/share/video/7594085356610325782/,
2026-01-21 18:03:29-05:00,2026-01-21,18,like,Likes and Favorites.Like List.ItemFavoriteList,https://www.tiktokv.com/share/video/7596695584992513298/,
2026-01-21 18:03:04-05:00,2026-01-21,18,like,Likes and Favorites.Like List.ItemFavoriteList,https://www.tiktokv.com/share/video/7581424018767564062/,
2026-01-21 18:02:18-05:00,2026-01-21,18,like,Likes and Favorites.Like List.ItemFavoriteList,https://www.tiktokv.com/share/video/7594589390383402254/,
2026-01-21 17:37:24-05:00,2026-01-21,17,like,Likes and Favorites.Like List.ItemFavoriteList,https://www.tiktokv.com/share/video/7595518908744928543/,
2026-01-21 17:33:31-05:00,2026-01-21,17,like,Likes and Favorites.Like List.ItemFavoriteList,https://www.tiktokv.com/share/video/7596529613279350030/,
2026-01-21 17:31:58-05:00,2026-01-21,17,like,Likes and Favorites.Like List.ItemFavoriteList,https://www.tiktokv.com/share/video/7597926082855062814/,
2026-01-21 17:30:09-05:00,2026-01-21,17,like,Likes and Favorites.Like List.ItemFavoriteList,https://www.tiktokv.com/share/video/7596127432625687863/,
2026-01-21 17:30:00-05:00,2026-01-21,17,like,Likes and Favorites.Like List.ItemFavoriteList,https://www.tiktokv.com/share/video/7584310946605059358/,
2026-01-21 17:29:12-05:00,2026-01-21,17,like,Likes and Favorites.Like List.ItemFavoriteList,https://www.tiktokv.com/share/video/7597721876508577079/,
2026-01-21 17:28:38-05:00,2026-01-21,17,like,Likes and Favorites.Like List.ItemFavoriteList,https://www.tiktokv.com/share/video/7585847034196938014/,
2026-01-21 17:28:17-05:00,2026-01-21,17,like,Likes and Favorites.Like List.ItemFavoriteList,https://www.tiktokv.com/share/video/7597528195587378487/,
2026-01-21 17:28:06-05:00,2026-01-21,17,like,Likes and Favorites.Like List.ItemFavoriteList,https://www.tiktokv.com/share/video/7568873662917528887/,
2026-01-21 17:24:25-05:00,2026-01-21,17,like,Likes and Favorites.Like List.ItemFavoriteList,https://www.tiktokv.com/share/video/7584130513812606238/,
2026-01-21 17:24:07-05:00,2026-01-21,17,like,Likes and Favorites.Like List.ItemFavoriteList,https://www.tiktokv.com/share/video/7578463021396233485/,
2026-01-21 17:22:56-05:00,2026-01-21,17,like,Likes and Favorites.Like List.ItemFavoriteList,https://www.tiktokv.com/share/video/7596735549705030943/,
2026-01-21 17:22:35-05:00,2026-01-21,17,like,Likes and Favorites.Like List.ItemFavoriteList,https://www.tiktokv.com/share/video/7597195991829220663/,
2026-01-21 17:21:15-05:00,2026-01-21,17,like,Likes and Favorites.Like List.ItemFavoriteList,https://www.tiktokv.com/share/video/7597734775259942147/,
2026-01-21 17:08:48-05:00,2026-01-21,17,like,Likes and Favorites.Like List.ItemFavoriteList,https://www.tiktokv.com/share/video/7581053243522878775/,
2026-01-21 17:05:49-05:00,2026-01-21,17,like,Likes and Favorites.Like List.ItemFavoriteList,https://www.tiktokv.com/share/video/7588928615555878175/,
2026-01-21 17:05:14-05:00,2026-01-21,17,like,Likes and Favorites.Like List.ItemFavoriteList,https://www.tiktokv.com/share/video/7597892884699942199/,
2026-01-21 17:04:14-05:00,2026-01-21,17,like,Likes and Favorites.Like List.ItemFavoriteList,https://www.tiktokv.com/share/video/7597882532465593631/,
2026-01-21 17:02:20-05:00,2026-01-21,17,like,Likes and Favorites.Like List.ItemFavoriteList,https://www.tiktokv.com/share/video/7584641953216630071/,
2026-01-21 17:02:03-05:00,2026-01-21,17,like,Likes and Favorites.Like List.ItemFavoriteList,https://www.tiktokv.com/share/video/7597478872635968798/,
2026-01-21 16:59:28-05:00,2026-01-21,16,like,Likes and Favorites.Like List.ItemFavoriteList,https://www.tiktokv.com/share/video/7596791920882355486/,
2026-01-21 16:57:28-05:00,2026-01-21,16,like,Likes and Favorites.Like List.ItemFavoriteList,https://www.tiktokv.com/share/video/7593058174538616095/,
2026-01-21 16:56:50-05:00,2026-01-21,16,like,Likes and Favorites.Like List.ItemFavoriteList,https://www.tiktokv.com/share/video/7596464565185973535/,
2026-01-21 16:55:35-05:00,2026-01-21,16,like,Likes and Favorites.Like List.ItemFavoriteList,https://www.tiktokv.com/share/video/7591863072948522271/,
2026-01-21 16:54:42-05:00,2026-01-21,16,like,Likes and Favorites.Like List.ItemFavoriteList,https://www.tiktokv.com/share/video/7597294639640481055/,
2026-01-21 16:48:32-05:00,2026-01-21,16,like,Likes and Favorites.Like List.ItemFavoriteList,https://www.tiktokv.com/share/video/7597875306292088094/,
2026-01-21 16:44:06-05:00,2026-01-21,16,like,Likes and Favorites.Like List.ItemFavoriteList,https://www.tiktokv.com/share/video/7597658608268102925/,
2026-01-21 16:43:49-05:00,2026-01-21,16,like,Likes and Favorites.Like List.ItemFavoriteList,https://www.tiktokv.com/share/video/7597845391396080926/,
2026-01-21 16:43:36-05:00,2026-01-21,16,like,Likes and Favorites.Like List.ItemFavoriteList,https://www.tiktokv.com/share/video/7597263046674828599/,
2026-01-21 16:36:11-05:00,2026-01-21,16,like,Likes and Favorites.Like List.ItemFavoriteList,https://www.tiktokv.com/share/video/7596166762693922103/,
2026-01-21 16:34:42-05:00,2026-01-21,16,like,Likes and Favorites.Like List.ItemFavoriteList,https://www.tiktokv.com/share/video/7584435816521305374/,
2026-01-21 16:33:44-05:00,2026-01-21,16,like,Likes and Favorites.Like List.ItemFavoriteList,https://www.tiktokv.com/share/video/7596150730390588690/,
2026-01-21 16:33:37-05:00,2026-01-21,16,like,Likes and Favorites.Like List.ItemFavoriteList,https://www.tiktokv.com/share/video/7594016162053098783/,
2026-01-21 16:33:18-05:00,2026-01-21,16,like,Likes and Favorites.Like List.ItemFavoriteList,https://www.tiktokv.com/share/video/7596880087987784974/,
2026-01-21 16:32:58-05:00,2026-01-21,16,like,Likes and Favorites.Like List.ItemFavoriteList,https://www.tiktokv.com/share/video/7596862407461440799/,
2026-01-21 16:32:27-05:00,2026-01-21,16,like,Likes and Favorites.Like List.ItemFavoriteList,https://www.tiktokv.com/share/video/7596965283470904590/,
2026-01-21 16:31:32-05:00,2026-01-21,16,like,Likes and Favorites.Like List.ItemFavoriteList,https://www.tiktokv.com/share/video/7586327479967599892/,
2026-01-21 16:30:47-05:00,2026-01-21,16,like,Likes and Favorites.Like List.ItemFavoriteList,https://www.tiktokv.com/share/video/7597312571674201375/,
2026-01-21 16:30:09-05:00,2026-01-21,16,like,Likes and Favorites.Like List.ItemFavoriteList,https://www.tiktokv.com/share/video/7596366536672021815/,
2026-01-21 16:29:10-05:00,2026-01-21,16,like,Likes and Favorites.Like List.ItemFavoriteList,https://www.tiktokv.com/share/video/7589564592305605918/,
2026-01-21 16:28:48-05:00,2026-01-21,16,like,Likes and Favorites.Like List.ItemFavoriteList,https://www.tiktokv.com/share/video/7597549277648407830/,
2026-01-21 16:22:36-05:00,2026-01-21,16,like,Likes and Favorites.Like List.ItemFavoriteList,https://www.tiktokv.com/share/video/7591506208897453334/,
2026-01-21 16:22:23-05:00,2026-01-21,16,like,Likes and Favorites.Like List.ItemFavoriteList,https://www.tiktokv.com/share/video/7597552712741408030/,
2026-01-21 16:21:42-05:00,2026-01-21,16,like,Likes and Favorites.Like List.ItemFavoriteList,https://www.tiktokv.com/share/video/7577951481857363231/,
2026-01-21 16:20:51-05:00,2026-01-21,16,like,Likes and Favorites.Like List.ItemFavoriteList,https://www.tiktokv.com/share/video/7592341018410749214/,
2026-01-21 16:18:54-05:00,2026-01-21,16,like,Likes and Favorites.Like List.ItemFavoriteList,https://www.tiktokv.com/share/video/7597360348554956045/,
2026-01-21 16:18:39-05:00,2026-01-21,16,like,Likes and Favorites.Like List.ItemFavoriteList,https://www.tiktokv.com/share/video/7596793587719769399/,
2026-01-21 16:18:04-05:00,2026-01-21,16,like,Likes and Favorites.Like List.ItemFavoriteList,https://www.tiktokv.com/share/video/7596813951367793940/,
2026-01-21 16:16:38-05:00,2026-01-21,16,like,Likes and Favorites.Like List.ItemFavoriteList,https://www.tiktokv.com/share/video/7583229576608763150/,
2026-01-21 15:47:08-05:00,2026-01-21,15,like,Likes and Favorites.Like List.ItemFavoriteList,https://www.tiktokv.com/share/video/7594162746267143437/,
2026-01-21 15:47:01-05:00,2026-01-21,15,like,Likes and Favorites.Like List.ItemFavoriteList,https://www.tiktokv.com/share/video/7588980584177863991/,
2026-01-21 15:42:03-05:00,2026-01-21,15,like,Likes and Favorites.Like List.ItemFavoriteList,https://www.tiktokv.com/share/video/7596851654486510879/,
2026-01-21 15:41:30-05:00,2026-01-21,15,like,Likes and Favorites.Like List.ItemFavoriteList,https://www.tiktokv.com/share/video/7596423273370602782/,
2026-01-21 15:40:02-05:00,2026-01-21,15,like,Likes and Favorites.Like List.ItemFavoriteList,https://www.tiktokv.com/share/video/7464789405010545962/,
2026-01-21 15:39:17-05:00,2026-01-21,15,like,Likes and Favorites.Like List.ItemFavoriteList,https://www.tiktokv.com/share/video/7595633116044135694/,
2026-01-21 15:37:10-05:00,2026-01-21,15,like,Likes and Favorites.Like List.ItemFavoriteList,https://www.tiktokv.com/share/video/7400874205459303713/,
2026-01-21 15:36:47-05:00,2026-01-21,15,like,Likes and Favorites.Like List.ItemFavoriteList,https://www.tiktokv.com/share/video/7584158793966161182/,
2026-01-21 15:35:58-05:00,2026-01-21,15,like,Likes and Favorites.Like List.ItemFavoriteList,https://www.tiktokv.com/share/video/7597283802288803085/,
2026-01-21 15:31:36-05:00,2026-01-21,15,like,Likes and Favorites.Like List.ItemFavoriteList,https://www.tiktokv.com/share/video/7597302252348460301/,
2026-01-21 15:30:28-05:00,2026-01-21,15,like,Likes and Favorites.Like List.ItemFavoriteList,https://www.tiktokv.com/share/video/7597623998502980877/,
2026-01-21 15:27:45-05:00,2026-01-21,15,like,Likes and Favorites.Like List.ItemFavoriteList,https://www.tiktokv.com/share/video/7594132932156034359/,
2026-01-21 15:26:26-05:00,2026-01-21,15,like,Likes and Favorites.Like List.ItemFavoriteList,https://www.tiktokv.com/share/video/7594194065860726046/,
2026-01-21 15:25:30-05:00,2026-01-21,15,like,Likes and Favorites.Like List.ItemFavoriteList,https://www.tiktokv.com/share/video/7596550532773301534/,
2026-01-21 15:25:20-05:00,2026-01-21,15,like,Likes and Favorites.Like List.ItemFavoriteList,https://www.tiktokv.com/share/video/7597147918990118158/,
2026-01-21 15:24:17-05:00,2026-01-21,15,like,Likes and Favorites.Like List.ItemFavoriteList,https://www.tiktokv.com/share/video/7595435155896945934/,
2026-01-21 15:03:54-05:00,2026-01-21,15,like,Likes and Favorites.Like List.ItemFavoriteList,https://www.tiktokv.com/share/video/7597186106823576887/,
2026-01-21 15:03:36-05:00,2026-01-21,15,like,Likes and Favorites.Like List.ItemFavoriteList,https://www.tiktokv.com/share/video/7578247459483307294/,
2026-01-21 15:03:05-05:00,2026-01-21,15,like,Likes and Favorites.Like List.ItemFavoriteList,https://www.tiktokv.com/share/video/7597201638247435550/,
2026-01-21 15:01:51-05:00,2026-01-21,15,like,Likes and Favorites.Like List.ItemFavoriteList,https://www.tiktokv.com/share/video/7596056504730438943/,
2026-01-21 15:01:04-05:00,2026-01-21,15,like,Likes and Favorites.Like List.ItemFavoriteList,https://www.tiktokv.com/share/video/7596571420230978872/,
2026-01-21 15:00:08-05:00,2026-01-21,15,like,Likes and Favorites.Like List.ItemFavoriteList,https://www.tiktokv.com/share/video/7597301501031157006/,
2026-01-21 14:59:51-05:00,2026-01-21,14,like,Likes and Favorites.Like List.ItemFavoriteList,https://www.tiktokv.com/share/video/7596662207551786270/,
2026-01-21 14:59:06-05:00,2026-01-21,14,like,Likes and Favorites.Like List.ItemFavoriteList,https://www.tiktokv.com/share/video/7595349987865775373/,
2026-01-21 14:57:46-05:00,2026-01-21,14,like,Likes and Favorites.Like List.ItemFavoriteList,https://www.tiktokv.com/share/video/7588667167659396374/,
2026-01-21 14:56:52-05:00,2026-01-21,14,like,Likes and Favorites.Like List.ItemFavoriteList,https://www.tiktokv.com/share/video/7576776949725498638/,
2026-01-21 14:29:18-05:00,2026-01-21,14,like,Likes and Favorites.Like List.ItemFavoriteList,https://www.tiktokv.com/share/video/7597229030420647223/,
2026-01-21 14:28:52-05:00,2026-01-21,14,like,Likes and Favorites.Like List.ItemFavoriteList,https://www.tiktokv.com/share/video/7596661929742011650/,
2026-01-21 14:26:42-05:00,2026-01-21,14,like,Likes and Favorites.Like List.ItemFavoriteList,https://www.tiktokv.com/share/video/7583830764840652063/,
2026-01-21 14:25:47-05:00,2026-01-21,14,like,Likes and Favorites.Like List.ItemFavoriteList,https://www.tiktokv.com/share/video/7597444804552789262/,
2026-01-21 14:25:41-05:00,2026-01-21,14,like,Likes and Favorites.Like List.ItemFavoriteList,https://www.tiktokv.com/share/video/7596051995996310815/,
2026-01-21 14:24:38-05:00,2026-01-21,14,like,Likes and Favorites.Like List.ItemFavoriteList,https://www.tiktokv.com/share/video/7589714222544735519/,
2026-01-21 14:15:57-05:00,2026-01-21,14,like,Likes and Favorites.Like List.ItemFavoriteList,https://www.tiktokv.com/share/video/7595697568617614623/,
2026-01-21 14:15:44-05:00,2026-01-21,14,like,Likes and Favorites.Like List.ItemFavoriteList,https://www.tiktokv.com/share/video/7597115637609139486/,
2026-01-21 14:15:19-05:00,2026-01-21,14,like,Likes and Favorites.Like List.ItemFavoriteList,https://www.tiktokv.com/share/video/7595763837136063755/,
2026-01-21 14:14:22-05:00,2026-01-21,14,like,Likes and Favorites.Like List.ItemFavoriteList,https://www.tiktokv.com/share/video/7578178672738323743/,
2026-01-21 14:13:59-05:00,2026-01-21,14,like,Likes and Favorites.Like List.ItemFavoriteList,https://www.tiktokv.com/share/video/7589439149967510806/,
2026-01-21 14:13:12-05:00,2026-01-21,14,like,Likes and Favorites.Like List.ItemFavoriteList,https://www.tiktokv.com/share/video/7595192227777826070/,
2026-01-21 14:11:36-05:00,2026-01-21,14,like,Likes and Favorites.Like List.ItemFavoriteList,https://www.tiktokv.com/share/video/7597481768458980638/,
2026-01-21 14:10:23-05:00,2026-01-21,14,like,Likes and Favorites.Like List.ItemFavoriteList,https://www.tiktokv.com/share/video/7595554936616766750/,
2026-01-21 14:09:48-05:00,2026-01-21,14,like,Likes and Favorites.Like List.ItemFavoriteList,https://www.tiktokv.com/share/video/7589130192170339614/,
2026-01-21 14:08:51-05:00,2026-01-21,14,like,Likes and Favorites.Like List.ItemFavoriteList,https://www.tiktokv.com/share/video/7595990505750629646/,
2026-01-21 14:08:15-05:00,2026-01-21,14,like,Likes and Favorites.Like List.ItemFavoriteList,https://www.tiktokv.com/share/video/7217286876212825386/,
2026-01-21 14:05:20-05:00,2026-01-21,14,like,Likes and Favorites.Like List.ItemFavoriteList,https://www.tiktokv.com/share/video/7596814598653660447/,
2026-01-21 14:02:53-05:00,2026-01-21,14,like,Likes and Favorites.Like List.ItemFavoriteList,https://www.tiktokv.com/share/video/7592971075978398998/,
2026-01-21 14:00:43-05:00,2026-01-21,14,like,Likes and Favorites.Like List.ItemFavoriteList,https://www.tiktokv.com/share/video/7589044714242952478/,
2026-01-21 13:59:57-05:00,2026-01-21,13,like,Likes and Favorites.Like List.ItemFavoriteList,https://www.tiktokv.com/share/video/7596077297724083511/,
2026-01-21 13:59:03-05:00,2026-01-21,13,like,Likes and Favorites.Like List.ItemFavoriteList,https://www.tiktokv.com/share/video/7596701183604002061/,
2026-01-21 13:57:11-05:00,2026-01-21,13,like,Likes and Favorites.Like List.ItemFavoriteList,https://www.tiktokv.com/share/video/7595612591120977165/,
2026-01-21 13:56:30-05:00,2026-01-21,13,like,Likes and Favorites.Like List.ItemFavoriteList,https://www.tiktokv.com/share/video/7597268125477817631/,
2026-01-21 13:56:05-05:00,2026-01-21,13,like,Likes and Favorites.Like List.ItemFavoriteList,https://www.tiktokv.com/share/video/7596475673200397581/,
2026-01-21 13:54:00-05:00,2026-01-21,13,like,Likes and Favorites.Like List.ItemFavoriteList,https://www.tiktokv.com/share/video/7587471740847099166/,
2026-01-21 13:53:02-05:00,2026-01-21,13,like,Likes and Favorites.Like List.ItemFavoriteList,https://www.tiktokv.com/share/video/7584527692750425375/,
2026-01-21 13:50:09-05:00,2026-01-21,13,like,Likes and Favorites.Like List.ItemFavoriteList,https://www.tiktokv.com/share/video/7597111329073155342/,
2026-01-21 13:49:52-05:00,2026-01-21,13,like,Likes and Favorites.Like List.ItemFavoriteList,https://www.tiktokv.com/share/video/7597701934228786446/,
2026-01-21 13:48:30-05:00,2026-01-21,13,like,Likes and Favorites.Like List.ItemFavoriteList,https://www.tiktokv.com/share/video/7586516225669303583/,
2026-01-21 13:47:27-05:00,2026-01-21,13,like,Likes and Favorites.Like List.ItemFavoriteList,https://www.tiktokv.com/share/video/7592375004168310030/,
2026-01-21 13:46:41-05:00,2026-01-21,13,like,Likes and Favorites.Like List.ItemFavoriteList,https://www.tiktokv.com/share/video/7590579272197213453/,
2026-01-21 13:45:36-05:00,2026-01-21,13,like,Likes and Favorites.Like List.ItemFavoriteList,https://www.tiktokv.com/share/video/7596067807968644365/,
2026-01-21 13:45:03-05:00,2026-01-21,13,like,Likes and Favorites.Like List.ItemFavoriteList,https://www.tiktokv.com/share/video/7596044398840827166/,
2026-01-21 13:44:08-05:00,2026-01-21,13,like,Likes and Favorites.Like List.ItemFavoriteList,https://www.tiktokv.com/share/video/7596996038234246431/,
2026-01-21 13:43:36-05:00,2026-01-21,13,like,Likes and Favorites.Like List.ItemFavoriteList,https://www.tiktokv.com/share/video/7597675948238032159/,
2026-01-21 13:42:54-05:00,2026-01-21,13,like,Likes and Favorites.Like List.ItemFavoriteList,https://www.tiktokv.com/share/video/7597071127772450070/,
2026-01-21 13:42:20-05:00,2026-01-21,13,like,Likes and Favorites.Like List.ItemFavoriteList,https://www.tiktokv.com/share/video/7596828163796127031/,
2026-01-21 13:39:11-05:00,2026-01-21,13,like,Likes and Favorites.Like List.ItemFavoriteList,https://www.tiktokv.com/share/video/7596854394734284046/,
2026-01-21 13:38:19-05:00,2026-01-21,13,like,Likes and Favorites.Like List.ItemFavoriteList,https://www.tiktokv.com/share/video/7596406635724033294/,
2026-01-21 13:35:33-05:00,2026-01-21,13,like,Likes and Favorites.Like List.ItemFavoriteList,https://www.tiktokv.com/share/video/7596567799753936158/,
2026-01-21 13:34:48-05:00,2026-01-21,13,like,Likes and Favorites.Like List.ItemFavoriteList,https://www.tiktokv.com/share/video/7594577488882273558/,
2026-01-21 13:34:11-05:00,2026-01-21,13,like,Likes and Favorites.Like List.ItemFavoriteList,https://www.tiktokv.com/share/video/7590558905177017630/,
2026-01-21 13:32:22-05:00,2026-01-21,13,like,Likes and Favorites.Like List.ItemFavoriteList,https://www.tiktokv.com/share/video/7549691161024138527/,
2026-01-21 13:31:58-05:00,2026-01-21,13,like,Likes and Favorites.Like List.ItemFavoriteList,https://www.tiktokv.com/share/video/7596806071897967875/,
2026-01-21 13:31:51-05:00,2026-01-21,13,like,Likes and Favorites.Like List.ItemFavoriteList,https://www.tiktokv.com/share/video/7597667026995334430/,
2026-01-21 13:30:44-05:00,2026-01-21,13,like,Likes and Favorites.Like List.ItemFavoriteList,https://www.tiktokv.com/share/video/7597138667257302302/,
2026-01-21 13:29:50-05:00,2026-01-21,13,like,Likes and Favorites.Like List.ItemFavoriteList,https://www.tiktokv.com/share/video/7597177120187583774/,
2026-01-21 13:29:06-05:00,2026-01-21,13,like,Likes and Favorites.Like List.ItemFavoriteList,https://www.tiktokv.com/share/video/7597238196136709406/,
2026-01-21 13:28:17-05:00,2026-01-21,13,like,Likes and Favorites.Like List.ItemFavoriteList,https://www.tiktokv.com/share/video/7597162054239194399/,
2026-01-21 13:27:28-05:00,2026-01-21,13,like,Likes and Favorites.Like List.ItemFavoriteList,https://www.tiktokv.com/share/video/7597588875736861959/,
2026-01-21 13:27:06-05:00,2026-01-21,13,like,Likes and Favorites.Like List.ItemFavoriteList,https://www.tiktokv.com/share/video/7596068772851518750/,
2026-01-21 13:25:52-05:00,2026-01-21,13,like,Likes and Favorites.Like List.ItemFavoriteList,https://www.tiktokv.com/share/video/7596059515871710495/,
2026-01-21 05:51:12-05:00,2026-01-21,5,like,Likes and Favorites.Like List.ItemFavoriteList,https://www.tiktokv.com/share/video/7596856977238527263/,
2026-01-21 04:54:50-05:00,2026-01-21,4,like,Likes and Favorites.Like List.ItemFavoriteList,https://www.tiktokv.com/share/video/7210566014096936194/,
2026-01-20 23:45:49-05:00,2026-01-20,23,like,Likes and Favorites.Like List.ItemFavoriteList,https://www.tiktokv.com/share/video/7597105352689077559/,
2026-01-20 23:45:37-05:00,2026-01-20,23,like,Likes and Favorites.Like List.ItemFavoriteList,https://www.tiktokv.com/share/video/7596519440175467784/,
2026-01-20 23:45:15-05:00,2026-01-20,23,like,Likes and Favorites.Like List.ItemFavoriteList,https://www.tiktokv.com/share/video/7596464526644530446/,
2026-01-20 23:45:07-05:00,2026-01-20,23,like,Likes and Favorites.Like List.ItemFavoriteList,https://www.tiktokv.com/share/video/7596531699203296543/,
2026-01-20 23:44:54-05:00,2026-01-20,23,like,Likes and Favorites.Like List.ItemFavoriteList,https://www.tiktokv.com/share/video/7596520355162901791/,
2026-01-20 23:44:26-05:00,2026-01-20,23,like,Likes and Favorites.Like List.ItemFavoriteList,https://www.tiktokv.com/share/video/7596587939832859935/,
2026-01-20 23:43:56-05:00,2026-01-20,23,like,Likes and Favorites.Like List.ItemFavoriteList,https://www.tiktokv.com/share/video/7596528089245469982/,
2026-01-20 23:43:38-05:00,2026-01-20,23,like,Likes and Favorites.Like List.ItemFavoriteList,https://www.tiktokv.com/share/video/7597319693849890062/,
2026-01-20 23:43:21-05:00,2026-01-20,23,like,Likes and Favorites.Like List.ItemFavoriteList,https://www.tiktokv.com/share/video/7597483230538861855/,
2026-01-20 23:42:02-05:00,2026-01-20,23,like,Likes and Favorites.Like List.ItemFavoriteList,https://www.tiktokv.com/share/video/7596034449247079710/,
2026-01-20 17:26:08-05:00,2026-01-20,17,like,Likes and Favorites.Like List.ItemFavoriteList,https://www.tiktokv.com/share/video/7506440964420963606/,
2026-01-20 15:51:34-05:00,2026-01-20,15,like,Likes and Favorites.Like List.ItemFavoriteList,https://www.tiktokv.com/share/video/7595320756880477471/,
2026-01-20 15:49:21-05:00,2026-01-20,15,like,Likes and Favorites.Like List.ItemFavoriteList,https://www.tiktokv.com/share/video/7597268083232771359/,
2026-01-20 15:47:31-05:00,2026-01-20,15,like,Likes and Favorites.Like List.ItemFavoriteList,https://www.tiktokv.com/share/video/7597232477794487565/,
2026-01-20 15:47:06-05:00,2026-01-20,15,like,Likes and Favorites.Like List.ItemFavoriteList,https://www.tiktokv.com/share/video/7596106316427300127/,
2026-01-20 15:44:00-05:00,2026-01-20,15,like,Likes and Favorites.Like List.ItemFavoriteList,https://www.tiktokv.com/share/video/7596374507032513806/,
2026-01-20 15:43:27-05:00,2026-01-20,15,like,Likes and Favorites.Like List.ItemFavoriteList,https://www.tiktokv.com/share/video/7597244690768989471/,
2026-01-20 15:34:08-05:00,2026-01-20,15,like,Likes and Favorites.Like List.ItemFavoriteList,https://www.tiktokv.com/share/video/7597492711649742093/,
2026-01-20 12:54:42-05:00,2026-01-20,12,like,Likes and Favorites.Like List.ItemFavoriteList,https://www.tiktokv.com/share/video/7587588402137025814/,
2026-01-20 03:14:32-05:00,2026-01-20,3,like,Likes and Favorites.Like List.ItemFavoriteList,https://www.tiktokv.com/share/video/7208329665746947370/,
2026-01-20 03:14:13-05:00,2026-01-20,3,like,Likes and Favorites.Like List.ItemFavoriteList,https://www.tiktokv.com/share/video/7453969851883752736/,
2026-01-19 21:44:00-05:00,2026-01-19,21,like,Likes and Favorites.Like List.ItemFavoriteList,https://www.tiktokv.com/share/video/7365237397698792737/,
2026-01-19 21:43:23-05:00,2026-01-19,21,like,Likes and Favorites.Like List.ItemFavoriteList,https://www.tiktokv.com/share/video/7370964854972140846/,
2026-01-19 21:43:05-05:00,2026-01-19,21,like,Likes and Favorites.Like List.ItemFavoriteList,https://www.tiktokv.com/share/video/7593358052393372950/,
2026-01-19 21:41:37-05:00,2026-01-19,21,like,Likes and Favorites.Like List.ItemFavoriteList,https://www.tiktokv.com/share/video/7595259950952205623/,
2026-01-19 19:02:32-05:00,2026-01-19,19,like,Likes and Favorites.Like List.ItemFavoriteList,https://www.tiktokv.com/share/video/7596822198619344142/,
2026-01-19 17:47:30-05:00,2026-01-19,17,like,Likes and Favorites.Like List.ItemFavoriteList,https://www.tiktokv.com/share/video/7596170290795744519/,
2026-01-19 17:46:17-05:00,2026-01-19,17,like,Likes and Favorites.Like List.ItemFavoriteList,https://www.tiktokv.com/share/video/7596508369821699383/,
2026-01-19 16:40:27-05:00,2026-01-19,16,like,Likes and Favorites.Like List.ItemFavoriteList,https://www.tiktokv.com/share/video/7576888049896819999/,
2026-01-19 16:39:53-05:00,2026-01-19,16,like,Likes and Favorites.Like List.ItemFavoriteList,https://www.tiktokv.com/share/video/7596860832722472247/,
2026-01-19 14:45:00-05:00,2026-01-19,14,like,Likes and Favorites.Like List.ItemFavoriteList,https://www.tiktokv.com/share/video/7572713088701566221/,
2026-01-19 14:44:19-05:00,2026-01-19,14,like,Likes and Favorites.Like List.ItemFavoriteList,https://www.tiktokv.com/share/video/7442091959017131286/,
2026-01-19 14:44:14-05:00,2026-01-19,14,like,Likes and Favorites.Like List.ItemFavoriteList,https://www.tiktokv.com/share/video/7347903022103547169/,
2026-01-19 14:44:00-05:00,2026-01-19,14,like,Likes and Favorites.Like List.ItemFavoriteList,https://www.tiktokv.com/share/video/7596096664474062111/,
2026-01-19 14:36:38-05:00,2026-01-19,14,like,Likes and Favorites.Like List.ItemFavoriteList,https://www.tiktokv.com/share/video/7595843289467669791/,
2026-01-19 14:35:38-05:00,2026-01-19,14,like,Likes and Favorites.Like List.ItemFavoriteList,https://www.tiktokv.com/share/video/7596070441903557902/,
2026-01-19 14:35:00-05:00,2026-01-19,14,like,Likes and Favorites.Like List.ItemFavoriteList,https://www.tiktokv.com/share/video/7592021233407888671/,
2026-01-19 14:34:36-05:00,2026-01-19,14,like,Likes and Favorites.Like List.ItemFavoriteList,https://www.tiktokv.com/share/video/7596786818004176142/,
2026-01-19 14:25:47-05:00,2026-01-19,14,like,Likes and Favorites.Like List.ItemFavoriteList,https://www.tiktokv.com/share/video/7596869716581436703/,
2026-01-19 14:25:10-05:00,2026-01-19,14,like,Likes and Favorites.Like List.ItemFavoriteList,https://www.tiktokv.com/share/video/7596897386316696845/,
2026-01-19 12:22:50-05:00,2026-01-19,12,like,Likes and Favorites.Like List.ItemFavoriteList,https://www.tiktokv.com/share/video/7596952663154101534/,
2026-01-19 00:49:14-05:00,2026-01-19,0,like,Likes and Favorites.Like List.ItemFavoriteList,https://www.tiktokv.com/share/video/7381012237764365600/,
2026-01-19 00:38:24-05:00,2026-01-19,0,like,Likes and Favorites.Like List.ItemFavoriteList,https://www.tiktokv.com/share/video/7595933204373196062/,
2026-01-18 23:49:39-05:00,2026-01-18,23,like,Likes and Favorites.Like List.ItemFavoriteList,https://www.tiktokv.com/share/video/7595353353031306516/,
2026-01-18 21:42:22-05:00,2026-01-18,21,like,Likes and Favorites.Like List.ItemFavoriteList,https://www.tiktokv.com/share/video/7596294302041525535/,
2026-01-18 21:28:31-05:00,2026-01-18,21,like,Likes and Favorites.Like List.ItemFavoriteList,https://www.tiktokv.com/share/video/7596823330842299678/,
2026-01-18 21:27:44-05:00,2026-01-18,21,like,Likes and Favorites.Like List.ItemFavoriteList,https://www.tiktokv.com/share/video/7596553912308600077/,
2026-01-18 18:34:43-05:00,2026-01-18,18,like,Likes and Favorites.Like List.ItemFavoriteList,https://www.tiktokv.com/share/video/7596628447598742815/,
2026-01-18 18:26:50-05:00,2026-01-18,18,like,Likes and Favorites.Like List.ItemFavoriteList,https://www.tiktokv.com/share/video/7596003944120257822/,
2026-01-18 18:26:10-05:00,2026-01-18,18,like,Likes and Favorites.Like List.ItemFavoriteList,https://www.tiktokv.com/share/video/7596567398791007518/,
2026-01-18 18:25:53-05:00,2026-01-18,18,like,Likes and Favorites.Like List.ItemFavoriteList,https://www.tiktokv.com/share/video/7596363231673715999/,
2026-01-18 18:25:37-05:00,2026-01-18,18,like,Likes and Favorites.Like List.ItemFavoriteList,https://www.tiktokv.com/share/video/7596129976982785310/,
2026-01-18 18:23:10-05:00,2026-01-18,18,like,Likes and Favorites.Like List.ItemFavoriteList,https://www.tiktokv.com/share/video/7596524868338797855/,
2026-01-18 16:20:09-05:00,2026-01-18,16,like,Likes and Favorites.Like List.ItemFavoriteList,https://www.tiktokv.com/share/video/7596450090600910111/,
2026-01-18 16:19:20-05:00,2026-01-18,16,like,Likes and Favorites.Like List.ItemFavoriteList,https://www.tiktokv.com/share/video/7595309545870609695/,
2026-01-18 16:19:05-05:00,2026-01-18,16,like,Likes and Favorites.Like List.ItemFavoriteList,https://www.tiktokv.com/share/video/7596559282821139742/,
2026-01-18 16:18:56-05:00,2026-01-18,16,like,Likes and Favorites.Like List.ItemFavoriteList,https://www.tiktokv.com/share/video/7596067339074866454/,
2026-01-18 16:18:22-05:00,2026-01-18,16,like,Likes and Favorites.Like List.ItemFavoriteList,https://www.tiktokv.com/share/video/7596414411787570445/,
2026-01-18 16:18:15-05:00,2026-01-18,16,like,Likes and Favorites.Like List.ItemFavoriteList,https://www.tiktokv.com/share/video/7575582360800906527/,
2026-01-18 16:15:41-05:00,2026-01-18,16,like,Likes and Favorites.Like List.ItemFavoriteList,https://www.tiktokv.com/share/video/7099670672879717634/,
2026-01-18 16:14:17-05:00,2026-01-18,16,like,Likes and Favorites.Like List.ItemFavoriteList,https://www.tiktokv.com/share/video/7595971231715708173/,
2026-01-18 16:13:53-05:00,2026-01-18,16,like,Likes and Favorites.Like List.ItemFavoriteList,https://www.tiktokv.com/share/video/7573637085488352530/,
2026-01-17 23:43:15-05:00,2026-01-17,23,like,Likes and Favorites.Like List.ItemFavoriteList,https://www.tiktokv.com/share/video/7594107142290885918/,
2026-01-17 23:41:22-05:00,2026-01-17,23,like,Likes and Favorites.Like List.ItemFavoriteList,https://www.tiktokv.com/share/video/7503203299462565166/,
2026-01-17 23:37:36-05:00,2026-01-17,23,like,Likes and Favorites.Like List.ItemFavoriteList,https://www.tiktokv.com/share/video/7480735856748285230/,
2026-01-17 23:36:45-05:00,2026-01-17,23,like,Likes and Favorites.Like List.ItemFavoriteList,https://www.tiktokv.com/share/video/7596097379787492639/,
2026-01-17 23:36:20-05:00,2026-01-17,23,like,Likes and Favorites.Like List.ItemFavoriteList,https://www.tiktokv.com/share/video/7581530010154978580/,
2026-01-17 23:33:10-05:00,2026-01-17,23,like,Likes and Favorites.Like List.ItemFavoriteList,https://www.tiktokv.com/share/video/7511343550030744834/,
2026-01-17 23:32:06-05:00,2026-01-17,23,like,Likes and Favorites.Like List.ItemFavoriteList,https://www.tiktokv.com/share/video/7596155608630299934/,
2026-01-17 22:54:03-05:00,2026-01-17,22,like,Likes and Favorites.Like List.ItemFavoriteList,https://www.tiktokv.com/share/video/7595647854614498581/,
2026-01-17 22:52:59-05:00,2026-01-17,22,like,Likes and Favorites.Like List.ItemFavoriteList,https://www.tiktokv.com/share/video/7595760635808353550/,
2026-01-17 22:52:32-05:00,2026-01-17,22,like,Likes and Favorites.Like List.ItemFavoriteList,https://www.tiktokv.com/share/video/7595730393282776351/,
2026-01-17 22:51:58-05:00,2026-01-17,22,like,Likes and Favorites.Like List.ItemFavoriteList,https://www.tiktokv.com/share/video/7589002983422135607/,
2026-01-17 22:51:41-05:00,2026-01-17,22,like,Likes and Favorites.Like List.ItemFavoriteList,https://www.tiktokv.com/share/video/7593133973472103693/,
2026-01-17 22:51:26-05:00,2026-01-17,22,like,Likes and Favorites.Like List.ItemFavoriteList,https://www.tiktokv.com/share/video/7596478105473142029/,
2026-01-17 22:49:43-05:00,2026-01-17,22,like,Likes and Favorites.Like List.ItemFavoriteList,https://www.tiktokv.com/share/video/7595977557086915895/,
2026-01-17 22:48:59-05:00,2026-01-17,22,like,Likes and Favorites.Like List.ItemFavoriteList,https://www.tiktokv.com/share/video/7596096328875166989/,
2026-01-17 22:48:51-05:00,2026-01-17,22,like,Likes and Favorites.Like List.ItemFavoriteList,https://www.tiktokv.com/share/video/7596529247963974942/,
2026-01-17 22:48:27-05:00,2026-01-17,22,like,Likes and Favorites.Like List.ItemFavoriteList,https://www.tiktokv.com/share/video/7596044668777811255/,
2026-01-17 09:02:24-05:00,2026-01-17,9,like,Likes and Favorites.Like List.ItemFavoriteList,https://www.tiktokv.com/share/video/7573177476503981342/,
2026-01-16 20:39:46-05:00,2026-01-16,20,like,Likes and Favorites.Like List.ItemFavoriteList,https://www.tiktokv.com/share/video/7595313758059187487/,
2026-01-16 20:37:38-05:00,2026-01-16,20,like,Likes and Favorites.Like List.ItemFavoriteList,https://www.tiktokv.com/share/video/7595671149556682015/,
2026-01-16 16:42:49-05:00,2026-01-16,16,like,Likes and Favorites.Like List.ItemFavoriteList,https://www.tiktokv.com/share/video/7393252308471090440/,
2026-01-16 16:41:54-05:00,2026-01-16,16,like,Likes and Favorites.Like List.ItemFavoriteList,https://www.tiktokv.com/share/video/7393252302229933319/,
2026-01-16 16:41:17-05:00,2026-01-16,16,like,Likes and Favorites.Like List.ItemFavoriteList,https://www.tiktokv.com/share/video/7393252307040767240/,
2026-01-16 16:40:08-05:00,2026-01-16,16,like,Likes and Favorites.Like List.ItemFavoriteList,https://www.tiktokv.com/share/video/7393252306164124946/,
2026-01-16 16:39:24-05:00,2026-01-16,16,like,Likes and Favorites.Like List.ItemFavoriteList,https://www.tiktokv.com/share/video/7393252304121564434/,
2026-01-16 16:38:41-05:00,2026-01-16,16,like,Likes and Favorites.Like List.ItemFavoriteList,https://www.tiktokv.com/share/video/7393252302670400776/,
2026-01-16 16:38:20-05:00,2026-01-16,16,like,Likes and Favorites.Like List.ItemFavoriteList,https://www.tiktokv.com/share/video/7393252304100674823/,
2026-01-16 16:36:58-05:00,2026-01-16,16,like,Likes and Favorites.Like List.ItemFavoriteList,https://www.tiktokv.com/share/video/7393252306789190930/,
2026-01-16 16:35:53-05:00,2026-01-16,16,like,Likes and Favorites.Like List.ItemFavoriteList,https://www.tiktokv.com/share/video/7393252306319314183/,
2026-01-16 16:34:31-05:00,2026-01-16,16,like,Likes and Favorites.Like List.ItemFavoriteList,https://www.tiktokv.com/share/video/7393252297075182856/,
2026-01-16 16:33:57-05:00,2026-01-16,16,like,Likes and Favorites.Like List.ItemFavoriteList,https://www.tiktokv.com/share/video/7502944635858275606/,
2026-01-16 16:01:29-05:00,2026-01-16,16,like,Likes and Favorites.Like List.ItemFavoriteList,https://www.tiktokv.com/share/video/7595989878123351318/,
2026-01-16 16:00:34-05:00,2026-01-16,16,like,Likes and Favorites.Like List.ItemFavoriteList,https://www.tiktokv.com/share/video/7575135638312193310/,
2026-01-16 15:58:23-05:00,2026-01-16,15,like,Likes and Favorites.Like List.ItemFavoriteList,https://www.tiktokv.com/share/video/7594608080801910071/,
2026-01-16 15:57:43-05:00,2026-01-16,15,like,Likes and Favorites.Like List.ItemFavoriteList,https://www.tiktokv.com/share/video/7595068278532345109/,
2026-01-16 15:12:28-05:00,2026-01-16,15,like,Likes and Favorites.Like List.ItemFavoriteList,https://www.tiktokv.com/share/video/7593487339582672158/,
2026-01-16 15:08:53-05:00,2026-01-16,15,like,Likes and Favorites.Like List.ItemFavoriteList,https://www.tiktokv.com/share/video/7592893452208114999/,
2026-01-16 15:07:16-05:00,2026-01-16,15,like,Likes and Favorites.Like List.ItemFavoriteList,https://www.tiktokv.com/share/video/7595294462172089607/,
2026-01-16 15:07:02-05:00,2026-01-16,15,like,Likes and Favorites.Like List.ItemFavoriteList,https://www.tiktokv.com/share/video/7595443905001180447/,
2026-01-16 15:06:02-05:00,2026-01-16,15,like,Likes and Favorites.Like List.ItemFavoriteList,https://www.tiktokv.com/share/video/7594893194807069982/,
2026-01-16 12:35:03-05:00,2026-01-16,12,like,Likes and Favorites.Like List.ItemFavoriteList,https://www.tiktokv.com/share/video/7590605014125530381/,
2026-01-16 12:34:01-05:00,2026-01-16,12,like,Likes and Favorites.Like List.ItemFavoriteList,https://www.tiktokv.com/share/video/7595485184997281079/,
2026-01-15 20:40:25-05:00,2026-01-15,20,like,Likes and Favorites.Like List.ItemFavoriteList,https://www.tiktokv.com/share/video/7595289744280472862/,
2026-01-15 20:39:12-05:00,2026-01-15,20,like,Likes and Favorites.Like List.ItemFavoriteList,https://www.tiktokv.com/share/video/7586046124759289101/,
2026-01-15 20:38:17-05:00,2026-01-15,20,like,Likes and Favorites.Like List.ItemFavoriteList,https://www.tiktokv.com/share/video/7579553340049181983/,
2026-01-15 10:55:13-05:00,2026-01-15,10,like,Likes and Favorites.Like List.ItemFavoriteList,https://www.tiktokv.com/share/video/7564169382641880342/,
2026-01-15 10:55:03-05:00,2026-01-15,10,like,Likes and Favorites.Like List.ItemFavoriteList,https://www.tiktokv.com/share/video/7573509824462245134/,
2026-01-15 10:51:48-05:00,2026-01-15,10,like,Likes and Favorites.Like List.ItemFavoriteList,https://www.tiktokv.com/share/video/7592347239507414303/,
2026-01-15 10:51:13-05:00,2026-01-15,10,like,Likes and Favorites.Like List.ItemFavoriteList,https://www.tiktokv.com/share/video/7595371750041341214/,
2026-01-15 10:50:28-05:00,2026-01-15,10,like,Likes and Favorites.Like List.ItemFavoriteList,https://www.tiktokv.com/share/video/7595353476150906143/,
2026-01-15 10:50:13-05:00,2026-01-15,10,like,Likes and Favorites.Like List.ItemFavoriteList,https://www.tiktokv.com/share/video/7585676712831175968/,
2026-01-14 23:40:10-05:00,2026-01-14,23,like,Likes and Favorites.Like List.ItemFavoriteList,https://www.tiktokv.com/share/video/7088056886012022022/,
2026-01-14 22:06:07-05:00,2026-01-14,22,like,Likes and Favorites.Like List.ItemFavoriteList,https://www.tiktokv.com/share/video/7583394682026216726/,
2026-01-14 16:36:33-05:00,2026-01-14,16,like,Likes and Favorites.Like List.ItemFavoriteList,https://www.tiktokv.com/share/video/7594567595303505182/,
2026-01-14 16:36:12-05:00,2026-01-14,16,like,Likes and Favorites.Like List.ItemFavoriteList,https://www.tiktokv.com/share/video/7578988888438476054/,
2026-01-14 16:35:03-05:00,2026-01-14,16,like,Likes and Favorites.Like List.ItemFavoriteList,https://www.tiktokv.com/share/video/7593434946929249558/,
2026-01-14 16:33:21-05:00,2026-01-14,16,like,Likes and Favorites.Like List.ItemFavoriteList,https://www.tiktokv.com/share/video/7593201386943253782/,
2026-01-14 16:31:34-05:00,2026-01-14,16,like,Likes and Favorites.Like List.ItemFavoriteList,https://www.tiktokv.com/share/video/7576031717413145878/,
2026-01-14 16:30:50-05:00,2026-01-14,16,like,Likes and Favorites.Like List.ItemFavoriteList,https://www.tiktokv.com/share/video/7593722920304741634/,
2026-01-14 16:30:32-05:00,2026-01-14,16,like,Likes and Favorites.Like List.ItemFavoriteList,https://www.tiktokv.com/share/video/7592139681127599415/,
2026-01-14 16:30:01-05:00,2026-01-14,16,like,Likes and Favorites.Like List.ItemFavoriteList,https://www.tiktokv.com/share/video/7583220875579706637/,
2026-01-14 16:29:13-05:00,2026-01-14,16,like,Likes and Favorites.Like List.ItemFavoriteList,https://www.tiktokv.com/share/video/7594338959023541559/,
2026-01-14 16:28:55-05:00,2026-01-14,16,like,Likes and Favorites.Like List.ItemFavoriteList,https://www.tiktokv.com/share/video/7594538254716734734/,
2026-01-14 16:27:58-05:00,2026-01-14,16,like,Likes and Favorites.Like List.ItemFavoriteList,https://www.tiktokv.com/share/video/7589234432314199318/,
2026-01-14 16:26:44-05:00,2026-01-14,16,like,Likes and Favorites.Like List.ItemFavoriteList,https://www.tiktokv.com/share/video/7594793099222715703/,
2026-01-14 16:24:58-05:00,2026-01-14,16,like,Likes and Favorites.Like List.ItemFavoriteList,https://www.tiktokv.com/share/video/7591616680715963670/,
2026-01-14 16:22:49-05:00,2026-01-14,16,like,Likes and Favorites.Like List.ItemFavoriteList,https://www.tiktokv.com/share/video/7595116952721313038/,
2026-01-14 16:22:04-05:00,2026-01-14,16,like,Likes and Favorites.Like List.ItemFavoriteList,https://www.tiktokv.com/share/video/7594260793315642637/,
2026-01-14 16:21:00-05:00,2026-01-14,16,like,Likes and Favorites.Like List.ItemFavoriteList,https://www.tiktokv.com/share/video/7595221558587673886/,
2026-01-14 16:20:28-05:00,2026-01-14,16,like,Likes and Favorites.Like List.ItemFavoriteList,https://www.tiktokv.com/share/video/7594518710543568131/,
2026-01-14 16:20:18-05:00,2026-01-14,16,like,Likes and Favorites.Like List.ItemFavoriteList,https://www.tiktokv.com/share/video/7583806839297461518/,
2026-01-14 16:19:55-05:00,2026-01-14,16,like,Likes and Favorites.Like List.ItemFavoriteList,https://www.tiktokv.com/share/video/7563479082927770894/,
2026-01-14 16:18:51-05:00,2026-01-14,16,like,Likes and Favorites.Like List.ItemFavoriteList,https://www.tiktokv.com/share/video/7592778177148243222/,
2026-01-14 16:17:44-05:00,2026-01-14,16,like,Likes and Favorites.Like List.ItemFavoriteList,https://www.tiktokv.com/share/video/7595040835817770270/,
2026-01-14 15:46:00-05:00,2026-01-14,15,like,Likes and Favorites.Like List.ItemFavoriteList,https://www.tiktokv.com/share/video/7594598082864631071/,
2026-01-14 15:45:09-05:00,2026-01-14,15,like,Likes and Favorites.Like List.ItemFavoriteList,https://www.tiktokv.com/share/video/7586294195996970260/,
2026-01-14 15:43:16-05:00,2026-01-14,15,like,Likes and Favorites.Like List.ItemFavoriteList,https://www.tiktokv.com/share/video/7594939570777541919/,
2026-01-14 15:34:52-05:00,2026-01-14,15,like,Likes and Favorites.Like List.ItemFavoriteList,https://www.tiktokv.com/share/video/7594685703171132703/,
2026-01-14 15:34:36-05:00,2026-01-14,15,like,Likes and Favorites.Like List.ItemFavoriteList,https://www.tiktokv.com/share/video/7595221407785585950/,
2026-01-14 15:33:49-05:00,2026-01-14,15,like,Likes and Favorites.Like List.ItemFavoriteList,https://www.tiktokv.com/share/video/7594123069199764758/,
2026-01-14 15:16:21-05:00,2026-01-14,15,like,Likes and Favorites.Like List.ItemFavoriteList,https://www.tiktokv.com/share/video/7594784161269927198/,
2026-01-14 15:15:27-05:00,2026-01-14,15,like,Likes and Favorites.Like List.ItemFavoriteList,https://www.tiktokv.com/share/video/7594541490139876638/,
2026-01-14 15:14:23-05:00,2026-01-14,15,like,Likes and Favorites.Like List.ItemFavoriteList,https://www.tiktokv.com/share/video/7594573290459483405/,
2026-01-14 04:13:29-05:00,2026-01-14,4,like,Likes and Favorites.Like List.ItemFavoriteList,https://www.tiktokv.com/share/video/7584917954400161038/,
2026-01-14 04:12:28-05:00,2026-01-14,4,like,Likes and Favorites.Like List.ItemFavoriteList,https://www.tiktokv.com/share/video/7578517638922407181/,
2026-01-14 04:11:43-05:00,2026-01-14,4,like,Likes and Favorites.Like List.ItemFavoriteList,https://www.tiktokv.com/share/video/7581914960289139999/,
2026-01-14 03:36:49-05:00,2026-01-14,3,like,Likes and Favorites.Like List.ItemFavoriteList,https://www.tiktokv.com/share/video/7584159120769453326/,
2026-01-14 03:35:36-05:00,2026-01-14,3,like,Likes and Favorites.Like List.ItemFavoriteList,https://www.tiktokv.com/share/video/7594279657290206495/,
2026-01-14 03:34:40-05:00,2026-01-14,3,like,Likes and Favorites.Like List.ItemFavoriteList,https://www.tiktokv.com/share/video/7578545649814146318/,
2026-01-14 03:33:36-05:00,2026-01-14,3,like,Likes and Favorites.Like List.ItemFavoriteList,https://www.tiktokv.com/share/video/7578665353409006870/,
2026-01-14 03:31:20-05:00,2026-01-14,3,like,Likes and Favorites.Like List.ItemFavoriteList,https://www.tiktokv.com/share/video/7575775191112895774/,
2026-01-14 03:30:50-05:00,2026-01-14,3,like,Likes and Favorites.Like List.ItemFavoriteList,https://www.tiktokv.com/share/video/7588756251803127071/,
2026-01-14 03:29:52-05:00,2026-01-14,3,like,Likes and Favorites.Like List.ItemFavoriteList,https://www.tiktokv.com/share/video/7585343715489631501/,
2026-01-14 03:29:10-05:00,2026-01-14,3,like,Likes and Favorites.Like List.ItemFavoriteList,https://www.tiktokv.com/share/video/7591305423253228822/,
2026-01-14 03:28:53-05:00,2026-01-14,3,like,Likes and Favorites.Like List.ItemFavoriteList,https://www.tiktokv.com/share/video/7585003422953458947/,
2026-01-14 03:27:17-05:00,2026-01-14,3,like,Likes and Favorites.Like List.ItemFavoriteList,https://www.tiktokv.com/share/video/7588121373319367949/,
2026-01-14 03:25:26-05:00,2026-01-14,3,like,Likes and Favorites.Like List.ItemFavoriteList,https://www.tiktokv.com/share/video/7586891034014010637/,
2026-01-14 03:24:40-05:00,2026-01-14,3,like,Likes and Favorites.Like List.ItemFavoriteList,https://www.tiktokv.com/share/video/7578707032602135821/,
2026-01-14 03:23:05-05:00,2026-01-14,3,like,Likes and Favorites.Like List.ItemFavoriteList,https://www.tiktokv.com/share/video/7593803191360179511/,
2026-01-14 03:21:51-05:00,2026-01-14,3,like,Likes and Favorites.Like List.ItemFavoriteList,https://www.tiktokv.com/share/video/7579317478166121742/,
2026-01-14 03:20:38-05:00,2026-01-14,3,like,Likes and Favorites.Like List.ItemFavoriteList,https://www.tiktokv.com/share/video/7594592184201006349/,
2026-01-14 03:20:00-05:00,2026-01-14,3,like,Likes and Favorites.Like List.ItemFavoriteList,https://www.tiktokv.com/share/video/7594270615159278855/,
2026-01-14 03:19:11-05:00,2026-01-14,3,like,Likes and Favorites.Like List.ItemFavoriteList,https://www.tiktokv.com/share/video/7594865402048482591/,
2026-01-14 03:17:04-05:00,2026-01-14,3,like,Likes and Favorites.Like List.ItemFavoriteList,https://www.tiktokv.com/share/video/7585229947195624717/,
2026-01-14 03:15:46-05:00,2026-01-14,3,like,Likes and Favorites.Like List.ItemFavoriteList,https://www.tiktokv.com/share/video/7594116700040138006/,
2026-01-14 03:15:33-05:00,2026-01-14,3,like,Likes and Favorites.Like List.ItemFavoriteList,https://www.tiktokv.com/share/video/7572337656609246495/,
2026-01-14 03:15:25-05:00,2026-01-14,3,like,Likes and Favorites.Like List.ItemFavoriteList,https://www.tiktokv.com/share/video/7583379558066359583/,
2026-01-14 03:13:27-05:00,2026-01-14,3,like,Likes and Favorites.Like List.ItemFavoriteList,https://www.tiktokv.com/share/video/7586011470199147790/,
2026-01-14 03:12:55-05:00,2026-01-14,3,like,Likes and Favorites.Like List.ItemFavoriteList,https://www.tiktokv.com/share/video/7585940316146896136/,
2026-01-14 03:12:38-05:00,2026-01-14,3,like,Likes and Favorites.Like List.ItemFavoriteList,https://www.tiktokv.com/share/video/7586111582741024031/,
2026-01-14 03:12:02-05:00,2026-01-14,3,like,Likes and Favorites.Like List.ItemFavoriteList,https://www.tiktokv.com/share/video/7586417282054671630/,
2026-01-14 03:11:22-05:00,2026-01-14,3,like,Likes and Favorites.Like List.ItemFavoriteList,https://www.tiktokv.com/share/video/7585792403123047700/,
2026-01-14 02:28:10-05:00,2026-01-14,2,like,Likes and Favorites.Like List.ItemFavoriteList,https://www.tiktokv.com/share/video/7593615621703699742/,
2026-01-14 02:28:01-05:00,2026-01-14,2,like,Likes and Favorites.Like List.ItemFavoriteList,https://www.tiktokv.com/share/video/7585245669862952222/,
2026-01-14 02:26:49-05:00,2026-01-14,2,like,Likes and Favorites.Like List.ItemFavoriteList,https://www.tiktokv.com/share/video/7589349889063079182/,
2026-01-14 02:21:15-05:00,2026-01-14,2,like,Likes and Favorites.Like List.ItemFavoriteList,https://www.tiktokv.com/share/video/7593436412901477663/,
2026-01-14 02:19:15-05:00,2026-01-14,2,like,Likes and Favorites.Like List.ItemFavoriteList,https://www.tiktokv.com/share/video/7593766934047477006/,
2026-01-14 01:49:50-05:00,2026-01-14,1,like,Likes and Favorites.Like List.ItemFavoriteList,https://www.tiktokv.com/share/video/7594132940095835405/,
2026-01-14 01:49:20-05:00,2026-01-14,1,like,Likes and Favorites.Like List.ItemFavoriteList,https://www.tiktokv.com/share/video/7588585166835174670/,
2026-01-14 01:48:45-05:00,2026-01-14,1,like,Likes and Favorites.Like List.ItemFavoriteList,https://www.tiktokv.com/share/video/7594957222493359373/,
2026-01-14 01:47:42-05:00,2026-01-14,1,like,Likes and Favorites.Like List.ItemFavoriteList,https://www.tiktokv.com/share/video/7515595873166921006/,
2026-01-14 01:46:35-05:00,2026-01-14,1,like,Likes and Favorites.Like List.ItemFavoriteList,https://www.tiktokv.com/share/video/7545916691897666829/,
2026-01-14 01:43:51-05:00,2026-01-14,1,like,Likes and Favorites.Like List.ItemFavoriteList,https://www.tiktokv.com/share/video/7591713855110188318/,
2026-01-14 01:42:28-05:00,2026-01-14,1,like,Likes and Favorites.Like List.ItemFavoriteList,https://www.tiktokv.com/share/video/7594248229814897975/,
2026-01-14 01:42:04-05:00,2026-01-14,1,like,Likes and Favorites.Like List.ItemFavoriteList,https://www.tiktokv.com/share/video/7594892601854135607/,
2026-01-14 01:41:10-05:00,2026-01-14,1,like,Likes and Favorites.Like List.ItemFavoriteList,https://www.tiktokv.com/share/video/7592138043407093006/,
2026-01-14 01:40:34-05:00,2026-01-14,1,like,Likes and Favorites.Like List.ItemFavoriteList,https://www.tiktokv.com/share/video/7593950008098016543/,
2026-01-14 01:40:18-05:00,2026-01-14,1,like,Likes and Favorites.Like List.ItemFavoriteList,https://www.tiktokv.com/share/video/7586047757308218637/,
2026-01-14 01:37:43-05:00,2026-01-14,1,like,Likes and Favorites.Like List.ItemFavoriteList,https://www.tiktokv.com/share/video/7594814590957948173/,
2026-01-14 01:37:35-05:00,2026-01-14,1,like,Likes and Favorites.Like List.ItemFavoriteList,https://www.tiktokv.com/share/video/7577902131391352094/,
2026-01-14 01:37:26-05:00,2026-01-14,1,like,Likes and Favorites.Like List.ItemFavoriteList,https://www.tiktokv.com/share/video/7594027731596168461/,
2026-01-14 01:36:13-05:00,2026-01-14,1,like,Likes and Favorites.Like List.ItemFavoriteList,https://www.tiktokv.com/share/video/7594553839919844663/,
2026-01-14 01:35:29-05:00,2026-01-14,1,like,Likes and Favorites.Like List.ItemFavoriteList,https://www.tiktokv.com/share/video/7590139455453809950/,
2026-01-14 01:32:14-05:00,2026-01-14,1,like,Likes and Favorites.Like List.ItemFavoriteList,https://www.tiktokv.com/share/video/7594549423678524702/,
2026-01-14 01:31:03-05:00,2026-01-14,1,like,Likes and Favorites.Like List.ItemFavoriteList,https://www.tiktokv.com/share/video/7594122207094148365/,
2026-01-14 01:30:01-05:00,2026-01-14,1,like,Likes and Favorites.Like List.ItemFavoriteList,https://www.tiktokv.com/share/video/7594852687359823124/,
2026-01-14 01:29:37-05:00,2026-01-14,1,like,Likes and Favorites.Like List.ItemFavoriteList,https://www.tiktokv.com/share/video/7594752572875918622/,
2026-01-14 01:27:17-05:00,2026-01-14,1,like,Likes and Favorites.Like List.ItemFavoriteList,https://www.tiktokv.com/share/video/7588997025795034423/,
2026-01-14 01:23:13-05:00,2026-01-14,1,like,Likes and Favorites.Like List.ItemFavoriteList,https://www.tiktokv.com/share/video/7576852160265063693/,
2026-01-14 01:22:59-05:00,2026-01-14,1,like,Likes and Favorites.Like List.ItemFavoriteList,https://www.tiktokv.com/share/video/7584559413491404063/,
2026-01-14 01:21:50-05:00,2026-01-14,1,like,Likes and Favorites.Like List.ItemFavoriteList,https://www.tiktokv.com/share/video/7586230652790410518/,
2026-01-14 01:19:51-05:00,2026-01-14,1,like,Likes and Favorites.Like List.ItemFavoriteList,https://www.tiktokv.com/share/video/7594978467826093342/,
2026-01-14 01:19:33-05:00,2026-01-14,1,like,Likes and Favorites.Like List.ItemFavoriteList,https://www.tiktokv.com/share/video/7593818756384558367/,
2026-01-14 01:19:01-05:00,2026-01-14,1,like,Likes and Favorites.Like List.ItemFavoriteList,https://www.tiktokv.com/share/video/7586874963458657549/,
2026-01-14 01:18:46-05:00,2026-01-14,1,like,Likes and Favorites.Like List.ItemFavoriteList,https://www.tiktokv.com/share/video/7593241205220166943/,
2026-01-14 01:16:52-05:00,2026-01-14,1,like,Likes and Favorites.Like List.ItemFavoriteList,https://www.tiktokv.com/share/video/7594957626341854478/,
2026-01-14 01:15:37-05:00,2026-01-14,1,like,Likes and Favorites.Like List.ItemFavoriteList,https://www.tiktokv.com/share/video/7583855224637443359/,
2026-01-14 01:15:12-05:00,2026-01-14,1,like,Likes and Favorites.Like List.ItemFavoriteList,https://www.tiktokv.com/share/video/7575622336947227959/,
2026-01-14 01:03:45-05:00,2026-01-14,1,like,Likes and Favorites.Like List.ItemFavoriteList,https://www.tiktokv.com/share/video/7573507889587883295/,
2026-01-14 01:02:15-05:00,2026-01-14,1,like,Likes and Favorites.Like List.ItemFavoriteList,https://www.tiktokv.com/share/video/7594965928828226830/,
2026-01-14 00:55:33-05:00,2026-01-14,0,like,Likes and Favorites.Like List.ItemFavoriteList,https://www.tiktokv.com/share/video/7591428229475470612/,
2026-01-14 00:55:04-05:00,2026-01-14,0,like,Likes and Favorites.Like List.ItemFavoriteList,https://www.tiktokv.com/share/video/7588207870571777298/,
2026-01-14 00:53:16-05:00,2026-01-14,0,like,Likes and Favorites.Like List.ItemFavoriteList,https://www.tiktokv.com/share/video/7593202161421454623/,
2026-01-14 00:52:41-05:00,2026-01-14,0,like,Likes and Favorites.Like List.ItemFavoriteList,https://www.tiktokv.com/share/video/7574609702038916374/,
2026-01-14 00:25:05-05:00,2026-01-14,0,like,Likes and Favorites.Like List.ItemFavoriteList,https://www.tiktokv.com/share/video/7593870922117942558/,
2026-01-14 00:24:01-05:00,2026-01-14,0,like,Likes and Favorites.Like List.ItemFavoriteList,https://www.tiktokv.com/share/video/7589360302584565023/,
2026-01-14 00:22:05-05:00,2026-01-14,0,like,Likes and Favorites.Like List.ItemFavoriteList,https://www.tiktokv.com/share/video/7583911920466398495/,
2026-01-14 00:21:00-05:00,2026-01-14,0,like,Likes and Favorites.Like List.ItemFavoriteList,https://www.tiktokv.com/share/video/7593837413353573652/,
2026-01-14 00:18:17-05:00,2026-01-14,0,like,Likes and Favorites.Like List.ItemFavoriteList,https://www.tiktokv.com/share/video/7576725862440111373/,
2026-01-14 00:17:55-05:00,2026-01-14,0,like,Likes and Favorites.Like List.ItemFavoriteList,https://www.tiktokv.com/share/video/7593430253725289749/,
2026-01-14 00:16:07-05:00,2026-01-14,0,like,Likes and Favorites.Like List.ItemFavoriteList,https://www.tiktokv.com/share/video/7594256891790789919/,
2026-01-14 00:14:10-05:00,2026-01-14,0,like,Likes and Favorites.Like List.ItemFavoriteList,https://www.tiktokv.com/share/video/7260598974078274859/,
2026-01-14 00:11:33-05:00,2026-01-14,0,like,Likes and Favorites.Like List.ItemFavoriteList,https://www.tiktokv.com/share/video/7592113141039811871/,
2026-01-14 00:09:34-05:00,2026-01-14,0,like,Likes and Favorites.Like List.ItemFavoriteList,https://www.tiktokv.com/share/video/7593186820955852045/,
2026-01-14 00:07:43-05:00,2026-01-14,0,like,Likes and Favorites.Like List.ItemFavoriteList,https://www.tiktokv.com/share/video/7594678435134328077/,
2026-01-14 00:07:02-05:00,2026-01-14,0,like,Likes and Favorites.Like List.ItemFavoriteList,https://www.tiktokv.com/share/video/7584458537808497975/,
2026-01-14 00:06:00-05:00,2026-01-14,0,like,Likes and Favorites.Like List.ItemFavoriteList,https://www.tiktokv.com/share/video/7593559444391234830/,
2026-01-14 00:03:21-05:00,2026-01-14,0,like,Likes and Favorites.Like List.ItemFavoriteList,https://www.tiktokv.com/share/video/7592032120592223518/,
2026-01-14 00:03:11-05:00,2026-01-14,0,like,Likes and Favorites.Like List.ItemFavoriteList,https://www.tiktokv.com/share/video/7498728890995723550/,
2026-01-14 00:02:32-05:00,2026-01-14,0,like,Likes and Favorites.Like List.ItemFavoriteList,https://www.tiktokv.com/share/video/7527431540448431391/,
2026-01-14 00:01:14-05:00,2026-01-14,0,like,Likes and Favorites.Like List.ItemFavoriteList,https://www.tiktokv.com/share/video/7586002215366708511/,
2026-01-14 00:00:30-05:00,2026-01-14,0,like,Likes and Favorites.Like List.ItemFavoriteList,https://www.tiktokv.com/share/video/7586666117255417119/,
2026-01-13 23:57:20-05:00,2026-01-13,23,like,Likes and Favorites.Like List.ItemFavoriteList,https://www.tiktokv.com/share/video/7331067525184195841/,
2026-01-13 23:54:09-05:00,2026-01-13,23,like,Likes and Favorites.Like List.ItemFavoriteList,https://www.tiktokv.com/share/video/7592697666123943190/,
2026-01-13 23:51:41-05:00,2026-01-13,23,like,Likes and Favorites.Like List.ItemFavoriteList,https://www.tiktokv.com/share/video/7594633487802436894/,
2026-01-13 23:51:12-05:00,2026-01-13,23,like,Likes and Favorites.Like List.ItemFavoriteList,https://www.tiktokv.com/share/video/7593973554455055647/,
2026-01-13 23:49:26-05:00,2026-01-13,23,like,Likes and Favorites.Like List.ItemFavoriteList,https://www.tiktokv.com/share/video/7594661131772333342/,
2026-01-13 23:47:46-05:00,2026-01-13,23,like,Likes and Favorites.Like List.ItemFavoriteList,https://www.tiktokv.com/share/video/7594433352791362838/,
2026-01-13 23:46:08-05:00,2026-01-13,23,like,Likes and Favorites.Like List.ItemFavoriteList,https://www.tiktokv.com/share/video/7594698529713442061/,
2026-01-13 23:45:05-05:00,2026-01-13,23,like,Likes and Favorites.Like List.ItemFavoriteList,https://www.tiktokv.com/share/video/7588934072957766934/,
2026-01-13 23:41:20-05:00,2026-01-13,23,like,Likes and Favorites.Like List.ItemFavoriteList,https://www.tiktokv.com/share/video/7594210640152104223/,
2026-01-13 22:21:51-05:00,2026-01-13,22,like,Likes and Favorites.Like List.ItemFavoriteList,https://www.tiktokv.com/share/video/7584970472824065310/,
2026-01-13 22:20:31-05:00,2026-01-13,22,like,Likes and Favorites.Like List.ItemFavoriteList,https://www.tiktokv.com/share/video/7593305691293551894/,
2026-01-13 22:03:29-05:00,2026-01-13,22,like,Likes and Favorites.Like List.ItemFavoriteList,https://www.tiktokv.com/share/video/7592714906919652639/,
2026-01-13 22:01:01-05:00,2026-01-13,22,like,Likes and Favorites.Like List.ItemFavoriteList,https://www.tiktokv.com/share/video/7594607104028134678/,
2026-01-13 21:59:40-05:00,2026-01-13,21,like,Likes and Favorites.Like List.ItemFavoriteList,https://www.tiktokv.com/share/video/7594668275427052830/,
2026-01-13 21:52:36-05:00,2026-01-13,21,like,Likes and Favorites.Like List.ItemFavoriteList,https://www.tiktokv.com/share/video/7583528769021922574/,
2026-01-13 21:52:15-05:00,2026-01-13,21,like,Likes and Favorites.Like List.ItemFavoriteList,https://www.tiktokv.com/share/video/7594753472256396574/,
2026-01-13 21:51:46-05:00,2026-01-13,21,like,Likes and Favorites.Like List.ItemFavoriteList,https://www.tiktokv.com/share/video/7594520718033931533/,
2026-01-13 21:50:54-05:00,2026-01-13,21,like,Likes and Favorites.Like List.ItemFavoriteList,https://www.tiktokv.com/share/video/7589131833078451469/,
2026-01-13 21:50:13-05:00,2026-01-13,21,like,Likes and Favorites.Like List.ItemFavoriteList,https://www.tiktokv.com/share/video/7594262520328719647/,
2026-01-13 21:48:53-05:00,2026-01-13,21,like,Likes and Favorites.Like List.ItemFavoriteList,https://www.tiktokv.com/share/video/7579304115843452216/,
2026-01-13 21:47:10-05:00,2026-01-13,21,like,Likes and Favorites.Like List.ItemFavoriteList,https://www.tiktokv.com/share/video/7590128635122568479/,
2026-01-13 21:46:46-05:00,2026-01-13,21,like,Likes and Favorites.Like List.ItemFavoriteList,https://www.tiktokv.com/share/video/7579304714135751967/,
2026-01-13 21:40:35-05:00,2026-01-13,21,like,Likes and Favorites.Like List.ItemFavoriteList,https://www.tiktokv.com/share/video/7368223613134196014/,
2026-01-13 21:39:31-05:00,2026-01-13,21,like,Likes and Favorites.Like List.ItemFavoriteList,https://www.tiktokv.com/share/video/7384620127381179678/,
2026-01-13 21:39:06-05:00,2026-01-13,21,like,Likes and Favorites.Like List.ItemFavoriteList,https://www.tiktokv.com/share/video/7384492992066800939/,
2026-01-13 21:36:09-05:00,2026-01-13,21,like,Likes and Favorites.Like List.ItemFavoriteList,https://www.tiktokv.com/share/video/7590568184277781774/,
2026-01-13 21:34:07-05:00,2026-01-13,21,like,Likes and Favorites.Like List.ItemFavoriteList,https://www.tiktokv.com/share/video/7594622166734310669/,
2026-01-13 21:31:47-05:00,2026-01-13,21,like,Likes and Favorites.Like List.ItemFavoriteList,https://www.tiktokv.com/share/video/7593573294989774093/,
2026-01-13 21:31:27-05:00,2026-01-13,21,like,Likes and Favorites.Like List.ItemFavoriteList,https://www.tiktokv.com/share/video/7594533837711985934/,
2026-01-13 21:29:20-05:00,2026-01-13,21,like,Likes and Favorites.Like List.ItemFavoriteList,https://www.tiktokv.com/share/video/7594592258406485270/,
2026-01-13 21:28:57-05:00,2026-01-13,21,like,Likes and Favorites.Like List.ItemFavoriteList,https://www.tiktokv.com/share/video/7593695762144349457/,
2026-01-13 21:28:33-05:00,2026-01-13,21,like,Likes and Favorites.Like List.ItemFavoriteList,https://www.tiktokv.com/share/video/7594868944968699166/,
2026-01-13 21:27:50-05:00,2026-01-13,21,like,Likes and Favorites.Like List.ItemFavoriteList,https://www.tiktokv.com/share/video/7594701816793730318/,
2026-01-13 21:27:14-05:00,2026-01-13,21,like,Likes and Favorites.Like List.ItemFavoriteList,https://www.tiktokv.com/share/video/7381094945433636139/,
2026-01-13 21:24:36-05:00,2026-01-13,21,like,Likes and Favorites.Like List.ItemFavoriteList,https://www.tiktokv.com/share/video/6945158745018174726/,
2026-01-13 21:23:59-05:00,2026-01-13,21,like,Likes and Favorites.Like List.ItemFavoriteList,https://www.tiktokv.com/share/video/7588332519913786638/,
2026-01-13 21:23:39-05:00,2026-01-13,21,like,Likes and Favorites.Like List.ItemFavoriteList,https://www.tiktokv.com/share/video/7594513625566416158/,
2026-01-13 21:23:21-05:00,2026-01-13,21,like,Likes and Favorites.Like List.ItemFavoriteList,https://www.tiktokv.com/share/video/7594969957956406559/,
2026-01-13 21:22:40-05:00,2026-01-13,21,like,Likes and Favorites.Like List.ItemFavoriteList,https://www.tiktokv.com/share/video/7594978668213046559/,
2026-01-13 21:06:56-05:00,2026-01-13,21,like,Likes and Favorites.Like List.ItemFavoriteList,https://www.tiktokv.com/share/video/7594815802457492749/,
2026-01-13 21:05:58-05:00,2026-01-13,21,like,Likes and Favorites.Like List.ItemFavoriteList,https://www.tiktokv.com/share/video/7594887493346970911/,
2026-01-13 21:05:05-05:00,2026-01-13,21,like,Likes and Favorites.Like List.ItemFavoriteList,https://www.tiktokv.com/share/video/7594916840690683149/,
2026-01-13 21:04:09-05:00,2026-01-13,21,like,Likes and Favorites.Like List.ItemFavoriteList,https://www.tiktokv.com/share/video/7594810054851792183/,
2026-01-13 21:03:40-05:00,2026-01-13,21,like,Likes and Favorites.Like List.ItemFavoriteList,https://www.tiktokv.com/share/video/7594636225705807118/,
2026-01-13 21:03:13-05:00,2026-01-13,21,like,Likes and Favorites.Like List.ItemFavoriteList,https://www.tiktokv.com/share/video/7594342196698991903/,
2026-01-13 21:03:02-05:00,2026-01-13,21,like,Likes and Favorites.Like List.ItemFavoriteList,https://www.tiktokv.com/share/video/7593939307593878839/,
2026-01-13 21:02:38-05:00,2026-01-13,21,like,Likes and Favorites.Like List.ItemFavoriteList,https://www.tiktokv.com/share/video/7594571596342250782/,
2026-01-13 21:02:26-05:00,2026-01-13,21,like,Likes and Favorites.Like List.ItemFavoriteList,https://www.tiktokv.com/share/video/7593900447233101070/,
2026-01-13 20:59:01-05:00,2026-01-13,20,like,Likes and Favorites.Like List.ItemFavoriteList,https://www.tiktokv.com/share/video/7577483711579557134/,
2026-01-13 20:56:03-05:00,2026-01-13,20,like,Likes and Favorites.Like List.ItemFavoriteList,https://www.tiktokv.com/share/video/7594474045354102030/,
2026-01-13 20:55:18-05:00,2026-01-13,20,like,Likes and Favorites.Like List.ItemFavoriteList,https://www.tiktokv.com/share/video/7577277317731470623/,
2026-01-13 20:50:36-05:00,2026-01-13,20,like,Likes and Favorites.Like List.ItemFavoriteList,https://www.tiktokv.com/share/video/7588226702229245197/,
2026-01-13 19:30:19-05:00,2026-01-13,19,like,Likes and Favorites.Like List.ItemFavoriteList,https://www.tiktokv.com/share/video/7594606051727625494/,
2026-01-13 19:29:48-05:00,2026-01-13,19,like,Likes and Favorites.Like List.ItemFavoriteList,https://www.tiktokv.com/share/video/7594696053895515422/,
2026-01-13 16:19:35-05:00,2026-01-13,16,like,Likes and Favorites.Like List.ItemFavoriteList,https://www.tiktokv.com/share/video/7587597593816010014/,
2026-01-13 16:19:16-05:00,2026-01-13,16,like,Likes and Favorites.Like List.ItemFavoriteList,https://www.tiktokv.com/share/video/7593575630311083295/,
2026-01-13 16:17:57-05:00,2026-01-13,16,like,Likes and Favorites.Like List.ItemFavoriteList,https://www.tiktokv.com/share/video/7594713121932037390/,
2026-01-13 16:17:42-05:00,2026-01-13,16,like,Likes and Favorites.Like List.ItemFavoriteList,https://www.tiktokv.com/share/video/7582705911890939158/,
2026-01-13 16:13:44-05:00,2026-01-13,16,like,Likes and Favorites.Like List.ItemFavoriteList,https://www.tiktokv.com/share/video/7594267662067207455/,
2026-01-13 16:13:24-05:00,2026-01-13,16,like,Likes and Favorites.Like List.ItemFavoriteList,https://www.tiktokv.com/share/video/7594661626062638367/,
2026-01-13 16:11:20-05:00,2026-01-13,16,like,Likes and Favorites.Like List.ItemFavoriteList,https://www.tiktokv.com/share/video/7594311921730358541/,
2026-01-13 16:00:49-05:00,2026-01-13,16,like,Likes and Favorites.Like List.ItemFavoriteList,https://www.tiktokv.com/share/video/7594912261416783135/,
2026-01-13 16:00:35-05:00,2026-01-13,16,like,Likes and Favorites.Like List.ItemFavoriteList,https://www.tiktokv.com/share/video/7594555123674713399/,
2026-01-13 15:58:33-05:00,2026-01-13,15,like,Likes and Favorites.Like List.ItemFavoriteList,https://www.tiktokv.com/share/video/7594615056386510110/,
2026-01-13 15:55:36-05:00,2026-01-13,15,like,Likes and Favorites.Like List.ItemFavoriteList,https://www.tiktokv.com/share/video/7385064459380755755/,
2026-01-13 15:53:26-05:00,2026-01-13,15,like,Likes and Favorites.Like List.ItemFavoriteList,https://www.tiktokv.com/share/video/7593779982577569038/,
2026-01-13 15:52:41-05:00,2026-01-13,15,like,Likes and Favorites.Like List.ItemFavoriteList,https://www.tiktokv.com/share/video/7594935300011478327/,
2026-01-13 15:45:48-05:00,2026-01-13,15,like,Likes and Favorites.Like List.ItemFavoriteList,https://www.tiktokv.com/share/video/7594321921660046622/,
2026-01-13 14:51:30-05:00,2026-01-13,14,like,Likes and Favorites.Like List.ItemFavoriteList,https://www.tiktokv.com/share/video/7593565516313201940/,
2026-01-13 14:40:06-05:00,2026-01-13,14,like,Likes and Favorites.Like List.ItemFavoriteList,https://www.tiktokv.com/share/video/7593833769845443854/,
2026-01-13 12:58:19-05:00,2026-01-13,12,like,Likes and Favorites.Like List.ItemFavoriteList,https://www.tiktokv.com/share/video/7590488516535110967/,
2026-01-13 12:47:35-05:00,2026-01-13,12,like,Likes and Favorites.Like List.ItemFavoriteList,https://www.tiktokv.com/share/video/7591169161837956383/,
2026-01-13 12:46:56-05:00,2026-01-13,12,like,Likes and Favorites.Like List.ItemFavoriteList,https://www.tiktokv.com/share/video/7594225177622367518/,
2026-01-13 12:45:50-05:00,2026-01-13,12,like,Likes and Favorites.Like List.ItemFavoriteList,https://www.tiktokv.com/share/video/7576001913175477535/,
2026-01-13 12:45:17-05:00,2026-01-13,12,like,Likes and Favorites.Like List.ItemFavoriteList,https://www.tiktokv.com/share/video/7593879351188311351/,
2026-01-13 12:44:45-05:00,2026-01-13,12,like,Likes and Favorites.Like List.ItemFavoriteList,https://www.tiktokv.com/share/video/7594655402860612895/,
2026-01-13 12:41:06-05:00,2026-01-13,12,like,Likes and Favorites.Like List.ItemFavoriteList,https://www.tiktokv.com/share/video/7592140343357803789/,
2026-01-13 12:40:47-05:00,2026-01-13,12,like,Likes and Favorites.Like List.ItemFavoriteList,https://www.tiktokv.com/share/video/7566110039694396703/,
2026-01-13 12:37:07-05:00,2026-01-13,12,like,Likes and Favorites.Like List.ItemFavoriteList,https://www.tiktokv.com/share/video/7594148403114675511/,
2026-01-13 12:34:40-05:00,2026-01-13,12,like,Likes and Favorites.Like List.ItemFavoriteList,https://www.tiktokv.com/share/video/7584162394784419085/,
2026-01-13 12:33:53-05:00,2026-01-13,12,like,Likes and Favorites.Like List.ItemFavoriteList,https://www.tiktokv.com/share/video/7594189832197393667/,
2026-01-13 12:31:43-05:00,2026-01-13,12,like,Likes and Favorites.Like List.ItemFavoriteList,https://www.tiktokv.com/share/video/7586462724327001374/,
2026-01-13 01:45:53-05:00,2026-01-13,1,like,Likes and Favorites.Like List.ItemFavoriteList,https://www.tiktokv.com/share/video/7590728112585870623/,
2026-01-13 01:28:51-05:00,2026-01-13,1,like,Likes and Favorites.Like List.ItemFavoriteList,https://www.tiktokv.com/share/video/7552383698570595614/,
2026-01-13 01:27:37-05:00,2026-01-13,1,like,Likes and Favorites.Like List.ItemFavoriteList,https://www.tiktokv.com/share/video/7593084571231456526/,
2026-01-13 01:25:31-05:00,2026-01-13,1,like,Likes and Favorites.Like List.ItemFavoriteList,https://www.tiktokv.com/share/video/7593498618825395511/,
2026-01-13 01:24:32-05:00,2026-01-13,1,like,Likes and Favorites.Like List.ItemFavoriteList,https://www.tiktokv.com/share/video/7505455585257737502/,
2026-01-13 01:23:55-05:00,2026-01-13,1,like,Likes and Favorites.Like List.ItemFavoriteList,https://www.tiktokv.com/share/video/7594163415589932289/,
2026-01-13 01:22:53-05:00,2026-01-13,1,like,Likes and Favorites.Like List.ItemFavoriteList,https://www.tiktokv.com/share/video/7594508553084292407/,
2026-01-13 01:21:56-05:00,2026-01-13,1,like,Likes and Favorites.Like List.ItemFavoriteList,https://www.tiktokv.com/share/video/7593961013427309855/,
2026-01-13 00:14:56-05:00,2026-01-13,0,like,Likes and Favorites.Like List.ItemFavoriteList,https://www.tiktokv.com/share/video/7590870463463607582/,
2026-01-13 00:13:33-05:00,2026-01-13,0,like,Likes and Favorites.Like List.ItemFavoriteList,https://www.tiktokv.com/share/video/7594270899302386958/,
2026-01-13 00:12:58-05:00,2026-01-13,0,like,Likes and Favorites.Like List.ItemFavoriteList,https://www.tiktokv.com/share/video/7577826206247161102/,
2026-01-13 00:11:59-05:00,2026-01-13,0,like,Likes and Favorites.Like List.ItemFavoriteList,https://www.tiktokv.com/share/video/7589013648908029214/,
2026-01-13 00:11:14-05:00,2026-01-13,0,like,Likes and Favorites.Like List.ItemFavoriteList,https://www.tiktokv.com/share/video/7594466439210355990/,
2026-01-12 23:06:47-05:00,2026-01-12,23,like,Likes and Favorites.Like List.ItemFavoriteList,https://www.tiktokv.com/share/video/7593859832667524365/,
2026-01-12 22:14:45-05:00,2026-01-12,22,like,Likes and Favorites.Like List.ItemFavoriteList,https://www.tiktokv.com/share/video/7594128404723633422/,
2026-01-12 21:59:30-05:00,2026-01-12,21,like,Likes and Favorites.Like List.ItemFavoriteList,https://www.tiktokv.com/share/video/7594039344768273678/,
2026-01-12 21:57:14-05:00,2026-01-12,21,like,Likes and Favorites.Like List.ItemFavoriteList,https://www.tiktokv.com/share/video/7590952907894181150/,
2026-01-12 21:56:30-05:00,2026-01-12,21,like,Likes and Favorites.Like List.ItemFavoriteList,https://www.tiktokv.com/share/video/7594182101209992470/,
2026-01-12 21:54:27-05:00,2026-01-12,21,like,Likes and Favorites.Like List.ItemFavoriteList,https://www.tiktokv.com/share/video/7581846562020674838/,
2026-01-12 21:53:48-05:00,2026-01-12,21,like,Likes and Favorites.Like List.ItemFavoriteList,https://www.tiktokv.com/share/video/7590536208736980255/,
2026-01-12 21:51:58-05:00,2026-01-12,21,like,Likes and Favorites.Like List.ItemFavoriteList,https://www.tiktokv.com/share/video/7592397815825878303/,
2026-01-12 21:50:47-05:00,2026-01-12,21,like,Likes and Favorites.Like List.ItemFavoriteList,https://www.tiktokv.com/share/video/7587456286510304543/,
2026-01-12 21:10:59-05:00,2026-01-12,21,like,Likes and Favorites.Like List.ItemFavoriteList,https://www.tiktokv.com/share/video/7591541810829331742/,
2026-01-12 21:08:57-05:00,2026-01-12,21,like,Likes and Favorites.Like List.ItemFavoriteList,https://www.tiktokv.com/share/video/7572624592745876767/,
2026-01-12 21:08:06-05:00,2026-01-12,21,like,Likes and Favorites.Like List.ItemFavoriteList,https://www.tiktokv.com/share/video/7593105040311635203/,
2026-01-12 21:07:14-05:00,2026-01-12,21,like,Likes and Favorites.Like List.ItemFavoriteList,https://www.tiktokv.com/share/video/7592814778167446802/,
2026-01-12 21:06:52-05:00,2026-01-12,21,like,Likes and Favorites.Like List.ItemFavoriteList,https://www.tiktokv.com/share/video/7594396762056445197/,
2026-01-12 21:05:10-05:00,2026-01-12,21,like,Likes and Favorites.Like List.ItemFavoriteList,https://www.tiktokv.com/share/video/7594311345449766199/,
2026-01-12 21:04:23-05:00,2026-01-12,21,like,Likes and Favorites.Like List.ItemFavoriteList,https://www.tiktokv.com/share/video/7594202679488941343/,
2026-01-12 21:03:50-05:00,2026-01-12,21,like,Likes and Favorites.Like List.ItemFavoriteList,https://www.tiktokv.com/share/video/7594300071026494733/,
2026-01-12 21:02:28-05:00,2026-01-12,21,like,Likes and Favorites.Like List.ItemFavoriteList,https://www.tiktokv.com/share/video/7593679655413026061/,
2026-01-12 21:02:10-05:00,2026-01-12,21,like,Likes and Favorites.Like List.ItemFavoriteList,https://www.tiktokv.com/share/video/7591939779646754070/,
2026-01-12 21:01:49-05:00,2026-01-12,21,like,Likes and Favorites.Like List.ItemFavoriteList,https://www.tiktokv.com/share/video/7594087942130240782/,
2026-01-12 21:00:27-05:00,2026-01-12,21,like,Likes and Favorites.Like List.ItemFavoriteList,https://www.tiktokv.com/share/video/7594277131543170335/,
2026-01-12 20:59:36-05:00,2026-01-12,20,like,Likes and Favorites.Like List.ItemFavoriteList,https://www.tiktokv.com/share/video/7594586413455199501/,
2026-01-12 20:57:23-05:00,2026-01-12,20,like,Likes and Favorites.Like List.ItemFavoriteList,https://www.tiktokv.com/share/video/7594643399823674637/,
2026-01-12 20:56:15-05:00,2026-01-12,20,like,Likes and Favorites.Like List.ItemFavoriteList,https://www.tiktokv.com/share/video/7575673284910419255/,
2026-01-12 20:20:25-05:00,2026-01-12,20,like,Likes and Favorites.Like List.ItemFavoriteList,https://www.tiktokv.com/share/video/7592170201257348383/,
2026-01-12 19:08:53-05:00,2026-01-12,19,like,Likes and Favorites.Like List.ItemFavoriteList,https://www.tiktokv.com/share/video/7592402102983380254/,
2026-01-12 19:02:40-05:00,2026-01-12,19,like,Likes and Favorites.Like List.ItemFavoriteList,https://www.tiktokv.com/share/video/7594248555905207582/,
2026-01-12 19:01:05-05:00,2026-01-12,19,like,Likes and Favorites.Like List.ItemFavoriteList,https://www.tiktokv.com/share/video/7576004092590345490/,
2026-01-12 16:11:50-05:00,2026-01-12,16,like,Likes and Favorites.Like List.ItemFavoriteList,https://www.tiktokv.com/share/video/7594351678736862477/,
2026-01-12 16:11:39-05:00,2026-01-12,16,like,Likes and Favorites.Like List.ItemFavoriteList,https://www.tiktokv.com/share/video/7592786064968830263/,
2026-01-12 16:11:28-05:00,2026-01-12,16,like,Likes and Favorites.Like List.ItemFavoriteList,https://www.tiktokv.com/share/video/7592659757572410679/,
2026-01-12 16:10:30-05:00,2026-01-12,16,like,Likes and Favorites.Like List.ItemFavoriteList,https://www.tiktokv.com/share/video/7593410798135856415/,
2026-01-12 16:09:55-05:00,2026-01-12,16,like,Likes and Favorites.Like List.ItemFavoriteList,https://www.tiktokv.com/share/video/7594300008447495454/,
2026-01-12 15:40:06-05:00,2026-01-12,15,like,Likes and Favorites.Like List.ItemFavoriteList,https://www.tiktokv.com/share/video/7594306669111151886/,
2026-01-12 15:38:52-05:00,2026-01-12,15,like,Likes and Favorites.Like List.ItemFavoriteList,https://www.tiktokv.com/share/video/7594260941785533726/,
2026-01-12 15:38:43-05:00,2026-01-12,15,like,Likes and Favorites.Like List.ItemFavoriteList,https://www.tiktokv.com/share/video/7589370113590103326/,
2026-01-12 15:38:17-05:00,2026-01-12,15,like,Likes and Favorites.Like List.ItemFavoriteList,https://www.tiktokv.com/share/video/7594222407028641054/,
2026-01-12 15:38:11-05:00,2026-01-12,15,like,Likes and Favorites.Like List.ItemFavoriteList,https://www.tiktokv.com/share/video/7591681847042592055/,
2026-01-12 15:38:07-05:00,2026-01-12,15,like,Likes and Favorites.Like List.ItemFavoriteList,https://www.tiktokv.com/share/video/7594567884731419935/,
2026-01-12 15:37:39-05:00,2026-01-12,15,like,Likes and Favorites.Like List.ItemFavoriteList,https://www.tiktokv.com/share/video/7583715411414338832/,
2026-01-12 15:36:17-05:00,2026-01-12,15,like,Likes and Favorites.Like List.ItemFavoriteList,https://www.tiktokv.com/share/video/7593958628017671455/,
2026-01-12 13:09:25-05:00,2026-01-12,13,like,Likes and Favorites.Like List.ItemFavoriteList,https://www.tiktokv.com/share/video/7586221183100701955/,
2026-01-12 13:08:42-05:00,2026-01-12,13,like,Likes and Favorites.Like List.ItemFavoriteList,https://www.tiktokv.com/share/video/7587248079745584404/,
2026-01-12 04:25:19-05:00,2026-01-12,4,like,Likes and Favorites.Like List.ItemFavoriteList,https://www.tiktokv.com/share/video/7593084118636711190/,
2026-01-12 04:25:01-05:00,2026-01-12,4,like,Likes and Favorites.Like List.ItemFavoriteList,https://www.tiktokv.com/share/video/7593824259252735245/,
2026-01-12 04:24:50-05:00,2026-01-12,4,like,Likes and Favorites.Like List.ItemFavoriteList,https://www.tiktokv.com/share/video/7583456438564031758/,
2026-01-12 04:19:07-05:00,2026-01-12,4,like,Likes and Favorites.Like List.ItemFavoriteList,https://www.tiktokv.com/share/video/7518047263076273422/,
2026-01-12 04:17:54-05:00,2026-01-12,4,like,Likes and Favorites.Like List.ItemFavoriteList,https://www.tiktokv.com/share/video/7567786733081726263/,
2026-01-12 04:17:40-05:00,2026-01-12,4,like,Likes and Favorites.Like List.ItemFavoriteList,https://www.tiktokv.com/share/video/7587953366257372423/,
2026-01-12 04:17:16-05:00,2026-01-12,4,like,Likes and Favorites.Like List.ItemFavoriteList,https://www.tiktokv.com/share/video/7589425662310501650/,
2026-01-12 04:16:22-05:00,2026-01-12,4,like,Likes and Favorites.Like List.ItemFavoriteList,https://www.tiktokv.com/share/video/7578191555282996501/,
2026-01-12 04:15:38-05:00,2026-01-12,4,like,Likes and Favorites.Like List.ItemFavoriteList,https://www.tiktokv.com/share/video/7581217971914165559/,
2026-01-12 04:14:09-05:00,2026-01-12,4,like,Likes and Favorites.Like List.ItemFavoriteList,https://www.tiktokv.com/share/video/7594271914135194894/,
2026-01-12 04:08:45-05:00,2026-01-12,4,like,Likes and Favorites.Like List.ItemFavoriteList,https://www.tiktokv.com/share/video/7593959902159064350/,
2026-01-12 04:08:17-05:00,2026-01-12,4,like,Likes and Favorites.Like List.ItemFavoriteList,https://www.tiktokv.com/share/video/7590918156659576086/,
2026-01-12 04:07:49-05:00,2026-01-12,4,like,Likes and Favorites.Like List.ItemFavoriteList,https://www.tiktokv.com/share/video/7570193735921847570/,
2026-01-12 04:06:37-05:00,2026-01-12,4,like,Likes and Favorites.Like List.ItemFavoriteList,https://www.tiktokv.com/share/video/7594174627425914126/,
2026-01-12 04:06:18-05:00,2026-01-12,4,like,Likes and Favorites.Like List.ItemFavoriteList,https://www.tiktokv.com/share/video/7590983372437048607/,
2026-01-12 04:04:07-05:00,2026-01-12,4,like,Likes and Favorites.Like List.ItemFavoriteList,https://www.tiktokv.com/share/video/7593499311799930143/,
2026-01-12 04:02:34-05:00,2026-01-12,4,like,Likes and Favorites.Like List.ItemFavoriteList,https://www.tiktokv.com/share/video/7594213194202156343/,
2026-01-12 03:58:17-05:00,2026-01-12,3,like,Likes and Favorites.Like List.ItemFavoriteList,https://www.tiktokv.com/share/video/7594339128876043533/,
2026-01-12 03:57:18-05:00,2026-01-12,3,like,Likes and Favorites.Like List.ItemFavoriteList,https://www.tiktokv.com/share/video/7593803086045515021/,
2026-01-12 03:55:03-05:00,2026-01-12,3,like,Likes and Favorites.Like List.ItemFavoriteList,https://www.tiktokv.com/share/video/7593439004075248951/,
2026-01-12 03:53:59-05:00,2026-01-12,3,like,Likes and Favorites.Like List.ItemFavoriteList,https://www.tiktokv.com/share/video/7593059351326149943/,
2026-01-12 03:16:56-05:00,2026-01-12,3,like,Likes and Favorites.Like List.ItemFavoriteList,https://www.tiktokv.com/share/video/7384279654179278123/,
2026-01-12 03:14:28-05:00,2026-01-12,3,like,Likes and Favorites.Like List.ItemFavoriteList,https://www.tiktokv.com/share/video/7440210812024687905/,
2026-01-12 03:10:47-05:00,2026-01-12,3,like,Likes and Favorites.Like List.ItemFavoriteList,https://www.tiktokv.com/share/video/7592394488882941206/,
2026-01-12 03:06:47-05:00,2026-01-12,3,like,Likes and Favorites.Like List.ItemFavoriteList,https://www.tiktokv.com/share/video/7592366073060674846/,
2026-01-11 22:37:33-05:00,2026-01-11,22,like,Likes and Favorites.Like List.ItemFavoriteList,https://www.tiktokv.com/share/video/7594001562968542477/,
2026-01-11 22:10:39-05:00,2026-01-11,22,like,Likes and Favorites.Like List.ItemFavoriteList,https://www.tiktokv.com/share/video/7593862955570121997/,
2026-01-11 22:07:58-05:00,2026-01-11,22,like,Likes and Favorites.Like List.ItemFavoriteList,https://www.tiktokv.com/share/video/7583786061667536135/,
2026-01-11 22:07:24-05:00,2026-01-11,22,like,Likes and Favorites.Like List.ItemFavoriteList,https://www.tiktokv.com/share/video/7580838967973580087/,
2026-01-11 22:07:12-05:00,2026-01-11,22,like,Likes and Favorites.Like List.ItemFavoriteList,https://www.tiktokv.com/share/video/7589675892394200351/,
2026-01-11 22:06:58-05:00,2026-01-11,22,like,Likes and Favorites.Like List.ItemFavoriteList,https://www.tiktokv.com/share/video/7573944560804498719/,
2026-01-11 22:05:42-05:00,2026-01-11,22,like,Likes and Favorites.Like List.ItemFavoriteList,https://www.tiktokv.com/share/video/7593507610226068791/,
2026-01-11 22:05:15-05:00,2026-01-11,22,like,Likes and Favorites.Like List.ItemFavoriteList,https://www.tiktokv.com/share/video/7594273192206732574/,
2026-01-11 20:32:27-05:00,2026-01-11,20,like,Likes and Favorites.Like List.ItemFavoriteList,https://www.tiktokv.com/share/video/7593844990212607287/,
2026-01-11 20:32:18-05:00,2026-01-11,20,like,Likes and Favorites.Like List.ItemFavoriteList,https://www.tiktokv.com/share/video/7593833762513898765/,
2026-01-11 20:28:41-05:00,2026-01-11,20,like,Likes and Favorites.Like List.ItemFavoriteList,https://www.tiktokv.com/share/video/7593826658868628749/,
2026-01-11 14:41:41-05:00,2026-01-11,14,like,Likes and Favorites.Like List.ItemFavoriteList,https://www.tiktokv.com/share/video/7070621461765049605/,
2026-01-11 14:39:24-05:00,2026-01-11,14,like,Likes and Favorites.Like List.ItemFavoriteList,https://www.tiktokv.com/share/video/7593026978156973325/,
2026-01-11 14:37:33-05:00,2026-01-11,14,like,Likes and Favorites.Like List.ItemFavoriteList,https://www.tiktokv.com/share/video/7593968111682981150/,
2026-01-11 14:37:04-05:00,2026-01-11,14,like,Likes and Favorites.Like List.ItemFavoriteList,https://www.tiktokv.com/share/video/7593818861154077983/,
2026-01-11 14:35:05-05:00,2026-01-11,14,like,Likes and Favorites.Like List.ItemFavoriteList,https://www.tiktokv.com/share/video/7593656339067374903/,
2026-01-11 11:33:58-05:00,2026-01-11,11,like,Likes and Favorites.Like List.ItemFavoriteList,https://www.tiktokv.com/share/video/7562247996205780255/,
2026-01-11 11:33:18-05:00,2026-01-11,11,like,Likes and Favorites.Like List.ItemFavoriteList,https://www.tiktokv.com/share/video/7593603386830867743/,
2026-01-11 11:32:15-05:00,2026-01-11,11,like,Likes and Favorites.Like List.ItemFavoriteList,https://www.tiktokv.com/share/video/7593812556393876758/,
2026-01-11 11:26:32-05:00,2026-01-11,11,like,Likes and Favorites.Like List.ItemFavoriteList,https://www.tiktokv.com/share/video/7593438908621327646/,
2026-01-11 11:25:47-05:00,2026-01-11,11,like,Likes and Favorites.Like List.ItemFavoriteList,https://www.tiktokv.com/share/video/7593962109818522910/,
2026-01-11 11:25:29-05:00,2026-01-11,11,like,Likes and Favorites.Like List.ItemFavoriteList,https://www.tiktokv.com/share/video/7593433214186769677/,
2026-01-11 11:25:17-05:00,2026-01-11,11,like,Likes and Favorites.Like List.ItemFavoriteList,https://www.tiktokv.com/share/video/7593750784538397966/,
2026-01-11 11:23:29-05:00,2026-01-11,11,like,Likes and Favorites.Like List.ItemFavoriteList,https://www.tiktokv.com/share/video/7580778944840912141/,
2026-01-11 11:20:00-05:00,2026-01-11,11,like,Likes and Favorites.Like List.ItemFavoriteList,https://www.tiktokv.com/share/video/7593869264092679425/,
2026-01-11 11:19:42-05:00,2026-01-11,11,like,Likes and Favorites.Like List.ItemFavoriteList,https://www.tiktokv.com/share/video/7591811497454538039/,
2026-01-11 11:18:59-05:00,2026-01-11,11,like,Likes and Favorites.Like List.ItemFavoriteList,https://www.tiktokv.com/share/video/7593960966677630238/,
2026-01-11 11:18:48-05:00,2026-01-11,11,like,Likes and Favorites.Like List.ItemFavoriteList,https://www.tiktokv.com/share/video/7580725002690120963/,
2026-01-11 11:18:19-05:00,2026-01-11,11,like,Likes and Favorites.Like List.ItemFavoriteList,https://www.tiktokv.com/share/video/7592071214634437918/,
2026-01-11 11:17:46-05:00,2026-01-11,11,like,Likes and Favorites.Like List.ItemFavoriteList,https://www.tiktokv.com/share/video/7593903279076035853/,
2026-01-11 11:17:19-05:00,2026-01-11,11,like,Likes and Favorites.Like List.ItemFavoriteList,https://www.tiktokv.com/share/video/7593918910831807758/,
2026-01-11 05:52:09-05:00,2026-01-11,5,like,Likes and Favorites.Like List.ItemFavoriteList,https://www.tiktokv.com/share/video/7593905719670328631/,
2026-01-11 05:51:50-05:00,2026-01-11,5,like,Likes and Favorites.Like List.ItemFavoriteList,https://www.tiktokv.com/share/video/7592613231982677278/,
2026-01-11 05:49:59-05:00,2026-01-11,5,like,Likes and Favorites.Like List.ItemFavoriteList,https://www.tiktokv.com/share/video/7593554303814552862/,
2026-01-11 05:49:27-05:00,2026-01-11,5,like,Likes and Favorites.Like List.ItemFavoriteList,https://www.tiktokv.com/share/video/7590584315692453153/,
2026-01-11 05:48:39-05:00,2026-01-11,5,like,Likes and Favorites.Like List.ItemFavoriteList,https://www.tiktokv.com/share/video/7593889553518234902/,
2026-01-11 05:48:22-05:00,2026-01-11,5,like,Likes and Favorites.Like List.ItemFavoriteList,https://www.tiktokv.com/share/video/7593890442924576014/,
2026-01-11 05:47:11-05:00,2026-01-11,5,like,Likes and Favorites.Like List.ItemFavoriteList,https://www.tiktokv.com/share/video/7593475142043340046/,
2026-01-11 05:45:38-05:00,2026-01-11,5,like,Likes and Favorites.Like List.ItemFavoriteList,https://www.tiktokv.com/share/video/7592130028888968503/,
2026-01-11 05:42:41-05:00,2026-01-11,5,like,Likes and Favorites.Like List.ItemFavoriteList,https://www.tiktokv.com/share/video/7593983595190979871/,
2026-01-11 05:42:00-05:00,2026-01-11,5,like,Likes and Favorites.Like List.ItemFavoriteList,https://www.tiktokv.com/share/video/7540350793862368534/,
2026-01-11 05:41:32-05:00,2026-01-11,5,like,Likes and Favorites.Like List.ItemFavoriteList,https://www.tiktokv.com/share/video/7426399978706308382/,
2026-01-11 05:40:14-05:00,2026-01-11,5,like,Likes and Favorites.Like List.ItemFavoriteList,https://www.tiktokv.com/share/video/7538481668114451743/,
2026-01-11 05:39:25-05:00,2026-01-11,5,like,Likes and Favorites.Like List.ItemFavoriteList,https://www.tiktokv.com/share/video/7522580101939219767/,
2026-01-11 05:35:47-05:00,2026-01-11,5,like,Likes and Favorites.Like List.ItemFavoriteList,https://www.tiktokv.com/share/video/7401705830082530603/,
2026-01-11 02:35:27-05:00,2026-01-11,2,like,Likes and Favorites.Like List.ItemFavoriteList,https://www.tiktokv.com/share/video/7586386107777027350/,
2026-01-10 20:41:33-05:00,2026-01-10,20,like,Likes and Favorites.Like List.ItemFavoriteList,https://www.tiktokv.com/share/video/7592988349141404959/,
2026-01-10 20:40:10-05:00,2026-01-10,20,like,Likes and Favorites.Like List.ItemFavoriteList,https://www.tiktokv.com/share/video/7581096576504876306/,
2026-01-10 20:39:25-05:00,2026-01-10,20,like,Likes and Favorites.Like List.ItemFavoriteList,https://www.tiktokv.com/share/video/7593532451851472159/,
2026-01-10 20:35:06-05:00,2026-01-10,20,like,Likes and Favorites.Like List.ItemFavoriteList,https://www.tiktokv.com/share/video/7593166542079151374/,
2026-01-10 20:34:55-05:00,2026-01-10,20,like,Likes and Favorites.Like List.ItemFavoriteList,https://www.tiktokv.com/share/video/7593204511464852766/,
2026-01-10 20:34:27-05:00,2026-01-10,20,like,Likes and Favorites.Like List.ItemFavoriteList,https://www.tiktokv.com/share/video/7584633708766973215/,
2026-01-10 19:07:22-05:00,2026-01-10,19,like,Likes and Favorites.Like List.ItemFavoriteList,https://www.tiktokv.com/share/video/7556919097166957838/,
2026-01-10 19:06:07-05:00,2026-01-10,19,like,Likes and Favorites.Like List.ItemFavoriteList,https://www.tiktokv.com/share/video/7452128534354529582/,
2026-01-10 19:04:16-05:00,2026-01-10,19,like,Likes and Favorites.Like List.ItemFavoriteList,https://www.tiktokv.com/share/video/7593270300024917278/,
2026-01-10 19:03:50-05:00,2026-01-10,19,like,Likes and Favorites.Like List.ItemFavoriteList,https://www.tiktokv.com/share/video/7573545893249420574/,
2026-01-10 19:01:36-05:00,2026-01-10,19,like,Likes and Favorites.Like List.ItemFavoriteList,https://www.tiktokv.com/share/video/7593166713403821367/,
2026-01-10 12:49:55-05:00,2026-01-10,12,like,Likes and Favorites.Like List.ItemFavoriteList,https://www.tiktokv.com/share/video/7593033672425540919/,
2026-01-10 12:48:45-05:00,2026-01-10,12,like,Likes and Favorites.Like List.ItemFavoriteList,https://www.tiktokv.com/share/video/7592349220909206815/,
2026-01-10 12:48:41-05:00,2026-01-10,12,like,Likes and Favorites.Like List.ItemFavoriteList,https://www.tiktokv.com/share/video/7593130524546321677/,
2026-01-10 12:48:21-05:00,2026-01-10,12,like,Likes and Favorites.Like List.ItemFavoriteList,https://www.tiktokv.com/share/video/7593484328948993335/,
2026-01-10 12:11:37-05:00,2026-01-10,12,like,Likes and Favorites.Like List.ItemFavoriteList,https://www.tiktokv.com/share/video/7579394479606582558/,
2026-01-10 12:09:40-05:00,2026-01-10,12,like,Likes and Favorites.Like List.ItemFavoriteList,https://www.tiktokv.com/share/video/7587522560124849430/,
2026-01-10 12:07:55-05:00,2026-01-10,12,like,Likes and Favorites.Like List.ItemFavoriteList,https://www.tiktokv.com/share/video/7574294154902064415/,
2026-01-10 12:06:08-05:00,2026-01-10,12,like,Likes and Favorites.Like List.ItemFavoriteList,https://www.tiktokv.com/share/video/7593071359786274062/,
2026-01-10 12:04:39-05:00,2026-01-10,12,like,Likes and Favorites.Like List.ItemFavoriteList,https://www.tiktokv.com/share/video/7585207580977302814/,
2026-01-10 12:02:43-05:00,2026-01-10,12,like,Likes and Favorites.Like List.ItemFavoriteList,https://www.tiktokv.com/share/video/7592634087823691063/,
2026-01-10 12:01:52-05:00,2026-01-10,12,like,Likes and Favorites.Like List.ItemFavoriteList,https://www.tiktokv.com/share/video/7593113602618313998/,
2026-01-10 12:00:51-05:00,2026-01-10,12,like,Likes and Favorites.Like List.ItemFavoriteList,https://www.tiktokv.com/share/video/7593167832095919391/,
2026-01-10 11:59:28-05:00,2026-01-10,11,like,Likes and Favorites.Like List.ItemFavoriteList,https://www.tiktokv.com/share/video/7592503048346488095/,
2026-01-10 11:58:51-05:00,2026-01-10,11,like,Likes and Favorites.Like List.ItemFavoriteList,https://www.tiktokv.com/share/video/7592007929608408351/,
2026-01-10 11:58:04-05:00,2026-01-10,11,like,Likes and Favorites.Like List.ItemFavoriteList,https://www.tiktokv.com/share/video/7579390662441717006/,
2026-01-10 11:57:46-05:00,2026-01-10,11,like,Likes and Favorites.Like List.ItemFavoriteList,https://www.tiktokv.com/share/video/7593210579754437906/,
2026-01-10 11:56:48-05:00,2026-01-10,11,like,Likes and Favorites.Like List.ItemFavoriteList,https://www.tiktokv.com/share/video/7586745293379603742/,
2026-01-10 11:55:25-05:00,2026-01-10,11,like,Likes and Favorites.Like List.ItemFavoriteList,https://www.tiktokv.com/share/video/7573312313864768798/,
2026-01-10 11:50:21-05:00,2026-01-10,11,like,Likes and Favorites.Like List.ItemFavoriteList,https://www.tiktokv.com/share/video/7468825423712029998/,
2026-01-10 11:48:48-05:00,2026-01-10,11,like,Likes and Favorites.Like List.ItemFavoriteList,https://www.tiktokv.com/share/video/7592940673356008735/,
2026-01-10 11:46:11-05:00,2026-01-10,11,like,Likes and Favorites.Like List.ItemFavoriteList,https://www.tiktokv.com/share/video/7584763432461798678/,
2026-01-10 11:45:56-05:00,2026-01-10,11,like,Likes and Favorites.Like List.ItemFavoriteList,https://www.tiktokv.com/share/video/7460906250474212650/,
2026-01-10 11:45:48-05:00,2026-01-10,11,like,Likes and Favorites.Like List.ItemFavoriteList,https://www.tiktokv.com/share/video/7589854609494117662/,
2026-01-10 11:44:31-05:00,2026-01-10,11,like,Likes and Favorites.Like List.ItemFavoriteList,https://www.tiktokv.com/share/video/7593509992985103646/,
2026-01-10 11:43:27-05:00,2026-01-10,11,like,Likes and Favorites.Like List.ItemFavoriteList,https://www.tiktokv.com/share/video/7593132865215319309/,
2026-01-10 11:42:53-05:00,2026-01-10,11,like,Likes and Favorites.Like List.ItemFavoriteList,https://www.tiktokv.com/share/video/7592920764454685983/,
2026-01-10 11:42:14-05:00,2026-01-10,11,like,Likes and Favorites.Like List.ItemFavoriteList,https://www.tiktokv.com/share/video/7563436707325021470/,
2026-01-10 11:35:28-05:00,2026-01-10,11,like,Likes and Favorites.Like List.ItemFavoriteList,https://www.tiktokv.com/share/video/7592762668214226197/,
2026-01-10 11:35:08-05:00,2026-01-10,11,like,Likes and Favorites.Like List.ItemFavoriteList,https://www.tiktokv.com/share/video/7576769197577997598/,
2026-01-10 11:32:48-05:00,2026-01-10,11,like,Likes and Favorites.Like List.ItemFavoriteList,https://www.tiktokv.com/share/video/7578793063129173270/,
2026-01-10 11:32:03-05:00,2026-01-10,11,like,Likes and Favorites.Like List.ItemFavoriteList,https://www.tiktokv.com/share/video/7575993719166356754/,
2026-01-10 11:26:59-05:00,2026-01-10,11,like,Likes and Favorites.Like List.ItemFavoriteList,https://www.tiktokv.com/share/video/7593145668294790413/,
2026-01-10 11:26:07-05:00,2026-01-10,11,like,Likes and Favorites.Like List.ItemFavoriteList,https://www.tiktokv.com/share/video/7575667752267042061/,
2026-01-10 11:25:06-05:00,2026-01-10,11,like,Likes and Favorites.Like List.ItemFavoriteList,https://www.tiktokv.com/share/video/7593216102839225630/,
2026-01-10 11:19:23-05:00,2026-01-10,11,like,Likes and Favorites.Like List.ItemFavoriteList,https://www.tiktokv.com/share/video/7579195157287898423/,
2026-01-10 00:16:50-05:00,2026-01-10,0,like,Likes and Favorites.Like List.ItemFavoriteList,https://www.tiktokv.com/share/video/7593176282431491350/,
2026-01-10 00:15:20-05:00,2026-01-10,0,like,Likes and Favorites.Like List.ItemFavoriteList,https://www.tiktokv.com/share/video/7580582175280499999/,
2026-01-10 00:08:39-05:00,2026-01-10,0,like,Likes and Favorites.Like List.ItemFavoriteList,https://www.tiktokv.com/share/video/7508481498924862763/,
2026-01-09 22:11:51-05:00,2026-01-09,22,like,Likes and Favorites.Like List.ItemFavoriteList,https://www.tiktokv.com/share/video/7593551188386139422/,
2026-01-09 21:48:14-05:00,2026-01-09,21,like,Likes and Favorites.Like List.ItemFavoriteList,https://www.tiktokv.com/share/video/7590909485183405342/,
2026-01-09 21:34:01-05:00,2026-01-09,21,like,Likes and Favorites.Like List.ItemFavoriteList,https://www.tiktokv.com/share/video/7593059973207215390/,
2026-01-09 21:33:14-05:00,2026-01-09,21,like,Likes and Favorites.Like List.ItemFavoriteList,https://www.tiktokv.com/share/video/7575863224554229015/,
2026-01-09 21:31:30-05:00,2026-01-09,21,like,Likes and Favorites.Like List.ItemFavoriteList,https://www.tiktokv.com/share/video/7590988315562708279/,
2026-01-09 21:30:25-05:00,2026-01-09,21,like,Likes and Favorites.Like List.ItemFavoriteList,https://www.tiktokv.com/share/video/7593119067838369079/,
2026-01-09 19:25:56-05:00,2026-01-09,19,like,Likes and Favorites.Like List.ItemFavoriteList,https://www.tiktokv.com/share/video/7592711834323488022/,
2026-01-09 19:25:08-05:00,2026-01-09,19,like,Likes and Favorites.Like List.ItemFavoriteList,https://www.tiktokv.com/share/video/7579717278535535894/,
2026-01-09 18:41:48-05:00,2026-01-09,18,like,Likes and Favorites.Like List.ItemFavoriteList,https://www.tiktokv.com/share/video/7593066835898158366/,
2026-01-09 02:59:10-05:00,2026-01-09,2,like,Likes and Favorites.Like List.ItemFavoriteList,https://www.tiktokv.com/share/video/7078321783408971013/,
2026-01-09 02:21:02-05:00,2026-01-09,2,like,Likes and Favorites.Like List.ItemFavoriteList,https://www.tiktokv.com/share/video/7592019067175734535/,
2026-01-09 00:16:03-05:00,2026-01-09,0,like,Likes and Favorites.Like List.ItemFavoriteList,https://www.tiktokv.com/share/video/7374140960164302112/,
2026-01-09 00:14:38-05:00,2026-01-09,0,like,Likes and Favorites.Like List.ItemFavoriteList,https://www.tiktokv.com/share/video/7379390443135552811/,
2026-01-09 00:14:31-05:00,2026-01-09,0,like,Likes and Favorites.Like List.ItemFavoriteList,https://www.tiktokv.com/share/video/7586655068687060246/,
2026-01-09 00:14:25-05:00,2026-01-09,0,like,Likes and Favorites.Like List.ItemFavoriteList,https://www.tiktokv.com/share/video/7563158954872737037/,
2026-01-09 00:14:15-05:00,2026-01-09,0,like,Likes and Favorites.Like List.ItemFavoriteList,https://www.tiktokv.com/share/video/7592421162374794527/,
2026-01-09 00:13:58-05:00,2026-01-09,0,like,Likes and Favorites.Like List.ItemFavoriteList,https://www.tiktokv.com/share/video/7406430011571342625/,
2026-01-09 00:13:52-05:00,2026-01-09,0,like,Likes and Favorites.Like List.ItemFavoriteList,https://www.tiktokv.com/share/video/7589671523250752790/,
2026-01-09 00:13:25-05:00,2026-01-09,0,like,Likes and Favorites.Like List.ItemFavoriteList,https://www.tiktokv.com/share/video/7593170375152864542/,
2026-01-09 00:11:19-05:00,2026-01-09,0,like,Likes and Favorites.Like List.ItemFavoriteList,https://www.tiktokv.com/share/video/7590682356306971959/,
2026-01-09 00:10:02-05:00,2026-01-09,0,like,Likes and Favorites.Like List.ItemFavoriteList,https://www.tiktokv.com/share/video/7588089858401291542/,
2026-01-09 00:09:31-05:00,2026-01-09,0,like,Likes and Favorites.Like List.ItemFavoriteList,https://www.tiktokv.com/share/video/7571536978152312094/,
2026-01-09 00:09:26-05:00,2026-01-09,0,like,Likes and Favorites.Like List.ItemFavoriteList,https://www.tiktokv.com/share/video/7593099746034601230/,
2026-01-08 23:42:48-05:00,2026-01-08,23,like,Likes and Favorites.Like List.ItemFavoriteList,https://www.tiktokv.com/share/video/7587463522418724118/,
2026-01-08 23:42:28-05:00,2026-01-08,23,like,Likes and Favorites.Like List.ItemFavoriteList,https://www.tiktokv.com/share/video/7587081505659292950/,
2026-01-08 23:40:32-05:00,2026-01-08,23,like,Likes and Favorites.Like List.ItemFavoriteList,https://www.tiktokv.com/share/video/7593134601518796045/,
2026-01-08 23:20:22-05:00,2026-01-08,23,like,Likes and Favorites.Like List.ItemFavoriteList,https://www.tiktokv.com/share/video/7592778218835381518/,
2026-01-08 23:19:16-05:00,2026-01-08,23,like,Likes and Favorites.Like List.ItemFavoriteList,https://www.tiktokv.com/share/video/7592750612119407927/,
2026-01-08 21:30:51-05:00,2026-01-08,21,like,Likes and Favorites.Like List.ItemFavoriteList,https://www.tiktokv.com/share/video/7592362607776992525/,
2026-01-08 21:26:50-05:00,2026-01-08,21,like,Likes and Favorites.Like List.ItemFavoriteList,https://www.tiktokv.com/share/video/7589314617172692255/,
2026-01-08 21:25:59-05:00,2026-01-08,21,like,Likes and Favorites.Like List.ItemFavoriteList,https://www.tiktokv.com/share/video/7591885741513379093/,
2026-01-08 21:25:28-05:00,2026-01-08,21,like,Likes and Favorites.Like List.ItemFavoriteList,https://www.tiktokv.com/share/video/7592266366917414175/,
2026-01-08 21:24:47-05:00,2026-01-08,21,like,Likes and Favorites.Like List.ItemFavoriteList,https://www.tiktokv.com/share/video/7590403544541367583/,
2026-01-08 21:24:18-05:00,2026-01-08,21,like,Likes and Favorites.Like List.ItemFavoriteList,https://www.tiktokv.com/share/video/7586399863831629087/,
2026-01-08 21:22:31-05:00,2026-01-08,21,like,Likes and Favorites.Like List.ItemFavoriteList,https://www.tiktokv.com/share/video/7585572554820177172/,
2026-01-08 21:21:54-05:00,2026-01-08,21,like,Likes and Favorites.Like List.ItemFavoriteList,https://www.tiktokv.com/share/video/7592237018046860566/,
2026-01-08 21:21:11-05:00,2026-01-08,21,like,Likes and Favorites.Like List.ItemFavoriteList,https://www.tiktokv.com/share/video/7589652692591562004/,
2026-01-08 21:20:29-05:00,2026-01-08,21,like,Likes and Favorites.Like List.ItemFavoriteList,https://www.tiktokv.com/share/video/7590519319352626462/,
2026-01-08 21:17:39-05:00,2026-01-08,21,like,Likes and Favorites.Like List.ItemFavoriteList,https://www.tiktokv.com/share/video/7590545335412411669/,
2026-01-08 21:17:04-05:00,2026-01-08,21,like,Likes and Favorites.Like List.ItemFavoriteList,https://www.tiktokv.com/share/video/7586470534896962871/,
2026-01-08 21:08:53-05:00,2026-01-08,21,like,Likes and Favorites.Like List.ItemFavoriteList,https://www.tiktokv.com/share/video/7587088138753871126/,
2026-01-08 20:45:09-05:00,2026-01-08,20,like,Likes and Favorites.Like List.ItemFavoriteList,https://www.tiktokv.com/share/video/7592997691462831363/,
2026-01-08 20:44:57-05:00,2026-01-08,20,like,Likes and Favorites.Like List.ItemFavoriteList,https://www.tiktokv.com/share/video/7581960810369436958/,
2026-01-08 20:44:12-05:00,2026-01-08,20,like,Likes and Favorites.Like List.ItemFavoriteList,https://www.tiktokv.com/share/video/7579705346055294239/,
2026-01-08 20:43:03-05:00,2026-01-08,20,like,Likes and Favorites.Like List.ItemFavoriteList,https://www.tiktokv.com/share/video/7592769330056613133/,
2026-01-08 20:42:33-05:00,2026-01-08,20,like,Likes and Favorites.Like List.ItemFavoriteList,https://www.tiktokv.com/share/video/7584177414624857374/,
2026-01-08 20:41:54-05:00,2026-01-08,20,like,Likes and Favorites.Like List.ItemFavoriteList,https://www.tiktokv.com/share/video/7592367999621795127/,
2026-01-08 20:41:05-05:00,2026-01-08,20,like,Likes and Favorites.Like List.ItemFavoriteList,https://www.tiktokv.com/share/video/7587338201795185950/,
2026-01-08 20:39:50-05:00,2026-01-08,20,like,Likes and Favorites.Like List.ItemFavoriteList,https://www.tiktokv.com/share/video/7583665706500181270/,
2026-01-08 20:39:28-05:00,2026-01-08,20,like,Likes and Favorites.Like List.ItemFavoriteList,https://www.tiktokv.com/share/video/7591899049779809567/,
2026-01-08 20:39:18-05:00,2026-01-08,20,like,Likes and Favorites.Like List.ItemFavoriteList,https://www.tiktokv.com/share/video/7591988791879929101/,
2026-01-08 19:39:58-05:00,2026-01-08,19,like,Likes and Favorites.Like List.ItemFavoriteList,https://www.tiktokv.com/share/video/7574658341906042143/,
2026-01-08 19:38:56-05:00,2026-01-08,19,like,Likes and Favorites.Like List.ItemFavoriteList,https://www.tiktokv.com/share/video/7584656068840557855/,
2026-01-08 19:37:33-05:00,2026-01-08,19,like,Likes and Favorites.Like List.ItemFavoriteList,https://www.tiktokv.com/share/video/7448352817410034976/,
2026-01-08 19:36:45-05:00,2026-01-08,19,like,Likes and Favorites.Like List.ItemFavoriteList,https://www.tiktokv.com/share/video/7512804939702340895/,
2026-01-08 19:36:13-05:00,2026-01-08,19,like,Likes and Favorites.Like List.ItemFavoriteList,https://www.tiktokv.com/share/video/7540947750926437645/,
2026-01-08 19:28:12-05:00,2026-01-08,19,like,Likes and Favorites.Like List.ItemFavoriteList,https://www.tiktokv.com/share/video/7591566491011599619/,
2026-01-08 17:54:13-05:00,2026-01-08,17,like,Likes and Favorites.Like List.ItemFavoriteList,https://www.tiktokv.com/share/video/7586119771792346399/,
2026-01-08 17:53:52-05:00,2026-01-08,17,like,Likes and Favorites.Like List.ItemFavoriteList,https://www.tiktokv.com/share/video/7585359586652212502/,
2026-01-08 17:53:47-05:00,2026-01-08,17,like,Likes and Favorites.Like List.ItemFavoriteList,https://www.tiktokv.com/share/video/7592515825890823437/,
2026-01-08 17:53:22-05:00,2026-01-08,17,like,Likes and Favorites.Like List.ItemFavoriteList,https://www.tiktokv.com/share/video/7591747497307966750/,
2026-01-08 17:52:17-05:00,2026-01-08,17,like,Likes and Favorites.Like List.ItemFavoriteList,https://www.tiktokv.com/share/video/7592736085290110222/,
2026-01-08 17:50:57-05:00,2026-01-08,17,like,Likes and Favorites.Like List.ItemFavoriteList,https://www.tiktokv.com/share/video/7571304865016597773/,
2026-01-08 17:49:37-05:00,2026-01-08,17,like,Likes and Favorites.Like List.ItemFavoriteList,https://www.tiktokv.com/share/video/7592820409133829431/,
2026-01-08 16:56:17-05:00,2026-01-08,16,like,Likes and Favorites.Like List.ItemFavoriteList,https://www.tiktokv.com/share/video/7589693318225759501/,
2026-01-08 16:48:14-05:00,2026-01-08,16,like,Likes and Favorites.Like List.ItemFavoriteList,https://www.tiktokv.com/share/video/7580465806899776790/,
2026-01-08 15:31:52-05:00,2026-01-08,15,like,Likes and Favorites.Like List.ItemFavoriteList,https://www.tiktokv.com/share/video/7367643890188422443/,
2026-01-08 15:31:47-05:00,2026-01-08,15,like,Likes and Favorites.Like List.ItemFavoriteList,https://www.tiktokv.com/share/video/7559249931681139990/,
2026-01-08 15:31:09-05:00,2026-01-08,15,like,Likes and Favorites.Like List.ItemFavoriteList,https://www.tiktokv.com/share/video/7587204716707269919/,
2026-01-08 15:29:56-05:00,2026-01-08,15,like,Likes and Favorites.Like List.ItemFavoriteList,https://www.tiktokv.com/share/video/7592714012530330935/,
2026-01-08 12:29:09-05:00,2026-01-08,12,like,Likes and Favorites.Like List.ItemFavoriteList,https://www.tiktokv.com/share/video/7588763010156547358/,
2026-01-08 12:27:22-05:00,2026-01-08,12,like,Likes and Favorites.Like List.ItemFavoriteList,https://www.tiktokv.com/share/video/7577273640224312589/,
2026-01-08 12:24:12-05:00,2026-01-08,12,like,Likes and Favorites.Like List.ItemFavoriteList,https://www.tiktokv.com/share/video/7592765944292789559/,
2026-01-08 12:23:48-05:00,2026-01-08,12,like,Likes and Favorites.Like List.ItemFavoriteList,https://www.tiktokv.com/share/video/7592409778517855518/,
2026-01-08 12:22:57-05:00,2026-01-08,12,like,Likes and Favorites.Like List.ItemFavoriteList,https://www.tiktokv.com/share/video/7577860868298362143/,
2026-01-08 12:21:38-05:00,2026-01-08,12,like,Likes and Favorites.Like List.ItemFavoriteList,https://www.tiktokv.com/share/video/7592669406652566797/,
2026-01-08 12:20:43-05:00,2026-01-08,12,like,Likes and Favorites.Like List.ItemFavoriteList,https://www.tiktokv.com/share/video/7563724655207517462/,
2026-01-08 12:19:58-05:00,2026-01-08,12,like,Likes and Favorites.Like List.ItemFavoriteList,https://www.tiktokv.com/share/video/7592631978697035063/,
2026-01-08 12:19:24-05:00,2026-01-08,12,like,Likes and Favorites.Like List.ItemFavoriteList,https://www.tiktokv.com/share/video/7592989715863702797/,
2026-01-08 12:16:55-05:00,2026-01-08,12,like,Likes and Favorites.Like List.ItemFavoriteList,https://www.tiktokv.com/share/video/7577515692384079117/,
2026-01-08 12:16:11-05:00,2026-01-08,12,like,Likes and Favorites.Like List.ItemFavoriteList,https://www.tiktokv.com/share/video/7590157933325978893/,
2026-01-08 04:30:53-05:00,2026-01-08,4,like,Likes and Favorites.Like List.ItemFavoriteList,https://www.tiktokv.com/share/video/7084545225447705899/,
2026-01-08 04:28:02-05:00,2026-01-08,4,like,Likes and Favorites.Like List.ItemFavoriteList,https://www.tiktokv.com/share/video/7570653895735774472/,
2026-01-08 04:27:21-05:00,2026-01-08,4,like,Likes and Favorites.Like List.ItemFavoriteList,https://www.tiktokv.com/share/video/7592513444495052062/,
2026-01-08 04:26:22-05:00,2026-01-08,4,like,Likes and Favorites.Like List.ItemFavoriteList,https://www.tiktokv.com/share/video/7592765510706679070/,
2026-01-08 04:26:10-05:00,2026-01-08,4,like,Likes and Favorites.Like List.ItemFavoriteList,https://www.tiktokv.com/share/video/7561923393105284374/,
2026-01-08 04:25:30-05:00,2026-01-08,4,like,Likes and Favorites.Like List.ItemFavoriteList,https://www.tiktokv.com/share/video/7592724059281001735/,
2026-01-08 04:24:45-05:00,2026-01-08,4,like,Likes and Favorites.Like List.ItemFavoriteList,https://www.tiktokv.com/share/video/7592709451841342775/,
2026-01-08 04:24:26-05:00,2026-01-08,4,like,Likes and Favorites.Like List.ItemFavoriteList,https://www.tiktokv.com/share/video/7592704209812753686/,
2026-01-08 04:22:49-05:00,2026-01-08,4,like,Likes and Favorites.Like List.ItemFavoriteList,https://www.tiktokv.com/share/video/7581611767445523714/,
2026-01-08 04:20:27-05:00,2026-01-08,4,like,Likes and Favorites.Like List.ItemFavoriteList,https://www.tiktokv.com/share/video/7369117518008503598/,
2026-01-08 04:17:49-05:00,2026-01-08,4,like,Likes and Favorites.Like List.ItemFavoriteList,https://www.tiktokv.com/share/video/7591311903964630302/,
2026-01-08 04:15:30-05:00,2026-01-08,4,like,Likes and Favorites.Like List.ItemFavoriteList,https://www.tiktokv.com/share/video/7592086716610022711/,
2026-01-08 04:12:07-05:00,2026-01-08,4,like,Likes and Favorites.Like List.ItemFavoriteList,https://www.tiktokv.com/share/video/7581872988870413590/,
2026-01-08 04:11:15-05:00,2026-01-08,4,like,Likes and Favorites.Like List.ItemFavoriteList,https://www.tiktokv.com/share/video/7580882120793541910/,
2026-01-08 04:11:11-05:00,2026-01-08,4,like,Likes and Favorites.Like List.ItemFavoriteList,https://www.tiktokv.com/share/video/7572886549403012374/,
2026-01-08 04:10:25-05:00,2026-01-08,4,like,Likes and Favorites.Like List.ItemFavoriteList,https://www.tiktokv.com/share/video/7592742314804661518/,
2026-01-08 04:09:51-05:00,2026-01-08,4,like,Likes and Favorites.Like List.ItemFavoriteList,https://www.tiktokv.com/share/video/7573834063576861965/,
2026-01-08 04:09:20-05:00,2026-01-08,4,like,Likes and Favorites.Like List.ItemFavoriteList,https://www.tiktokv.com/share/video/7580156896720571679/,
2026-01-08 04:07:09-05:00,2026-01-08,4,like,Likes and Favorites.Like List.ItemFavoriteList,https://www.tiktokv.com/share/video/7571564160153095455/,
2026-01-07 21:47:39-05:00,2026-01-07,21,like,Likes and Favorites.Like List.ItemFavoriteList,https://www.tiktokv.com/share/video/7592375251644861751/,
2026-01-07 19:22:14-05:00,2026-01-07,19,like,Likes and Favorites.Like List.ItemFavoriteList,https://www.tiktokv.com/share/video/7591936386752630071/,
2026-01-07 19:20:09-05:00,2026-01-07,19,like,Likes and Favorites.Like List.ItemFavoriteList,https://www.tiktokv.com/share/video/7583436016657222934/,
2026-01-07 19:19:53-05:00,2026-01-07,19,like,Likes and Favorites.Like List.ItemFavoriteList,https://www.tiktokv.com/share/video/7573739501999181086/,
2026-01-07 19:17:23-05:00,2026-01-07,19,like,Likes and Favorites.Like List.ItemFavoriteList,https://www.tiktokv.com/share/video/7570495740426931478/,
2026-01-07 19:17:18-05:00,2026-01-07,19,like,Likes and Favorites.Like List.ItemFavoriteList,https://www.tiktokv.com/share/video/7586398966380514574/,
2026-01-07 19:14:30-05:00,2026-01-07,19,like,Likes and Favorites.Like List.ItemFavoriteList,https://www.tiktokv.com/share/video/7592537979663469854/,
2026-01-07 19:14:01-05:00,2026-01-07,19,like,Likes and Favorites.Like List.ItemFavoriteList,https://www.tiktokv.com/share/video/7577358635836198152/,
2026-01-07 19:13:38-05:00,2026-01-07,19,like,Likes and Favorites.Like List.ItemFavoriteList,https://www.tiktokv.com/share/video/7586860993431604494/,
2026-01-07 19:12:19-05:00,2026-01-07,19,like,Likes and Favorites.Like List.ItemFavoriteList,https://www.tiktokv.com/share/video/7592746546291068173/,
2026-01-07 19:07:52-05:00,2026-01-07,19,like,Likes and Favorites.Like List.ItemFavoriteList,https://www.tiktokv.com/share/video/7590038401823362325/,
2026-01-07 19:06:50-05:00,2026-01-07,19,like,Likes and Favorites.Like List.ItemFavoriteList,https://www.tiktokv.com/share/video/7591898702986464567/,
2026-01-07 19:06:15-05:00,2026-01-07,19,like,Likes and Favorites.Like List.ItemFavoriteList,https://www.tiktokv.com/share/video/7592583257942740254/,
2026-01-07 19:04:59-05:00,2026-01-07,19,like,Likes and Favorites.Like List.ItemFavoriteList,https://www.tiktokv.com/share/video/7592403554288061727/,
2026-01-07 18:46:11-05:00,2026-01-07,18,like,Likes and Favorites.Like List.ItemFavoriteList,https://www.tiktokv.com/share/video/7592010790937529623/,
2026-01-07 18:45:36-05:00,2026-01-07,18,like,Likes and Favorites.Like List.ItemFavoriteList,https://www.tiktokv.com/share/video/7574556087987342593/,
2026-01-07 18:45:02-05:00,2026-01-07,18,like,Likes and Favorites.Like List.ItemFavoriteList,https://www.tiktokv.com/share/video/7590850261095042359/,
2026-01-07 18:44:18-05:00,2026-01-07,18,like,Likes and Favorites.Like List.ItemFavoriteList,https://www.tiktokv.com/share/video/7592052934532222222/,
2026-01-07 18:43:57-05:00,2026-01-07,18,like,Likes and Favorites.Like List.ItemFavoriteList,https://www.tiktokv.com/share/video/7592403693031476510/,
2026-01-07 18:43:26-05:00,2026-01-07,18,like,Likes and Favorites.Like List.ItemFavoriteList,https://www.tiktokv.com/share/video/7586772668230241550/,
2026-01-07 18:42:06-05:00,2026-01-07,18,like,Likes and Favorites.Like List.ItemFavoriteList,https://www.tiktokv.com/share/video/7592661213465595149/,
2026-01-07 18:40:27-05:00,2026-01-07,18,like,Likes and Favorites.Like List.ItemFavoriteList,https://www.tiktokv.com/share/video/7585795872936480030/,
2026-01-07 18:39:21-05:00,2026-01-07,18,like,Likes and Favorites.Like List.ItemFavoriteList,https://www.tiktokv.com/share/video/7591968644964306231/,
2026-01-07 18:36:38-05:00,2026-01-07,18,like,Likes and Favorites.Like List.ItemFavoriteList,https://www.tiktokv.com/share/video/7592408464182299934/,
2026-01-07 18:36:22-05:00,2026-01-07,18,like,Likes and Favorites.Like List.ItemFavoriteList,https://www.tiktokv.com/share/video/7589143790091242783/,
2026-01-07 18:33:31-05:00,2026-01-07,18,like,Likes and Favorites.Like List.ItemFavoriteList,https://www.tiktokv.com/share/video/7592237601671695630/,
2026-01-07 18:31:09-05:00,2026-01-07,18,like,Likes and Favorites.Like List.ItemFavoriteList,https://www.tiktokv.com/share/video/7592748474341362974/,
2026-01-07 18:30:53-05:00,2026-01-07,18,like,Likes and Favorites.Like List.ItemFavoriteList,https://www.tiktokv.com/share/video/7590145933027986702/,
2026-01-07 18:24:06-05:00,2026-01-07,18,like,Likes and Favorites.Like List.ItemFavoriteList,https://www.tiktokv.com/share/video/7562775131647397150/,
2026-01-07 18:23:33-05:00,2026-01-07,18,like,Likes and Favorites.Like List.ItemFavoriteList,https://www.tiktokv.com/share/video/7592694071294987550/,
2026-01-07 18:23:24-05:00,2026-01-07,18,like,Likes and Favorites.Like List.ItemFavoriteList,https://www.tiktokv.com/share/video/7592391228784790815/,
2026-01-07 18:21:53-05:00,2026-01-07,18,like,Likes and Favorites.Like List.ItemFavoriteList,https://www.tiktokv.com/share/video/7591258577856122142/,
2026-01-07 18:20:50-05:00,2026-01-07,18,like,Likes and Favorites.Like List.ItemFavoriteList,https://www.tiktokv.com/share/video/7591971324428291383/,
2026-01-07 18:20:12-05:00,2026-01-07,18,like,Likes and Favorites.Like List.ItemFavoriteList,https://www.tiktokv.com/share/video/7591913409424198934/,
2026-01-07 18:19:14-05:00,2026-01-07,18,like,Likes and Favorites.Like List.ItemFavoriteList,https://www.tiktokv.com/share/video/7592440430843759885/,
2026-01-07 18:18:36-05:00,2026-01-07,18,like,Likes and Favorites.Like List.ItemFavoriteList,https://www.tiktokv.com/share/video/7582510745359863061/,
2026-01-07 18:16:21-05:00,2026-01-07,18,like,Likes and Favorites.Like List.ItemFavoriteList,https://www.tiktokv.com/share/video/7554013765914643734/,
2026-01-07 18:15:34-05:00,2026-01-07,18,like,Likes and Favorites.Like List.ItemFavoriteList,https://www.tiktokv.com/share/video/7592301441893682446/,
2026-01-07 18:15:29-05:00,2026-01-07,18,like,Likes and Favorites.Like List.ItemFavoriteList,https://www.tiktokv.com/share/video/7592623780808166686/,
2026-01-07 18:14:26-05:00,2026-01-07,18,like,Likes and Favorites.Like List.ItemFavoriteList,https://www.tiktokv.com/share/video/7592585440671091999/,
2026-01-07 18:13:40-05:00,2026-01-07,18,like,Likes and Favorites.Like List.ItemFavoriteList,https://www.tiktokv.com/share/video/7592329070260587806/,
2026-01-07 18:13:22-05:00,2026-01-07,18,like,Likes and Favorites.Like List.ItemFavoriteList,https://www.tiktokv.com/share/video/7592278779100204302/,
2026-01-07 12:45:47-05:00,2026-01-07,12,like,Likes and Favorites.Like List.ItemFavoriteList,https://www.tiktokv.com/share/video/7469725957071457568/,
2026-01-07 12:45:35-05:00,2026-01-07,12,like,Likes and Favorites.Like List.ItemFavoriteList,https://www.tiktokv.com/share/video/7587671909127572753/,
2026-01-07 12:43:50-05:00,2026-01-07,12,like,Likes and Favorites.Like List.ItemFavoriteList,https://www.tiktokv.com/share/video/7572371094187822350/,
2026-01-07 12:43:32-05:00,2026-01-07,12,like,Likes and Favorites.Like List.ItemFavoriteList,https://www.tiktokv.com/share/video/7590877299990449425/,
2026-01-07 12:42:21-05:00,2026-01-07,12,like,Likes and Favorites.Like List.ItemFavoriteList,https://www.tiktokv.com/share/video/7592210519113633079/,
2026-01-07 12:40:58-05:00,2026-01-07,12,like,Likes and Favorites.Like List.ItemFavoriteList,https://www.tiktokv.com/share/video/7592047701424868639/,
2026-01-07 12:40:36-05:00,2026-01-07,12,like,Likes and Favorites.Like List.ItemFavoriteList,https://www.tiktokv.com/share/video/7589733232808054047/,
2026-01-07 12:40:25-05:00,2026-01-07,12,like,Likes and Favorites.Like List.ItemFavoriteList,https://www.tiktokv.com/share/video/7591823544770694431/,
2026-01-07 12:39:03-05:00,2026-01-07,12,like,Likes and Favorites.Like List.ItemFavoriteList,https://www.tiktokv.com/share/video/7585575119968292126/,
2026-01-07 12:37:59-05:00,2026-01-07,12,like,Likes and Favorites.Like List.ItemFavoriteList,https://www.tiktokv.com/share/video/7585027125002997023/,
2026-01-07 12:37:17-05:00,2026-01-07,12,like,Likes and Favorites.Like List.ItemFavoriteList,https://www.tiktokv.com/share/video/7574258971150748941/,
2026-01-07 12:36:26-05:00,2026-01-07,12,like,Likes and Favorites.Like List.ItemFavoriteList,https://www.tiktokv.com/share/video/7592108895712087327/,
2026-01-07 12:34:33-05:00,2026-01-07,12,like,Likes and Favorites.Like List.ItemFavoriteList,https://www.tiktokv.com/share/video/7571604974501743927/,
2026-01-07 12:33:36-05:00,2026-01-07,12,like,Likes and Favorites.Like List.ItemFavoriteList,https://www.tiktokv.com/share/video/7588417264723037453/,
2026-01-07 12:31:21-05:00,2026-01-07,12,like,Likes and Favorites.Like List.ItemFavoriteList,https://www.tiktokv.com/share/video/7590502259704827166/,
2026-01-07 12:27:54-05:00,2026-01-07,12,like,Likes and Favorites.Like List.ItemFavoriteList,https://www.tiktokv.com/share/video/7592330150839078199/,
2026-01-07 12:27:04-05:00,2026-01-07,12,like,Likes and Favorites.Like List.ItemFavoriteList,https://www.tiktokv.com/share/video/7591995755095739703/,
2026-01-07 12:26:05-05:00,2026-01-07,12,like,Likes and Favorites.Like List.ItemFavoriteList,https://www.tiktokv.com/share/video/7574103206779735351/,
2026-01-07 12:21:59-05:00,2026-01-07,12,like,Likes and Favorites.Like List.ItemFavoriteList,https://www.tiktokv.com/share/video/7590056910376684814/,
2026-01-07 12:20:28-05:00,2026-01-07,12,like,Likes and Favorites.Like List.ItemFavoriteList,https://www.tiktokv.com/share/video/7581174064690122014/,
2026-01-07 12:19:38-05:00,2026-01-07,12,like,Likes and Favorites.Like List.ItemFavoriteList,https://www.tiktokv.com/share/video/7590622241017236757/,
2026-01-07 12:18:57-05:00,2026-01-07,12,like,Likes and Favorites.Like List.ItemFavoriteList,https://www.tiktokv.com/share/video/7592192910850788638/,
2026-01-07 12:16:29-05:00,2026-01-07,12,like,Likes and Favorites.Like List.ItemFavoriteList,https://www.tiktokv.com/share/video/7584993862679006486/,
2026-01-07 12:09:52-05:00,2026-01-07,12,like,Likes and Favorites.Like List.ItemFavoriteList,https://www.tiktokv.com/share/video/7532618162232347926/,
2026-01-07 12:08:07-05:00,2026-01-07,12,like,Likes and Favorites.Like List.ItemFavoriteList,https://www.tiktokv.com/share/video/7589712823425584414/,
2026-01-07 12:05:50-05:00,2026-01-07,12,like,Likes and Favorites.Like List.ItemFavoriteList,https://www.tiktokv.com/share/video/7591129212627471630/,
2026-01-07 12:05:06-05:00,2026-01-07,12,like,Likes and Favorites.Like List.ItemFavoriteList,https://www.tiktokv.com/share/video/7556577937923788054/,
2026-01-07 12:04:18-05:00,2026-01-07,12,like,Likes and Favorites.Like List.ItemFavoriteList,https://www.tiktokv.com/share/video/7592339667144527117/,
2026-01-07 12:03:43-05:00,2026-01-07,12,like,Likes and Favorites.Like List.ItemFavoriteList,https://www.tiktokv.com/share/video/7591961856772705550/,
2026-01-07 12:01:35-05:00,2026-01-07,12,like,Likes and Favorites.Like List.ItemFavoriteList,https://www.tiktokv.com/share/video/7590918591646649613/,
2026-01-07 11:57:17-05:00,2026-01-07,11,like,Likes and Favorites.Like List.ItemFavoriteList,https://www.tiktokv.com/share/video/7587358757160553759/,
2026-01-07 11:53:26-05:00,2026-01-07,11,like,Likes and Favorites.Like List.ItemFavoriteList,https://www.tiktokv.com/share/video/7592379501758237966/,
2026-01-07 11:52:18-05:00,2026-01-07,11,like,Likes and Favorites.Like List.ItemFavoriteList,https://www.tiktokv.com/share/video/7585441961209777421/,
2026-01-07 11:51:54-05:00,2026-01-07,11,like,Likes and Favorites.Like List.ItemFavoriteList,https://www.tiktokv.com/share/video/7573382267892944183/,
2026-01-07 11:49:42-05:00,2026-01-07,11,like,Likes and Favorites.Like List.ItemFavoriteList,https://www.tiktokv.com/share/video/7591236064996494647/,
2026-01-07 11:48:22-05:00,2026-01-07,11,like,Likes and Favorites.Like List.ItemFavoriteList,https://www.tiktokv.com/share/video/7586853695783030029/,
2026-01-07 11:46:49-05:00,2026-01-07,11,like,Likes and Favorites.Like List.ItemFavoriteList,https://www.tiktokv.com/share/video/7585376445426453774/,
2026-01-07 11:44:12-05:00,2026-01-07,11,like,Likes and Favorites.Like List.ItemFavoriteList,https://www.tiktokv.com/share/video/7590924459087875342/,
2026-01-07 11:39:04-05:00,2026-01-07,11,like,Likes and Favorites.Like List.ItemFavoriteList,https://www.tiktokv.com/share/video/7592479010068761869/,
2026-01-07 11:38:20-05:00,2026-01-07,11,like,Likes and Favorites.Like List.ItemFavoriteList,https://www.tiktokv.com/share/video/7508212943822277934/,
2026-01-07 11:37:40-05:00,2026-01-07,11,like,Likes and Favorites.Like List.ItemFavoriteList,https://www.tiktokv.com/share/video/7588684040815922445/,
2026-01-07 11:37:14-05:00,2026-01-07,11,like,Likes and Favorites.Like List.ItemFavoriteList,https://www.tiktokv.com/share/video/7580316618912189697/,
2026-01-07 11:35:33-05:00,2026-01-07,11,like,Likes and Favorites.Like List.ItemFavoriteList,https://www.tiktokv.com/share/video/7580771843301199118/,
2026-01-07 11:34:15-05:00,2026-01-07,11,like,Likes and Favorites.Like List.ItemFavoriteList,https://www.tiktokv.com/share/video/7586305128286670110/,
2026-01-07 11:32:13-05:00,2026-01-07,11,like,Likes and Favorites.Like List.ItemFavoriteList,https://www.tiktokv.com/share/video/7590160816465399062/,
2026-01-07 11:27:36-05:00,2026-01-07,11,like,Likes and Favorites.Like List.ItemFavoriteList,https://www.tiktokv.com/share/video/7579344285368143134/,
2026-01-07 11:27:02-05:00,2026-01-07,11,like,Likes and Favorites.Like List.ItemFavoriteList,https://www.tiktokv.com/share/video/7586429161091190030/,
2026-01-07 11:25:05-05:00,2026-01-07,11,like,Likes and Favorites.Like List.ItemFavoriteList,https://www.tiktokv.com/share/video/7592446257369582862/,
2026-01-07 11:24:39-05:00,2026-01-07,11,like,Likes and Favorites.Like List.ItemFavoriteList,https://www.tiktokv.com/share/video/7591700849169026316/,
2026-01-07 11:22:55-05:00,2026-01-07,11,like,Likes and Favorites.Like List.ItemFavoriteList,https://www.tiktokv.com/share/video/7592113527310126367/,
2026-01-07 11:21:53-05:00,2026-01-07,11,like,Likes and Favorites.Like List.ItemFavoriteList,https://www.tiktokv.com/share/video/7592059903993302302/,
2026-01-07 11:21:31-05:00,2026-01-07,11,like,Likes and Favorites.Like List.ItemFavoriteList,https://www.tiktokv.com/share/video/7590179146072919318/,
2026-01-07 01:39:26-05:00,2026-01-07,1,like,Likes and Favorites.Like List.ItemFavoriteList,https://www.tiktokv.com/share/video/7591664822589066551/,
2026-01-07 01:38:18-05:00,2026-01-07,1,like,Likes and Favorites.Like List.ItemFavoriteList,https://www.tiktokv.com/share/video/7590525972319866143/,
2026-01-07 01:37:26-05:00,2026-01-07,1,like,Likes and Favorites.Like List.ItemFavoriteList,https://www.tiktokv.com/share/video/7592078560014224695/,
2026-01-07 01:36:50-05:00,2026-01-07,1,like,Likes and Favorites.Like List.ItemFavoriteList,https://www.tiktokv.com/share/video/7583404660992625951/,
2026-01-06 22:01:54-05:00,2026-01-06,22,like,Likes and Favorites.Like List.ItemFavoriteList,https://www.tiktokv.com/share/video/7591805712745893151/,
2026-01-06 22:00:49-05:00,2026-01-06,22,like,Likes and Favorites.Like List.ItemFavoriteList,https://www.tiktokv.com/share/video/7591713585345072398/,
2026-01-06 21:59:30-05:00,2026-01-06,21,like,Likes and Favorites.Like List.ItemFavoriteList,https://www.tiktokv.com/share/video/7592021663252761887/,
2026-01-06 21:59:26-05:00,2026-01-06,21,like,Likes and Favorites.Like List.ItemFavoriteList,https://www.tiktokv.com/share/video/7592310996488736030/,
2026-01-06 21:59:18-05:00,2026-01-06,21,like,Likes and Favorites.Like List.ItemFavoriteList,https://www.tiktokv.com/share/video/7591279194835914015/,
2026-01-06 21:28:47-05:00,2026-01-06,21,like,Likes and Favorites.Like List.ItemFavoriteList,https://www.tiktokv.com/share/video/7592236436942818615/,
2026-01-06 21:27:07-05:00,2026-01-06,21,like,Likes and Favorites.Like List.ItemFavoriteList,https://www.tiktokv.com/share/video/7588404951865412919/,
2026-01-06 21:26:23-05:00,2026-01-06,21,like,Likes and Favorites.Like List.ItemFavoriteList,https://www.tiktokv.com/share/video/7591592350246341910/,
2026-01-06 20:17:40-05:00,2026-01-06,20,like,Likes and Favorites.Like List.ItemFavoriteList,https://www.tiktokv.com/share/video/7589446120783219998/,
2026-01-06 20:16:29-05:00,2026-01-06,20,like,Likes and Favorites.Like List.ItemFavoriteList,https://www.tiktokv.com/share/video/7592125987928788237/,
2026-01-06 20:16:08-05:00,2026-01-06,20,like,Likes and Favorites.Like List.ItemFavoriteList,https://www.tiktokv.com/share/video/7539315243206331679/,
2026-01-06 20:14:35-05:00,2026-01-06,20,like,Likes and Favorites.Like List.ItemFavoriteList,https://www.tiktokv.com/share/video/7592376337998826783/,
2026-01-06 19:43:39-05:00,2026-01-06,19,like,Likes and Favorites.Like List.ItemFavoriteList,https://www.tiktokv.com/share/video/7592314519028796702/,
2026-01-06 19:41:49-05:00,2026-01-06,19,like,Likes and Favorites.Like List.ItemFavoriteList,https://www.tiktokv.com/share/video/7592204628142394646/,
2026-01-06 19:36:31-05:00,2026-01-06,19,like,Likes and Favorites.Like List.ItemFavoriteList,https://www.tiktokv.com/share/video/7592063925605240077/,
2026-01-06 10:57:24-05:00,2026-01-06,10,like,Likes and Favorites.Like List.ItemFavoriteList,https://www.tiktokv.com/share/video/7592027421038087455/,
2026-01-06 10:55:48-05:00,2026-01-06,10,like,Likes and Favorites.Like List.ItemFavoriteList,https://www.tiktokv.com/share/video/7591544242078764291/,
2026-01-06 10:55:14-05:00,2026-01-06,10,like,Likes and Favorites.Like List.ItemFavoriteList,https://www.tiktokv.com/share/video/7591982527405968653/,
2026-01-06 10:52:46-05:00,2026-01-06,10,like,Likes and Favorites.Like List.ItemFavoriteList,https://www.tiktokv.com/share/video/7591735643542261022/,
2026-01-06 10:50:42-05:00,2026-01-06,10,like,Likes and Favorites.Like List.ItemFavoriteList,https://www.tiktokv.com/share/video/7591185159152618766/,
2026-01-06 10:49:00-05:00,2026-01-06,10,like,Likes and Favorites.Like List.ItemFavoriteList,https://www.tiktokv.com/share/video/7589674628201680159/,
2026-01-06 10:44:55-05:00,2026-01-06,10,like,Likes and Favorites.Like List.ItemFavoriteList,https://www.tiktokv.com/share/video/7591733159260065055/,
2026-01-06 10:44:16-05:00,2026-01-06,10,like,Likes and Favorites.Like List.ItemFavoriteList,https://www.tiktokv.com/share/video/7591722913753992478/,
2026-01-06 10:43:58-05:00,2026-01-06,10,like,Likes and Favorites.Like List.ItemFavoriteList,https://www.tiktokv.com/share/video/7591919310751255863/,
2026-01-06 10:42:31-05:00,2026-01-06,10,like,Likes and Favorites.Like List.ItemFavoriteList,https://www.tiktokv.com/share/video/7588169258358656263/,
2026-01-06 10:42:11-05:00,2026-01-06,10,like,Likes and Favorites.Like List.ItemFavoriteList,https://www.tiktokv.com/share/video/7590922268444871949/,
2026-01-06 10:41:11-05:00,2026-01-06,10,like,Likes and Favorites.Like List.ItemFavoriteList,https://www.tiktokv.com/share/video/7591746392847060238/,
2026-01-06 09:51:45-05:00,2026-01-06,9,like,Likes and Favorites.Like List.ItemFavoriteList,https://www.tiktokv.com/share/video/7592001116838104334/,
2026-01-06 09:50:43-05:00,2026-01-06,9,like,Likes and Favorites.Like List.ItemFavoriteList,https://www.tiktokv.com/share/video/7591717786850823438/,
2026-01-06 09:42:05-05:00,2026-01-06,9,like,Likes and Favorites.Like List.ItemFavoriteList,https://www.tiktokv.com/share/video/7591966819490090253/,
2026-01-06 09:39:57-05:00,2026-01-06,9,like,Likes and Favorites.Like List.ItemFavoriteList,https://www.tiktokv.com/share/video/7591988616365165879/,
2026-01-06 09:38:53-05:00,2026-01-06,9,like,Likes and Favorites.Like List.ItemFavoriteList,https://www.tiktokv.com/share/video/7591020123108953375/,
2026-01-06 09:36:24-05:00,2026-01-06,9,like,Likes and Favorites.Like List.ItemFavoriteList,https://www.tiktokv.com/share/video/7591832411177012535/,
2026-01-05 17:35:30-05:00,2026-01-05,17,like,Likes and Favorites.Like List.ItemFavoriteList,https://www.tiktokv.com/share/video/7591794903512780063/,
2026-01-05 16:58:41-05:00,2026-01-05,16,like,Likes and Favorites.Like List.ItemFavoriteList,https://www.tiktokv.com/share/video/7591721173117881614/,
2026-01-05 16:54:24-05:00,2026-01-05,16,like,Likes and Favorites.Like List.ItemFavoriteList,https://www.tiktokv.com/share/video/7583501077799095583/,
2026-01-05 16:54:15-05:00,2026-01-05,16,like,Likes and Favorites.Like List.ItemFavoriteList,https://www.tiktokv.com/share/video/7589404268797414686/,
2026-01-05 16:52:09-05:00,2026-01-05,16,like,Likes and Favorites.Like List.ItemFavoriteList,https://www.tiktokv.com/share/video/7590640406056946974/,
2026-01-05 16:50:32-05:00,2026-01-05,16,like,Likes and Favorites.Like List.ItemFavoriteList,https://www.tiktokv.com/share/video/7591651415181823262/,
2026-01-05 16:49:22-05:00,2026-01-05,16,like,Likes and Favorites.Like List.ItemFavoriteList,https://www.tiktokv.com/share/video/7591423058020191518/,
2026-01-05 16:49:13-05:00,2026-01-05,16,like,Likes and Favorites.Like List.ItemFavoriteList,https://www.tiktokv.com/share/video/7591606173732850974/,
2026-01-05 12:15:36-05:00,2026-01-05,12,like,Likes and Favorites.Like List.ItemFavoriteList,https://www.tiktokv.com/share/video/7589052211590614302/,
2026-01-05 12:15:12-05:00,2026-01-05,12,like,Likes and Favorites.Like List.ItemFavoriteList,https://www.tiktokv.com/share/video/7591738631430229278/,
2026-01-05 12:14:33-05:00,2026-01-05,12,like,Likes and Favorites.Like List.ItemFavoriteList,https://www.tiktokv.com/share/video/7584619175612583181/,
2026-01-05 12:12:36-05:00,2026-01-05,12,like,Likes and Favorites.Like List.ItemFavoriteList,https://www.tiktokv.com/share/video/7577490900218088737/,
2026-01-05 12:12:17-05:00,2026-01-05,12,like,Likes and Favorites.Like List.ItemFavoriteList,https://www.tiktokv.com/share/video/7580841289499839766/,
2026-01-05 12:11:23-05:00,2026-01-05,12,like,Likes and Favorites.Like List.ItemFavoriteList,https://www.tiktokv.com/share/video/7591600514681294110/,
2026-01-05 12:10:48-05:00,2026-01-05,12,like,Likes and Favorites.Like List.ItemFavoriteList,https://www.tiktokv.com/share/video/7591743244900273421/,
2026-01-05 12:10:32-05:00,2026-01-05,12,like,Likes and Favorites.Like List.ItemFavoriteList,https://www.tiktokv.com/share/video/7589690059217980703/,
2026-01-05 12:08:10-05:00,2026-01-05,12,like,Likes and Favorites.Like List.ItemFavoriteList,https://www.tiktokv.com/share/video/7591754286086802701/,
2026-01-05 12:07:02-05:00,2026-01-05,12,like,Likes and Favorites.Like List.ItemFavoriteList,https://www.tiktokv.com/share/video/7569197313252461831/,
2026-01-05 12:06:09-05:00,2026-01-05,12,like,Likes and Favorites.Like List.ItemFavoriteList,https://www.tiktokv.com/share/video/7591692695572090126/,
2026-01-05 12:05:34-05:00,2026-01-05,12,like,Likes and Favorites.Like List.ItemFavoriteList,https://www.tiktokv.com/share/video/7581261479438044446/,
2026-01-05 12:02:47-05:00,2026-01-05,12,like,Likes and Favorites.Like List.ItemFavoriteList,https://www.tiktokv.com/share/video/7579407679567744270/,
2026-01-05 12:02:04-05:00,2026-01-05,12,like,Likes and Favorites.Like List.ItemFavoriteList,https://www.tiktokv.com/share/video/7580898178719927566/,
2026-01-05 11:54:53-05:00,2026-01-05,11,like,Likes and Favorites.Like List.ItemFavoriteList,https://www.tiktokv.com/share/video/7590746661513645342/,
2026-01-05 11:52:28-05:00,2026-01-05,11,like,Likes and Favorites.Like List.ItemFavoriteList,https://www.tiktokv.com/share/video/7591766518656978190/,
2026-01-05 11:52:12-05:00,2026-01-05,11,like,Likes and Favorites.Like List.ItemFavoriteList,https://www.tiktokv.com/share/video/7591568323138112782/,
2026-01-05 11:47:47-05:00,2026-01-05,11,like,Likes and Favorites.Like List.ItemFavoriteList,https://www.tiktokv.com/share/video/7587864528151497998/,
2026-01-05 11:46:36-05:00,2026-01-05,11,like,Likes and Favorites.Like List.ItemFavoriteList,https://www.tiktokv.com/share/video/7591579261941681440/,
2026-01-05 11:45:54-05:00,2026-01-05,11,like,Likes and Favorites.Like List.ItemFavoriteList,https://www.tiktokv.com/share/video/7591732730119900447/,
2026-01-05 11:45:33-05:00,2026-01-05,11,like,Likes and Favorites.Like List.ItemFavoriteList,https://www.tiktokv.com/share/video/7591751552428215565/,
2026-01-05 11:44:53-05:00,2026-01-05,11,like,Likes and Favorites.Like List.ItemFavoriteList,https://www.tiktokv.com/share/video/7591486018243693826/,
2026-01-05 11:44:28-05:00,2026-01-05,11,like,Likes and Favorites.Like List.ItemFavoriteList,https://www.tiktokv.com/share/video/7591628386812890423/,
2026-01-05 10:50:53-05:00,2026-01-05,10,like,Likes and Favorites.Like List.ItemFavoriteList,https://www.tiktokv.com/share/video/7589630579042225420/,
2026-01-05 10:50:13-05:00,2026-01-05,10,like,Likes and Favorites.Like List.ItemFavoriteList,https://www.tiktokv.com/share/video/7589862159769668894/,
2026-01-05 10:49:45-05:00,2026-01-05,10,like,Likes and Favorites.Like List.ItemFavoriteList,https://www.tiktokv.com/share/video/7591752875739532599/,
2026-01-05 10:47:57-05:00,2026-01-05,10,like,Likes and Favorites.Like List.ItemFavoriteList,https://www.tiktokv.com/share/video/7586063360794397972/,
2026-01-05 10:47:30-05:00,2026-01-05,10,like,Likes and Favorites.Like List.ItemFavoriteList,https://www.tiktokv.com/share/video/7587615991421603103/,
2026-01-05 10:15:33-05:00,2026-01-05,10,like,Likes and Favorites.Like List.ItemFavoriteList,https://www.tiktokv.com/share/video/7588017650647764246/,
2026-01-05 10:14:21-05:00,2026-01-05,10,like,Likes and Favorites.Like List.ItemFavoriteList,https://www.tiktokv.com/share/video/7587909182377037078/,
2026-01-05 10:13:13-05:00,2026-01-05,10,like,Likes and Favorites.Like List.ItemFavoriteList,https://www.tiktokv.com/share/video/7576753676505599262/,
2026-01-05 10:12:16-05:00,2026-01-05,10,like,Likes and Favorites.Like List.ItemFavoriteList,https://www.tiktokv.com/share/video/7582852422280793356/,
2026-01-05 10:11:57-05:00,2026-01-05,10,like,Likes and Favorites.Like List.ItemFavoriteList,https://www.tiktokv.com/share/video/7591056782471023927/,
2026-01-05 10:10:32-05:00,2026-01-05,10,like,Likes and Favorites.Like List.ItemFavoriteList,https://www.tiktokv.com/share/video/7586686868381568276/,
2026-01-05 10:09:52-05:00,2026-01-05,10,like,Likes and Favorites.Like List.ItemFavoriteList,https://www.tiktokv.com/share/video/7576441265777020190/,
2026-01-05 10:09:20-05:00,2026-01-05,10,like,Likes and Favorites.Like List.ItemFavoriteList,https://www.tiktokv.com/share/video/7591737690014436639/,
2026-01-05 10:08:48-05:00,2026-01-05,10,like,Likes and Favorites.Like List.ItemFavoriteList,https://www.tiktokv.com/share/video/7579044333727321366/,
2026-01-05 10:07:45-05:00,2026-01-05,10,like,Likes and Favorites.Like List.ItemFavoriteList,https://www.tiktokv.com/share/video/7571873855694851383/,
2026-01-05 10:07:34-05:00,2026-01-05,10,like,Likes and Favorites.Like List.ItemFavoriteList,https://www.tiktokv.com/share/video/7589948702488415543/,
2026-01-05 10:06:32-05:00,2026-01-05,10,like,Likes and Favorites.Like List.ItemFavoriteList,https://www.tiktokv.com/share/video/7580609912523214135/,
2026-01-05 10:04:40-05:00,2026-01-05,10,like,Likes and Favorites.Like List.ItemFavoriteList,https://www.tiktokv.com/share/video/7581931632270036254/,
2026-01-05 10:03:31-05:00,2026-01-05,10,like,Likes and Favorites.Like List.ItemFavoriteList,https://www.tiktokv.com/share/video/7579020163853470990/,
2026-01-05 10:01:55-05:00,2026-01-05,10,like,Likes and Favorites.Like List.ItemFavoriteList,https://www.tiktokv.com/share/video/7577177589228244255/,
2026-01-05 10:01:35-05:00,2026-01-05,10,like,Likes and Favorites.Like List.ItemFavoriteList,https://www.tiktokv.com/share/video/7585923149015960862/,
2026-01-05 09:58:30-05:00,2026-01-05,9,like,Likes and Favorites.Like List.ItemFavoriteList,https://www.tiktokv.com/share/video/7574640581561847053/,
2026-01-05 09:55:48-05:00,2026-01-05,9,like,Likes and Favorites.Like List.ItemFavoriteList,https://www.tiktokv.com/share/video/7590623229039873293/,
2026-01-05 09:52:13-05:00,2026-01-05,9,like,Likes and Favorites.Like List.ItemFavoriteList,https://www.tiktokv.com/share/video/7591665927461080334/,
2026-01-05 09:39:14-05:00,2026-01-05,9,like,Likes and Favorites.Like List.ItemFavoriteList,https://www.tiktokv.com/share/video/7590345250741193998/,
2026-01-05 09:22:28-05:00,2026-01-05,9,like,Likes and Favorites.Like List.ItemFavoriteList,https://www.tiktokv.com/share/video/7590654925894454558/,
2026-01-05 09:21:56-05:00,2026-01-05,9,like,Likes and Favorites.Like List.ItemFavoriteList,https://www.tiktokv.com/share/video/7573914278802099486/,
2026-01-05 09:20:01-05:00,2026-01-05,9,like,Likes and Favorites.Like List.ItemFavoriteList,https://www.tiktokv.com/share/video/7587006513487564054/,
2026-01-05 09:18:17-05:00,2026-01-05,9,like,Likes and Favorites.Like List.ItemFavoriteList,https://www.tiktokv.com/share/video/7591720849418243341/,
2026-01-05 09:16:48-05:00,2026-01-05,9,like,Likes and Favorites.Like List.ItemFavoriteList,https://www.tiktokv.com/share/video/7589393819641056567/,
2026-01-05 08:54:17-05:00,2026-01-05,8,like,Likes and Favorites.Like List.ItemFavoriteList,https://www.tiktokv.com/share/video/7580820366168198431/,
2026-01-05 08:52:55-05:00,2026-01-05,8,like,Likes and Favorites.Like List.ItemFavoriteList,https://www.tiktokv.com/share/video/7590602890406907191/,
2026-01-05 08:52:52-05:00,2026-01-05,8,like,Likes and Favorites.Like List.ItemFavoriteList,https://www.tiktokv.com/share/video/7585379346467081490/,
2026-01-05 08:52:18-05:00,2026-01-05,8,like,Likes and Favorites.Like List.ItemFavoriteList,https://www.tiktokv.com/share/video/7586622654908534038/,
2026-01-05 08:49:36-05:00,2026-01-05,8,like,Likes and Favorites.Like List.ItemFavoriteList,https://www.tiktokv.com/share/video/7585340004960881923/,
2026-01-05 08:48:55-05:00,2026-01-05,8,like,Likes and Favorites.Like List.ItemFavoriteList,https://www.tiktokv.com/share/video/7590788077354781983/,
2026-01-05 08:48:09-05:00,2026-01-05,8,like,Likes and Favorites.Like List.ItemFavoriteList,https://www.tiktokv.com/share/video/7590907918623526158/,
2026-01-05 08:47:44-05:00,2026-01-05,8,like,Likes and Favorites.Like List.ItemFavoriteList,https://www.tiktokv.com/share/video/7591716511320919310/,
2026-01-05 08:46:34-05:00,2026-01-05,8,like,Likes and Favorites.Like List.ItemFavoriteList,https://www.tiktokv.com/share/video/7590982850984348958/,
2026-01-05 08:44:39-05:00,2026-01-05,8,like,Likes and Favorites.Like List.ItemFavoriteList,https://www.tiktokv.com/share/video/7591735023045217566/,
2026-01-05 08:40:50-05:00,2026-01-05,8,like,Likes and Favorites.Like List.ItemFavoriteList,https://www.tiktokv.com/share/video/7591559792079031568/,
2026-01-05 08:10:54-05:00,2026-01-05,8,like,Likes and Favorites.Like List.ItemFavoriteList,https://www.tiktokv.com/share/video/7591746290883628318/,
2026-01-05 08:09:52-05:00,2026-01-05,8,like,Likes and Favorites.Like List.ItemFavoriteList,https://www.tiktokv.com/share/video/7591733072375057695/,
2026-01-05 08:09:11-05:00,2026-01-05,8,like,Likes and Favorites.Like List.ItemFavoriteList,https://www.tiktokv.com/share/video/7591706869857570062/,
2026-01-04 21:55:55-05:00,2026-01-04,21,like,Likes and Favorites.Like List.ItemFavoriteList,https://www.tiktokv.com/share/video/7591212882486955286/,
2026-01-04 21:55:37-05:00,2026-01-04,21,like,Likes and Favorites.Like List.ItemFavoriteList,https://www.tiktokv.com/share/video/7591281306680429854/,
2026-01-04 21:55:09-05:00,2026-01-04,21,like,Likes and Favorites.Like List.ItemFavoriteList,https://www.tiktokv.com/share/video/7589276433378184455/,
2026-01-04 21:52:28-05:00,2026-01-04,21,like,Likes and Favorites.Like List.ItemFavoriteList,https://www.tiktokv.com/share/video/7591623636713295118/,
2026-01-04 21:51:56-05:00,2026-01-04,21,like,Likes and Favorites.Like List.ItemFavoriteList,https://www.tiktokv.com/share/video/7589044090713427214/,
2026-01-04 21:50:52-05:00,2026-01-04,21,like,Likes and Favorites.Like List.ItemFavoriteList,https://www.tiktokv.com/share/video/7590278117244079391/,
2026-01-04 19:56:51-05:00,2026-01-04,19,like,Likes and Favorites.Like List.ItemFavoriteList,https://www.tiktokv.com/share/video/7591055470845037855/,
2026-01-04 19:56:29-05:00,2026-01-04,19,like,Likes and Favorites.Like List.ItemFavoriteList,https://www.tiktokv.com/share/video/7591314690110704909/,
2026-01-04 19:50:31-05:00,2026-01-04,19,like,Likes and Favorites.Like List.ItemFavoriteList,https://www.tiktokv.com/share/video/7591362049616219406/,
2026-01-04 19:49:26-05:00,2026-01-04,19,like,Likes and Favorites.Like List.ItemFavoriteList,https://www.tiktokv.com/share/video/7590826024200375582/,
2026-01-04 19:48:41-05:00,2026-01-04,19,like,Likes and Favorites.Like List.ItemFavoriteList,https://www.tiktokv.com/share/video/7586078712794205453/,
2026-01-04 18:35:12-05:00,2026-01-04,18,like,Likes and Favorites.Like List.ItemFavoriteList,https://www.tiktokv.com/share/video/7579317849991286047/,
2026-01-04 17:06:25-05:00,2026-01-04,17,like,Likes and Favorites.Like List.ItemFavoriteList,https://www.tiktokv.com/share/video/7574352965817994526/,
2026-01-04 16:59:07-05:00,2026-01-04,16,like,Likes and Favorites.Like List.ItemFavoriteList,https://www.tiktokv.com/share/video/7590503147152461070/,
2026-01-04 16:56:33-05:00,2026-01-04,16,like,Likes and Favorites.Like List.ItemFavoriteList,https://www.tiktokv.com/share/video/7582282359198780686/,
2026-01-04 16:09:13-05:00,2026-01-04,16,like,Likes and Favorites.Like List.ItemFavoriteList,https://www.tiktokv.com/share/video/7590850082006666526/,
2026-01-04 16:08:43-05:00,2026-01-04,16,like,Likes and Favorites.Like List.ItemFavoriteList,https://www.tiktokv.com/share/video/7590576023905815821/,
2026-01-04 16:08:35-05:00,2026-01-04,16,like,Likes and Favorites.Like List.ItemFavoriteList,https://www.tiktokv.com/share/video/7590913674588491021/,
2026-01-04 16:07:00-05:00,2026-01-04,16,like,Likes and Favorites.Like List.ItemFavoriteList,https://www.tiktokv.com/share/video/7573476473089101086/,
2026-01-04 16:03:37-05:00,2026-01-04,16,like,Likes and Favorites.Like List.ItemFavoriteList,https://www.tiktokv.com/share/video/7569710561949158670/,
2026-01-04 16:02:46-05:00,2026-01-04,16,like,Likes and Favorites.Like List.ItemFavoriteList,https://www.tiktokv.com/share/video/7590935189761707294/,
2026-01-04 16:01:24-05:00,2026-01-04,16,like,Likes and Favorites.Like List.ItemFavoriteList,https://www.tiktokv.com/share/video/7582720159454940446/,
2026-01-04 16:00:37-05:00,2026-01-04,16,like,Likes and Favorites.Like List.ItemFavoriteList,https://www.tiktokv.com/share/video/7581793158791466295/,
2026-01-04 16:00:16-05:00,2026-01-04,16,like,Likes and Favorites.Like List.ItemFavoriteList,https://www.tiktokv.com/share/video/7589157361005202719/,
2026-01-04 14:29:52-05:00,2026-01-04,14,like,Likes and Favorites.Like List.ItemFavoriteList,https://www.tiktokv.com/share/video/7589124055513484558/,
2026-01-04 14:28:40-05:00,2026-01-04,14,like,Likes and Favorites.Like List.ItemFavoriteList,https://www.tiktokv.com/share/video/7570799700824100118/,
2026-01-04 14:28:26-05:00,2026-01-04,14,like,Likes and Favorites.Like List.ItemFavoriteList,https://www.tiktokv.com/share/video/7590012337738861846/,
2026-01-04 14:24:41-05:00,2026-01-04,14,like,Likes and Favorites.Like List.ItemFavoriteList,https://www.tiktokv.com/share/video/7575275197486386445/,
2026-01-04 13:56:04-05:00,2026-01-04,13,like,Likes and Favorites.Like List.ItemFavoriteList,https://www.tiktokv.com/share/video/7591307522821213471/,
2026-01-04 13:19:54-05:00,2026-01-04,13,like,Likes and Favorites.Like List.ItemFavoriteList,https://www.tiktokv.com/share/video/7582641319219055902/,
2026-01-04 13:19:12-05:00,2026-01-04,13,like,Likes and Favorites.Like List.ItemFavoriteList,https://www.tiktokv.com/share/video/7591204073580383543/,
2026-01-04 13:18:29-05:00,2026-01-04,13,like,Likes and Favorites.Like List.ItemFavoriteList,https://www.tiktokv.com/share/video/7588717395687083295/,
2026-01-04 12:38:45-05:00,2026-01-04,12,like,Likes and Favorites.Like List.ItemFavoriteList,https://www.tiktokv.com/share/video/7575327686600445215/,
2026-01-04 12:35:52-05:00,2026-01-04,12,like,Likes and Favorites.Like List.ItemFavoriteList,https://www.tiktokv.com/share/video/7589667894292647190/,
2026-01-04 12:35:00-05:00,2026-01-04,12,like,Likes and Favorites.Like List.ItemFavoriteList,https://www.tiktokv.com/share/video/7590425589509655838/,
2026-01-04 12:24:21-05:00,2026-01-04,12,like,Likes and Favorites.Like List.ItemFavoriteList,https://www.tiktokv.com/share/video/7550703252069715222/,
2026-01-04 12:22:47-05:00,2026-01-04,12,like,Likes and Favorites.Like List.ItemFavoriteList,https://www.tiktokv.com/share/video/7580577454171884830/,
2026-01-04 12:22:35-05:00,2026-01-04,12,like,Likes and Favorites.Like List.ItemFavoriteList,https://www.tiktokv.com/share/video/7590997495115779358/,
2026-01-04 12:22:07-05:00,2026-01-04,12,like,Likes and Favorites.Like List.ItemFavoriteList,https://www.tiktokv.com/share/video/7590887004548779319/,
2026-01-04 12:19:17-05:00,2026-01-04,12,like,Likes and Favorites.Like List.ItemFavoriteList,https://www.tiktokv.com/share/video/7590923461443325239/,
2026-01-04 12:11:24-05:00,2026-01-04,12,like,Likes and Favorites.Like List.ItemFavoriteList,https://www.tiktokv.com/share/video/7589793364564823326/,
2026-01-04 12:11:04-05:00,2026-01-04,12,like,Likes and Favorites.Like List.ItemFavoriteList,https://www.tiktokv.com/share/video/7591521628266253598/,
2026-01-04 12:10:25-05:00,2026-01-04,12,like,Likes and Favorites.Like List.ItemFavoriteList,https://www.tiktokv.com/share/video/7589444493888294175/,
2026-01-04 12:09:20-05:00,2026-01-04,12,like,Likes and Favorites.Like List.ItemFavoriteList,https://www.tiktokv.com/share/video/7585967483065060638/,
2026-01-04 12:08:40-05:00,2026-01-04,12,like,Likes and Favorites.Like List.ItemFavoriteList,https://www.tiktokv.com/share/video/7590831767490186526/,
2026-01-04 12:08:17-05:00,2026-01-04,12,like,Likes and Favorites.Like List.ItemFavoriteList,https://www.tiktokv.com/share/video/7590559077424532750/,
2026-01-04 12:04:52-05:00,2026-01-04,12,like,Likes and Favorites.Like List.ItemFavoriteList,https://www.tiktokv.com/share/video/7589709146614697271/,
2026-01-04 11:05:52-05:00,2026-01-04,11,like,Likes and Favorites.Like List.ItemFavoriteList,https://www.tiktokv.com/share/video/7590456255244815630/,
2026-01-04 11:01:16-05:00,2026-01-04,11,like,Likes and Favorites.Like List.ItemFavoriteList,https://www.tiktokv.com/share/video/7589817091042118926/,
2026-01-04 10:37:14-05:00,2026-01-04,10,like,Likes and Favorites.Like List.ItemFavoriteList,https://www.tiktokv.com/share/video/7590505124963929374/,
2026-01-04 10:27:40-05:00,2026-01-04,10,like,Likes and Favorites.Like List.ItemFavoriteList,https://www.tiktokv.com/share/video/7590895024347434271/,
2026-01-04 10:00:38-05:00,2026-01-04,10,like,Likes and Favorites.Like List.ItemFavoriteList,https://www.tiktokv.com/share/video/7590944748135828791/,
2026-01-04 09:58:41-05:00,2026-01-04,9,like,Likes and Favorites.Like List.ItemFavoriteList,https://www.tiktokv.com/share/video/7590908688689384718/,
2026-01-04 09:58:26-05:00,2026-01-04,9,like,Likes and Favorites.Like List.ItemFavoriteList,https://www.tiktokv.com/share/video/7586379062407400718/,
2026-01-04 09:57:54-05:00,2026-01-04,9,like,Likes and Favorites.Like List.ItemFavoriteList,https://www.tiktokv.com/share/video/7589868444607122719/,
2026-01-04 09:54:41-05:00,2026-01-04,9,like,Likes and Favorites.Like List.ItemFavoriteList,https://www.tiktokv.com/share/video/7584834194736467211/,
2026-01-04 09:52:13-05:00,2026-01-04,9,like,Likes and Favorites.Like List.ItemFavoriteList,https://www.tiktokv.com/share/video/7589764671045913887/,
2026-01-04 09:49:40-05:00,2026-01-04,9,like,Likes and Favorites.Like List.ItemFavoriteList,https://www.tiktokv.com/share/video/7571970312762412301/,
2026-01-04 09:47:54-05:00,2026-01-04,9,like,Likes and Favorites.Like List.ItemFavoriteList,https://www.tiktokv.com/share/video/7591181872110030110/,
2026-01-04 09:45:23-05:00,2026-01-04,9,like,Likes and Favorites.Like List.ItemFavoriteList,https://www.tiktokv.com/share/video/7573456715308469535/,
2026-01-04 09:44:55-05:00,2026-01-04,9,like,Likes and Favorites.Like List.ItemFavoriteList,https://www.tiktokv.com/share/video/7590585582212926751/,
2026-01-04 09:41:24-05:00,2026-01-04,9,like,Likes and Favorites.Like List.ItemFavoriteList,https://www.tiktokv.com/share/video/7570514051080441119/,
2026-01-04 09:37:24-05:00,2026-01-04,9,like,Likes and Favorites.Like List.ItemFavoriteList,https://www.tiktokv.com/share/video/7590949970400824607/,
2026-01-04 09:37:09-05:00,2026-01-04,9,like,Likes and Favorites.Like List.ItemFavoriteList,https://www.tiktokv.com/share/video/7590603309258509599/,
2026-01-04 09:34:47-05:00,2026-01-04,9,like,Likes and Favorites.Like List.ItemFavoriteList,https://www.tiktokv.com/share/video/7590930381164072247/,
2026-01-04 09:34:17-05:00,2026-01-04,9,like,Likes and Favorites.Like List.ItemFavoriteList,https://www.tiktokv.com/share/video/7587503389416656159/,
2026-01-04 09:33:51-05:00,2026-01-04,9,like,Likes and Favorites.Like List.ItemFavoriteList,https://www.tiktokv.com/share/video/7589484273971891486/,
2026-01-04 09:33:37-05:00,2026-01-04,9,like,Likes and Favorites.Like List.ItemFavoriteList,https://www.tiktokv.com/share/video/7590450480325725462/,
2026-01-04 09:31:33-05:00,2026-01-04,9,like,Likes and Favorites.Like List.ItemFavoriteList,https://www.tiktokv.com/share/video/7589790856626867469/,
2026-01-04 09:27:27-05:00,2026-01-04,9,like,Likes and Favorites.Like List.ItemFavoriteList,https://www.tiktokv.com/share/video/7591301584206712119/,
2026-01-04 09:25:10-05:00,2026-01-04,9,like,Likes and Favorites.Like List.ItemFavoriteList,https://www.tiktokv.com/share/video/7591380593984736526/,
2026-01-04 09:24:53-05:00,2026-01-04,9,like,Likes and Favorites.Like List.ItemFavoriteList,https://www.tiktokv.com/share/video/7591130565831560478/,
2026-01-04 09:23:56-05:00,2026-01-04,9,like,Likes and Favorites.Like List.ItemFavoriteList,https://www.tiktokv.com/share/video/7590665622392966455/,
2026-01-04 09:23:31-05:00,2026-01-04,9,like,Likes and Favorites.Like List.ItemFavoriteList,https://www.tiktokv.com/share/video/7590067025016327479/,
2026-01-04 09:13:42-05:00,2026-01-04,9,like,Likes and Favorites.Like List.ItemFavoriteList,https://www.tiktokv.com/share/video/7589769394578902286/,
2026-01-04 01:16:24-05:00,2026-01-04,1,like,Likes and Favorites.Like List.ItemFavoriteList,https://www.tiktokv.com/share/video/7591038060649893150/,
2026-01-04 01:16:01-05:00,2026-01-04,1,like,Likes and Favorites.Like List.ItemFavoriteList,https://www.tiktokv.com/share/video/7583443542715026743/,
2026-01-04 01:13:33-05:00,2026-01-04,1,like,Likes and Favorites.Like List.ItemFavoriteList,https://www.tiktokv.com/share/video/7575648433663380749/,
2026-01-04 01:09:30-05:00,2026-01-04,1,like,Likes and Favorites.Like List.ItemFavoriteList,https://www.tiktokv.com/share/video/7582650122589261070/,
2026-01-04 01:01:13-05:00,2026-01-04,1,like,Likes and Favorites.Like List.ItemFavoriteList,https://www.tiktokv.com/share/video/7580830033317563678/,
2026-01-03 23:59:16-05:00,2026-01-03,23,like,Likes and Favorites.Like List.ItemFavoriteList,https://www.tiktokv.com/share/video/7573601586061102350/,
2026-01-03 23:18:51-05:00,2026-01-03,23,like,Likes and Favorites.Like List.ItemFavoriteList,https://www.tiktokv.com/share/video/7586650132599426326/,
2026-01-03 23:13:57-05:00,2026-01-03,23,like,Likes and Favorites.Like List.ItemFavoriteList,https://www.tiktokv.com/share/video/7590031117021891853/,
2026-01-03 23:13:16-05:00,2026-01-03,23,like,Likes and Favorites.Like List.ItemFavoriteList,https://www.tiktokv.com/share/video/7587944784002649399/,
2026-01-03 23:09:40-05:00,2026-01-03,23,like,Likes and Favorites.Like List.ItemFavoriteList,https://www.tiktokv.com/share/video/7590931718069079309/,
2026-01-03 23:07:28-05:00,2026-01-03,23,like,Likes and Favorites.Like List.ItemFavoriteList,https://www.tiktokv.com/share/video/7590059350270463287/,
2026-01-03 20:36:55-05:00,2026-01-03,20,like,Likes and Favorites.Like List.ItemFavoriteList,https://www.tiktokv.com/share/video/7590715657432435976/,
2026-01-03 18:43:16-05:00,2026-01-03,18,like,Likes and Favorites.Like List.ItemFavoriteList,https://www.tiktokv.com/share/video/7576441722490703117/,
2026-01-03 13:36:20-05:00,2026-01-03,13,like,Likes and Favorites.Like List.ItemFavoriteList,https://www.tiktokv.com/share/video/7588987118798572813/,
2026-01-03 13:22:58-05:00,2026-01-03,13,like,Likes and Favorites.Like List.ItemFavoriteList,https://www.tiktokv.com/share/video/7590456394957032735/,
2026-01-03 13:22:17-05:00,2026-01-03,13,like,Likes and Favorites.Like List.ItemFavoriteList,https://www.tiktokv.com/share/video/7590127239874743582/,
2026-01-03 13:21:27-05:00,2026-01-03,13,like,Likes and Favorites.Like List.ItemFavoriteList,https://www.tiktokv.com/share/video/7590185800113982734/,
2026-01-03 13:21:00-05:00,2026-01-03,13,like,Likes and Favorites.Like List.ItemFavoriteList,https://www.tiktokv.com/share/video/7585360299855727886/,
2026-01-03 13:20:36-05:00,2026-01-03,13,like,Likes and Favorites.Like List.ItemFavoriteList,https://www.tiktokv.com/share/video/7575873196411522312/,
2026-01-03 13:19:41-05:00,2026-01-03,13,like,Likes and Favorites.Like List.ItemFavoriteList,https://www.tiktokv.com/share/video/7588692418594196767/,
2026-01-03 13:18:46-05:00,2026-01-03,13,like,Likes and Favorites.Like List.ItemFavoriteList,https://www.tiktokv.com/share/video/7579034833750379831/,
2026-01-03 13:17:38-05:00,2026-01-03,13,like,Likes and Favorites.Like List.ItemFavoriteList,https://www.tiktokv.com/share/video/7589793212672347423/,
2026-01-03 13:15:36-05:00,2026-01-03,13,like,Likes and Favorites.Like List.ItemFavoriteList,https://www.tiktokv.com/share/video/7588298666205629726/,
2026-01-03 13:15:08-05:00,2026-01-03,13,like,Likes and Favorites.Like List.ItemFavoriteList,https://www.tiktokv.com/share/video/7570411066820168991/,
2026-01-03 13:14:25-05:00,2026-01-03,13,like,Likes and Favorites.Like List.ItemFavoriteList,https://www.tiktokv.com/share/video/7590499539493162295/,
2026-01-03 13:14:07-05:00,2026-01-03,13,like,Likes and Favorites.Like List.ItemFavoriteList,https://www.tiktokv.com/share/video/7589317615516945695/,
2026-01-03 13:12:55-05:00,2026-01-03,13,like,Likes and Favorites.Like List.ItemFavoriteList,https://www.tiktokv.com/share/video/7590444094720150815/,
2026-01-03 13:12:03-05:00,2026-01-03,13,like,Likes and Favorites.Like List.ItemFavoriteList,https://www.tiktokv.com/share/video/7590424717136334102/,
2026-01-03 13:11:27-05:00,2026-01-03,13,like,Likes and Favorites.Like List.ItemFavoriteList,https://www.tiktokv.com/share/video/7582705381986585886/,
2026-01-03 13:10:33-05:00,2026-01-03,13,like,Likes and Favorites.Like List.ItemFavoriteList,https://www.tiktokv.com/share/video/7590649001326759198/,
2026-01-03 10:02:49-05:00,2026-01-03,10,like,Likes and Favorites.Like List.ItemFavoriteList,https://www.tiktokv.com/share/video/7589699869955099934/,
2026-01-03 10:01:21-05:00,2026-01-03,10,like,Likes and Favorites.Like List.ItemFavoriteList,https://www.tiktokv.com/share/video/7590276850862066957/,
2026-01-03 10:01:06-05:00,2026-01-03,10,like,Likes and Favorites.Like List.ItemFavoriteList,https://www.tiktokv.com/share/video/7590533743098498359/,
2026-01-03 10:00:28-05:00,2026-01-03,10,like,Likes and Favorites.Like List.ItemFavoriteList,https://www.tiktokv.com/share/video/7584991768035347719/,
2026-01-03 09:58:04-05:00,2026-01-03,9,like,Likes and Favorites.Like List.ItemFavoriteList,https://www.tiktokv.com/share/video/7590824825212439830/,
2026-01-03 09:56:28-05:00,2026-01-03,9,like,Likes and Favorites.Like List.ItemFavoriteList,https://www.tiktokv.com/share/video/7590594356218744119/,
2026-01-03 09:54:02-05:00,2026-01-03,9,like,Likes and Favorites.Like List.ItemFavoriteList,https://www.tiktokv.com/share/video/7591002650724863263/,
2026-01-03 09:53:03-05:00,2026-01-03,9,like,Likes and Favorites.Like List.ItemFavoriteList,https://www.tiktokv.com/share/video/7590365919449304342/,
2026-01-03 09:52:36-05:00,2026-01-03,9,like,Likes and Favorites.Like List.ItemFavoriteList,https://www.tiktokv.com/share/video/7575297005170347295/,
2026-01-02 23:24:55-05:00,2026-01-02,23,like,Likes and Favorites.Like List.ItemFavoriteList,https://www.tiktokv.com/share/video/7590163953666346270/,
2026-01-02 23:24:09-05:00,2026-01-02,23,like,Likes and Favorites.Like List.ItemFavoriteList,https://www.tiktokv.com/share/video/7590261569582353675/,
2026-01-02 23:23:19-05:00,2026-01-02,23,like,Likes and Favorites.Like List.ItemFavoriteList,https://www.tiktokv.com/share/video/7589402772852854029/,
2026-01-02 22:34:31-05:00,2026-01-02,22,like,Likes and Favorites.Like List.ItemFavoriteList,https://www.tiktokv.com/share/video/7590269611778526494/,
2026-01-02 22:34:08-05:00,2026-01-02,22,like,Likes and Favorites.Like List.ItemFavoriteList,https://www.tiktokv.com/share/video/7589512895331863839/,
2026-01-02 22:33:04-05:00,2026-01-02,22,like,Likes and Favorites.Like List.ItemFavoriteList,https://www.tiktokv.com/share/video/7590032139408706871/,
2026-01-02 22:32:40-05:00,2026-01-02,22,like,Likes and Favorites.Like List.ItemFavoriteList,https://www.tiktokv.com/share/video/7589191788485709069/,
2026-01-02 22:31:35-05:00,2026-01-02,22,like,Likes and Favorites.Like List.ItemFavoriteList,https://www.tiktokv.com/share/video/7589614557623110942/,
2026-01-02 21:38:36-05:00,2026-01-02,21,like,Likes and Favorites.Like List.ItemFavoriteList,https://www.tiktokv.com/share/video/7590468427928571158/,
2026-01-02 21:35:06-05:00,2026-01-02,21,like,Likes and Favorites.Like List.ItemFavoriteList,https://www.tiktokv.com/share/video/7587510845035253022/,
2026-01-02 21:34:49-05:00,2026-01-02,21,like,Likes and Favorites.Like List.ItemFavoriteList,https://www.tiktokv.com/share/video/7584499563231202582/,
2026-01-02 21:34:10-05:00,2026-01-02,21,like,Likes and Favorites.Like List.ItemFavoriteList,https://www.tiktokv.com/share/video/7590465882967543062/,
2026-01-02 10:56:15-05:00,2026-01-02,10,like,Likes and Favorites.Like List.ItemFavoriteList,https://www.tiktokv.com/share/video/7578292774189976863/,
2026-01-02 10:54:34-05:00,2026-01-02,10,like,Likes and Favorites.Like List.ItemFavoriteList,https://www.tiktokv.com/share/video/7588841744540699925/,
2026-01-02 10:51:26-05:00,2026-01-02,10,like,Likes and Favorites.Like List.ItemFavoriteList,https://www.tiktokv.com/share/video/7590457129216101645/,
2026-01-02 10:50:43-05:00,2026-01-02,10,like,Likes and Favorites.Like List.ItemFavoriteList,https://www.tiktokv.com/share/video/7588833049798774030/,
2026-01-01 23:19:04-05:00,2026-01-01,23,like,Likes and Favorites.Like List.ItemFavoriteList,https://www.tiktokv.com/share/video/7589437357162548535/,
2026-01-01 19:42:23-05:00,2026-01-01,19,like,Likes and Favorites.Like List.ItemFavoriteList,https://www.tiktokv.com/share/video/7590531956262178069/,
2026-01-01 19:40:16-05:00,2026-01-01,19,like,Likes and Favorites.Like List.ItemFavoriteList,https://www.tiktokv.com/share/video/7589775033443159351/,
2026-01-01 19:38:24-05:00,2026-01-01,19,like,Likes and Favorites.Like List.ItemFavoriteList,https://www.tiktokv.com/share/video/7590472759440919821/,
2026-01-01 19:38:04-05:00,2026-01-01,19,like,Likes and Favorites.Like List.ItemFavoriteList,https://www.tiktokv.com/share/video/7589741804942019853/,
2026-01-01 19:25:53-05:00,2026-01-01,19,like,Likes and Favorites.Like List.ItemFavoriteList,https://www.tiktokv.com/share/video/7589056238776798486/,
2026-01-01 19:25:34-05:00,2026-01-01,19,like,Likes and Favorites.Like List.ItemFavoriteList,https://www.tiktokv.com/share/video/7583030331293322518/,
2026-01-01 19:23:37-05:00,2026-01-01,19,like,Likes and Favorites.Like List.ItemFavoriteList,https://www.tiktokv.com/share/video/7590490471122636045/,
2026-01-01 19:22:22-05:00,2026-01-01,19,like,Likes and Favorites.Like List.ItemFavoriteList,https://www.tiktokv.com/share/video/7587024151924329758/,
2026-01-01 17:55:55-05:00,2026-01-01,17,like,Likes and Favorites.Like List.ItemFavoriteList,https://www.tiktokv.com/share/video/7589654865014508822/,
2026-01-01 17:55:37-05:00,2026-01-01,17,like,Likes and Favorites.Like List.ItemFavoriteList,https://www.tiktokv.com/share/video/7589798979810970910/,
2026-01-01 17:54:41-05:00,2026-01-01,17,like,Likes and Favorites.Like List.ItemFavoriteList,https://www.tiktokv.com/share/video/7573891013626957086/,
2026-01-01 17:54:04-05:00,2026-01-01,17,like,Likes and Favorites.Like List.ItemFavoriteList,https://www.tiktokv.com/share/video/7588194509092146445/,
2026-01-01 17:53:44-05:00,2026-01-01,17,like,Likes and Favorites.Like List.ItemFavoriteList,https://www.tiktokv.com/share/video/7589773295642283278/,
2026-01-01 17:53:24-05:00,2026-01-01,17,like,Likes and Favorites.Like List.ItemFavoriteList,https://www.tiktokv.com/share/video/7589918475250896142/,
2026-01-01 17:53:03-05:00,2026-01-01,17,like,Likes and Favorites.Like List.ItemFavoriteList,https://www.tiktokv.com/share/video/7590182774808644875/,
2026-01-01 17:52:37-05:00,2026-01-01,17,like,Likes and Favorites.Like List.ItemFavoriteList,https://www.tiktokv.com/share/video/7589830288935554334/,
2026-01-01 17:52:22-05:00,2026-01-01,17,like,Likes and Favorites.Like List.ItemFavoriteList,https://www.tiktokv.com/share/video/7587219622705892622/,
2026-01-01 17:51:44-05:00,2026-01-01,17,like,Likes and Favorites.Like List.ItemFavoriteList,https://www.tiktokv.com/share/video/7580575771773766943/,
2026-01-01 17:51:33-05:00,2026-01-01,17,like,Likes and Favorites.Like List.ItemFavoriteList,https://www.tiktokv.com/share/video/7589753521147448631/,
2026-01-01 17:50:38-05:00,2026-01-01,17,like,Likes and Favorites.Like List.ItemFavoriteList,https://www.tiktokv.com/share/video/7569363870976855351/,
2026-01-01 17:49:18-05:00,2026-01-01,17,like,Likes and Favorites.Like List.ItemFavoriteList,https://www.tiktokv.com/share/video/7589841441686293773/,
2026-01-01 17:48:53-05:00,2026-01-01,17,like,Likes and Favorites.Like List.ItemFavoriteList,https://www.tiktokv.com/share/video/7580099511318547743/,
2026-01-01 15:42:47-05:00,2026-01-01,15,like,Likes and Favorites.Like List.ItemFavoriteList,https://www.tiktokv.com/share/video/7589335006527458574/,
2026-01-01 15:42:10-05:00,2026-01-01,15,like,Likes and Favorites.Like List.ItemFavoriteList,https://www.tiktokv.com/share/video/7589682925810076983/,
2026-01-01 15:28:14-05:00,2026-01-01,15,like,Likes and Favorites.Like List.ItemFavoriteList,https://www.tiktokv.com/share/video/7589795995102301453/,
2026-01-01 15:27:56-05:00,2026-01-01,15,like,Likes and Favorites.Like List.ItemFavoriteList,https://www.tiktokv.com/share/video/7571496275061837078/,
2026-01-01 15:27:52-05:00,2026-01-01,15,like,Likes and Favorites.Like List.ItemFavoriteList,https://www.tiktokv.com/share/video/7585661906401135902/,
2026-01-01 15:27:43-05:00,2026-01-01,15,like,Likes and Favorites.Like List.ItemFavoriteList,https://www.tiktokv.com/share/video/7588586512862743821/,
2026-01-01 15:27:30-05:00,2026-01-01,15,like,Likes and Favorites.Like List.ItemFavoriteList,https://www.tiktokv.com/share/video/7589655932414479629/,
2026-01-01 14:57:24-05:00,2026-01-01,14,like,Likes and Favorites.Like List.ItemFavoriteList,https://www.tiktokv.com/share/video/7590128752126987550/,
2026-01-01 14:55:35-05:00,2026-01-01,14,like,Likes and Favorites.Like List.ItemFavoriteList,https://www.tiktokv.com/share/video/7590304119722757407/,
2026-01-01 13:40:43-05:00,2026-01-01,13,like,Likes and Favorites.Like List.ItemFavoriteList,https://www.tiktokv.com/share/video/7588363006589799711/,
2026-01-01 13:40:43-05:00,2026-01-01,13,like,Likes and Favorites.Like List.ItemFavoriteList,https://www.tiktokv.com/share/video/7589128942221643038/,
2026-01-01 12:55:16-05:00,2026-01-01,12,like,Likes and Favorites.Like List.ItemFavoriteList,https://www.tiktokv.com/share/video/7590132542192274701/,
2026-01-01 09:53:44-05:00,2026-01-01,9,like,Likes and Favorites.Like List.ItemFavoriteList,https://www.tiktokv.com/share/video/7588384529069395230/,
2026-01-01 09:22:31-05:00,2026-01-01,9,like,Likes and Favorites.Like List.ItemFavoriteList,https://www.tiktokv.com/share/video/7590139593656175885/,
2026-01-01 09:20:53-05:00,2026-01-01,9,like,Likes and Favorites.Like List.ItemFavoriteList,https://www.tiktokv.com/share/video/7589733337820826910/,
2026-01-01 09:20:40-05:00,2026-01-01,9,like,Likes and Favorites.Like List.ItemFavoriteList,https://www.tiktokv.com/share/video/7589781345648332087/,
2026-01-01 09:20:12-05:00,2026-01-01,9,like,Likes and Favorites.Like List.ItemFavoriteList,https://www.tiktokv.com/share/video/7589833668055600386/,
2026-01-01 09:19:49-05:00,2026-01-01,9,like,Likes and Favorites.Like List.ItemFavoriteList,https://www.tiktokv.com/share/video/7586063713812155703/,
2026-01-01 09:19:36-05:00,2026-01-01,9,like,Likes and Favorites.Like List.ItemFavoriteList,https://www.tiktokv.com/share/video/7586403713086950711/,
2025-12-31 21:26:51-05:00,2025-12-31,21,like,Likes and Favorites.Like List.ItemFavoriteList,https://www.tiktokv.com/share/video/7589137246406659383/,
2025-12-31 21:26:08-05:00,2025-12-31,21,like,Likes and Favorites.Like List.ItemFavoriteList,https://www.tiktokv.com/share/video/7590013743053016351/,
2025-12-31 20:15:48-05:00,2025-12-31,20,like,Likes and Favorites.Like List.ItemFavoriteList,https://www.tiktokv.com/share/video/7590067874492894495/,
2025-12-31 20:15:12-05:00,2025-12-31,20,like,Likes and Favorites.Like List.ItemFavoriteList,https://www.tiktokv.com/share/video/7589305008743517470/,
2025-12-31 20:14:50-05:00,2025-12-31,20,like,Likes and Favorites.Like List.ItemFavoriteList,https://www.tiktokv.com/share/video/7589770662466604301/,
2025-12-31 20:13:40-05:00,2025-12-31,20,like,Likes and Favorites.Like List.ItemFavoriteList,https://www.tiktokv.com/share/video/7589823068202224926/,
2025-12-31 15:17:00-05:00,2025-12-31,15,like,Likes and Favorites.Like List.ItemFavoriteList,https://www.tiktokv.com/share/video/7588530891652091158/,
2025-12-31 15:16:36-05:00,2025-12-31,15,like,Likes and Favorites.Like List.ItemFavoriteList,https://www.tiktokv.com/share/video/7589394675165957406/,
2025-12-31 15:16:13-05:00,2025-12-31,15,like,Likes and Favorites.Like List.ItemFavoriteList,https://www.tiktokv.com/share/video/7589456868716678413/,
2025-12-31 15:15:15-05:00,2025-12-31,15,like,Likes and Favorites.Like List.ItemFavoriteList,https://www.tiktokv.com/share/video/7589524572806892822/,
2025-12-31 15:14:11-05:00,2025-12-31,15,like,Likes and Favorites.Like List.ItemFavoriteList,https://www.tiktokv.com/share/video/7589096735956421909/,
2025-12-31 07:20:14-05:00,2025-12-31,7,like,Likes and Favorites.Like List.ItemFavoriteList,https://www.tiktokv.com/share/video/7589029739453582647/,
2025-12-31 07:19:41-05:00,2025-12-31,7,like,Likes and Favorites.Like List.ItemFavoriteList,https://www.tiktokv.com/share/video/7589403551416257847/,
2025-12-31 07:16:03-05:00,2025-12-31,7,like,Likes and Favorites.Like List.ItemFavoriteList,https://www.tiktokv.com/share/video/7582095070489267469/,
2025-12-31 07:15:43-05:00,2025-12-31,7,like,Likes and Favorites.Like List.ItemFavoriteList,https://www.tiktokv.com/share/video/7587092310140226847/,
2025-12-31 07:14:44-05:00,2025-12-31,7,like,Likes and Favorites.Like List.ItemFavoriteList,https://www.tiktokv.com/share/video/7582252463638465822/,
2025-12-31 07:14:28-05:00,2025-12-31,7,like,Likes and Favorites.Like List.ItemFavoriteList,https://www.tiktokv.com/share/video/7588749320921419021/,
2025-12-31 07:14:03-05:00,2025-12-31,7,like,Likes and Favorites.Like List.ItemFavoriteList,https://www.tiktokv.com/share/video/7589092065452117279/,
2025-12-31 07:12:55-05:00,2025-12-31,7,like,Likes and Favorites.Like List.ItemFavoriteList,https://www.tiktokv.com/share/video/7588939550458776862/,
2025-12-30 17:40:15-05:00,2025-12-30,17,like,Likes and Favorites.Like List.ItemFavoriteList,https://www.tiktokv.com/share/video/7588548135325027616/,
2025-12-30 17:39:57-05:00,2025-12-30,17,like,Likes and Favorites.Like List.ItemFavoriteList,https://www.tiktokv.com/share/video/7297230254819659040/,
2025-12-30 17:38:46-05:00,2025-12-30,17,like,Likes and Favorites.Like List.ItemFavoriteList,https://www.tiktokv.com/share/video/7587069320170097942/,
2025-12-30 17:38:03-05:00,2025-12-30,17,like,Likes and Favorites.Like List.ItemFavoriteList,https://www.tiktokv.com/share/video/7567865039084883213/,
2025-12-30 17:37:42-05:00,2025-12-30,17,like,Likes and Favorites.Like List.ItemFavoriteList,https://www.tiktokv.com/share/video/7588299877394763021/,
2025-12-30 17:37:29-05:00,2025-12-30,17,like,Likes and Favorites.Like List.ItemFavoriteList,https://www.tiktokv.com/share/video/7574653954374618382/,
2025-12-30 17:36:42-05:00,2025-12-30,17,like,Likes and Favorites.Like List.ItemFavoriteList,https://www.tiktokv.com/share/video/7589029143740730679/,
2025-12-30 17:35:28-05:00,2025-12-30,17,like,Likes and Favorites.Like List.ItemFavoriteList,https://www.tiktokv.com/share/video/7589504678321278222/,
2025-12-30 16:13:37-05:00,2025-12-30,16,like,Likes and Favorites.Like List.ItemFavoriteList,https://www.tiktokv.com/share/video/7588754586039520542/,
2025-12-30 10:57:43-05:00,2025-12-30,10,like,Likes and Favorites.Like List.ItemFavoriteList,https://www.tiktokv.com/share/video/7589459686097734942/,
2025-12-30 10:57:12-05:00,2025-12-30,10,like,Likes and Favorites.Like List.ItemFavoriteList,https://www.tiktokv.com/share/video/7589042774553496862/,
2025-12-30 10:56:16-05:00,2025-12-30,10,like,Likes and Favorites.Like List.ItemFavoriteList,https://www.tiktokv.com/share/video/7576794733133958407/,
2025-12-30 10:55:57-05:00,2025-12-30,10,like,Likes and Favorites.Like List.ItemFavoriteList,https://www.tiktokv.com/share/video/7589171308202626318/,
2025-12-30 10:55:51-05:00,2025-12-30,10,like,Likes and Favorites.Like List.ItemFavoriteList,https://www.tiktokv.com/share/video/7589361116409613599/,
2025-12-30 10:55:19-05:00,2025-12-30,10,like,Likes and Favorites.Like List.ItemFavoriteList,https://www.tiktokv.com/share/video/7588865289014529312/,
2025-12-30 10:55:06-05:00,2025-12-30,10,like,Likes and Favorites.Like List.ItemFavoriteList,https://www.tiktokv.com/share/video/7573861632099486990/,
2025-12-30 08:21:59-05:00,2025-12-30,8,like,Likes and Favorites.Like List.ItemFavoriteList,https://www.tiktokv.com/share/video/7581926860699733278/,
2025-12-30 08:21:33-05:00,2025-12-30,8,like,Likes and Favorites.Like List.ItemFavoriteList,https://www.tiktokv.com/share/video/7589327643296795935/,
2025-12-30 08:21:19-05:00,2025-12-30,8,like,Likes and Favorites.Like List.ItemFavoriteList,https://www.tiktokv.com/share/video/7588862526046145814/,
2025-12-30 08:19:40-05:00,2025-12-30,8,like,Likes and Favorites.Like List.ItemFavoriteList,https://www.tiktokv.com/share/video/7589384388140403982/,
2025-12-30 08:19:09-05:00,2025-12-30,8,like,Likes and Favorites.Like List.ItemFavoriteList,https://www.tiktokv.com/share/video/7588681905374121271/,
2025-12-29 21:35:43-05:00,2025-12-29,21,like,Likes and Favorites.Like List.ItemFavoriteList,https://www.tiktokv.com/share/video/7578312240118369557/,
2025-12-29 21:35:29-05:00,2025-12-29,21,like,Likes and Favorites.Like List.ItemFavoriteList,https://www.tiktokv.com/share/video/7587826079910464823/,
2025-12-29 21:35:09-05:00,2025-12-29,21,like,Likes and Favorites.Like List.ItemFavoriteList,https://www.tiktokv.com/share/video/7589206014323412254/,
2025-12-29 21:33:54-05:00,2025-12-29,21,like,Likes and Favorites.Like List.ItemFavoriteList,https://www.tiktokv.com/share/video/7589090876824014110/,
2025-12-29 21:08:58-05:00,2025-12-29,21,like,Likes and Favorites.Like List.ItemFavoriteList,https://www.tiktokv.com/share/video/7589018073483447582/,
2025-12-29 21:03:16-05:00,2025-12-29,21,like,Likes and Favorites.Like List.ItemFavoriteList,https://www.tiktokv.com/share/video/7510376544158715179/,
2025-12-29 21:02:30-05:00,2025-12-29,21,like,Likes and Favorites.Like List.ItemFavoriteList,https://www.tiktokv.com/share/video/7345176954452200746/,
2025-12-29 21:01:40-05:00,2025-12-29,21,like,Likes and Favorites.Like List.ItemFavoriteList,https://www.tiktokv.com/share/video/7588130412770168076/,
2025-12-29 19:59:00-05:00,2025-12-29,19,like,Likes and Favorites.Like List.ItemFavoriteList,https://www.tiktokv.com/share/video/7575841432859135253/,
2025-12-29 19:52:58-05:00,2025-12-29,19,like,Likes and Favorites.Like List.ItemFavoriteList,https://www.tiktokv.com/share/video/7588728310717336863/,
2025-12-29 19:52:14-05:00,2025-12-29,19,like,Likes and Favorites.Like List.ItemFavoriteList,https://www.tiktokv.com/share/video/7587897815024651523/,
2025-12-29 19:51:45-05:00,2025-12-29,19,like,Likes and Favorites.Like List.ItemFavoriteList,https://www.tiktokv.com/share/video/7588967673518755103/,
2025-12-29 19:51:37-05:00,2025-12-29,19,like,Likes and Favorites.Like List.ItemFavoriteList,https://www.tiktokv.com/share/video/7578689881346460959/,
2025-12-29 19:33:16-05:00,2025-12-29,19,like,Likes and Favorites.Like List.ItemFavoriteList,https://www.tiktokv.com/share/video/7587594628182920462/,
2025-12-29 19:12:36-05:00,2025-12-29,19,like,Likes and Favorites.Like List.ItemFavoriteList,https://www.tiktokv.com/share/video/7584797208562633998/,
2025-12-29 19:12:13-05:00,2025-12-29,19,like,Likes and Favorites.Like List.ItemFavoriteList,https://www.tiktokv.com/share/video/7589310942345727262/,
2025-12-29 19:12:04-05:00,2025-12-29,19,like,Likes and Favorites.Like List.ItemFavoriteList,https://www.tiktokv.com/share/video/7588724276182732054/,
2025-12-29 18:57:31-05:00,2025-12-29,18,like,Likes and Favorites.Like List.ItemFavoriteList,https://www.tiktokv.com/share/video/7589018632366214455/,
2025-12-29 18:57:24-05:00,2025-12-29,18,like,Likes and Favorites.Like List.ItemFavoriteList,https://www.tiktokv.com/share/video/7576796359471238422/,
2025-12-29 18:57:04-05:00,2025-12-29,18,like,Likes and Favorites.Like List.ItemFavoriteList,https://www.tiktokv.com/share/video/7587504215350660383/,
2025-12-29 18:42:24-05:00,2025-12-29,18,like,Likes and Favorites.Like List.ItemFavoriteList,https://www.tiktokv.com/share/video/7589135484316601630/,
2025-12-29 18:41:58-05:00,2025-12-29,18,like,Likes and Favorites.Like List.ItemFavoriteList,https://www.tiktokv.com/share/video/7585715240692714807/,
2025-12-29 18:41:44-05:00,2025-12-29,18,like,Likes and Favorites.Like List.ItemFavoriteList,https://www.tiktokv.com/share/video/7578383813143743757/,
2025-12-28 22:36:22-05:00,2025-12-28,22,like,Likes and Favorites.Like List.ItemFavoriteList,https://www.tiktokv.com/share/video/7577372871849200918/,
2025-12-28 22:35:47-05:00,2025-12-28,22,like,Likes and Favorites.Like List.ItemFavoriteList,https://www.tiktokv.com/share/video/7576185999986789687/,
2025-12-28 22:35:02-05:00,2025-12-28,22,like,Likes and Favorites.Like List.ItemFavoriteList,https://www.tiktokv.com/share/video/7588634296848583966/,
2025-12-28 22:12:22-05:00,2025-12-28,22,like,Likes and Favorites.Like List.ItemFavoriteList,https://www.tiktokv.com/share/video/7588013155813575950/,
2025-12-28 22:11:56-05:00,2025-12-28,22,like,Likes and Favorites.Like List.ItemFavoriteList,https://www.tiktokv.com/share/video/7587415418487262494/,
2025-12-28 11:13:42-05:00,2025-12-28,11,like,Likes and Favorites.Like List.ItemFavoriteList,https://www.tiktokv.com/share/video/7588290903580658957/,
2025-12-28 09:47:23-05:00,2025-12-28,9,like,Likes and Favorites.Like List.ItemFavoriteList,https://www.tiktokv.com/share/video/7586876498561223966/,
2025-12-28 09:31:20-05:00,2025-12-28,9,like,Likes and Favorites.Like List.ItemFavoriteList,https://www.tiktokv.com/share/video/7296654046688038190/,
2025-12-28 09:30:48-05:00,2025-12-28,9,like,Likes and Favorites.Like List.ItemFavoriteList,https://www.tiktokv.com/share/video/7581989593327734071/,
2025-12-28 09:29:57-05:00,2025-12-28,9,like,Likes and Favorites.Like List.ItemFavoriteList,https://www.tiktokv.com/share/video/7587911328656936222/,
2025-12-28 09:29:07-05:00,2025-12-28,9,like,Likes and Favorites.Like List.ItemFavoriteList,https://www.tiktokv.com/share/video/7587442977975356702/,
2025-12-28 09:28:17-05:00,2025-12-28,9,like,Likes and Favorites.Like List.ItemFavoriteList,https://www.tiktokv.com/share/video/7588912088454597919/,
2025-12-28 09:22:07-05:00,2025-12-28,9,like,Likes and Favorites.Like List.ItemFavoriteList,https://www.tiktokv.com/share/video/7586876552021839117/,
2025-12-28 09:20:56-05:00,2025-12-28,9,like,Likes and Favorites.Like List.ItemFavoriteList,https://www.tiktokv.com/share/video/7588317134204259597/,
2025-12-28 09:19:38-05:00,2025-12-28,9,like,Likes and Favorites.Like List.ItemFavoriteList,https://www.tiktokv.com/share/video/7587183648097570079/,
2025-12-28 09:13:22-05:00,2025-12-28,9,like,Likes and Favorites.Like List.ItemFavoriteList,https://www.tiktokv.com/share/video/7566841520813395214/,
2025-12-28 03:58:55-05:00,2025-12-28,3,like,Likes and Favorites.Like List.ItemFavoriteList,https://www.tiktokv.com/share/video/7573079809832570125/,
2025-12-28 03:58:04-05:00,2025-12-28,3,like,Likes and Favorites.Like List.ItemFavoriteList,https://www.tiktokv.com/share/video/7588623174636473622/,
2025-12-28 03:48:14-05:00,2025-12-28,3,like,Likes and Favorites.Like List.ItemFavoriteList,https://www.tiktokv.com/share/video/7588825185042713887/,
2025-12-28 03:47:35-05:00,2025-12-28,3,like,Likes and Favorites.Like List.ItemFavoriteList,https://www.tiktokv.com/share/video/7588280827843251469/,
2025-12-28 03:46:20-05:00,2025-12-28,3,like,Likes and Favorites.Like List.ItemFavoriteList,https://www.tiktokv.com/share/video/7588201002139012383/,
2025-12-28 03:46:03-05:00,2025-12-28,3,like,Likes and Favorites.Like List.ItemFavoriteList,https://www.tiktokv.com/share/video/7588820910769999135/,
2025-12-28 03:43:44-05:00,2025-12-28,3,like,Likes and Favorites.Like List.ItemFavoriteList,https://www.tiktokv.com/share/video/7579680552685538615/,
2025-12-28 01:54:42-05:00,2025-12-28,1,like,Likes and Favorites.Like List.ItemFavoriteList,https://www.tiktokv.com/share/video/7587111789565840670/,
2025-12-28 01:52:53-05:00,2025-12-28,1,like,Likes and Favorites.Like List.ItemFavoriteList,https://www.tiktokv.com/share/video/7587498110172040461/,
2025-12-28 01:52:23-05:00,2025-12-28,1,like,Likes and Favorites.Like List.ItemFavoriteList,https://www.tiktokv.com/share/video/7587593692333083918/,
2025-12-28 01:52:07-05:00,2025-12-28,1,like,Likes and Favorites.Like List.ItemFavoriteList,https://www.tiktokv.com/share/video/7588652310885125431/,
2025-12-28 01:44:08-05:00,2025-12-28,1,like,Likes and Favorites.Like List.ItemFavoriteList,https://www.tiktokv.com/share/video/7572771821334940959/,
2025-12-28 01:43:53-05:00,2025-12-28,1,like,Likes and Favorites.Like List.ItemFavoriteList,https://www.tiktokv.com/share/video/7585220116896353543/,
2025-12-27 23:47:46-05:00,2025-12-27,23,like,Likes and Favorites.Like List.ItemFavoriteList,https://www.tiktokv.com/share/video/7588269100250451231/,
2025-12-27 23:45:57-05:00,2025-12-27,23,like,Likes and Favorites.Like List.ItemFavoriteList,https://www.tiktokv.com/share/video/7586443167109582101/,
2025-12-27 23:37:33-05:00,2025-12-27,23,like,Likes and Favorites.Like List.ItemFavoriteList,https://www.tiktokv.com/share/video/7587583299535572255/,
2025-12-27 23:37:22-05:00,2025-12-27,23,like,Likes and Favorites.Like List.ItemFavoriteList,https://www.tiktokv.com/share/video/7588013720186473758/,
2025-12-27 23:26:53-05:00,2025-12-27,23,like,Likes and Favorites.Like List.ItemFavoriteList,https://www.tiktokv.com/share/video/7588321163730898190/,
2025-12-27 23:07:51-05:00,2025-12-27,23,like,Likes and Favorites.Like List.ItemFavoriteList,https://www.tiktokv.com/share/video/7588568237504236831/,
2025-12-27 23:04:56-05:00,2025-12-27,23,like,Likes and Favorites.Like List.ItemFavoriteList,https://www.tiktokv.com/share/video/7525485186885160248/,
2025-12-27 23:04:03-05:00,2025-12-27,23,like,Likes and Favorites.Like List.ItemFavoriteList,https://www.tiktokv.com/share/video/6913618482957389062/,
2025-12-27 23:01:18-05:00,2025-12-27,23,like,Likes and Favorites.Like List.ItemFavoriteList,https://www.tiktokv.com/share/video/7463838102239317270/,
2025-12-27 22:56:12-05:00,2025-12-27,22,like,Likes and Favorites.Like List.ItemFavoriteList,https://www.tiktokv.com/share/video/7588185560997563661/,
2025-12-27 22:54:37-05:00,2025-12-27,22,like,Likes and Favorites.Like List.ItemFavoriteList,https://www.tiktokv.com/share/video/7574538164396739862/,
2025-12-27 22:54:26-05:00,2025-12-27,22,like,Likes and Favorites.Like List.ItemFavoriteList,https://www.tiktokv.com/share/video/7588299146575006989/,
2025-12-27 22:54:00-05:00,2025-12-27,22,like,Likes and Favorites.Like List.ItemFavoriteList,https://www.tiktokv.com/share/video/7587620522666626334/,
2025-12-27 22:53:22-05:00,2025-12-27,22,like,Likes and Favorites.Like List.ItemFavoriteList,https://www.tiktokv.com/share/video/7587944555706649911/,
2025-12-27 22:53:07-05:00,2025-12-27,22,like,Likes and Favorites.Like List.ItemFavoriteList,https://www.tiktokv.com/share/video/7588674581171391775/,
2025-12-27 22:52:11-05:00,2025-12-27,22,like,Likes and Favorites.Like List.ItemFavoriteList,https://www.tiktokv.com/share/video/7588507077027335446/,
2025-12-27 22:46:52-05:00,2025-12-27,22,like,Likes and Favorites.Like List.ItemFavoriteList,https://www.tiktokv.com/share/video/7588300609518849311/,
2025-12-27 22:46:17-05:00,2025-12-27,22,like,Likes and Favorites.Like List.ItemFavoriteList,https://www.tiktokv.com/share/video/7562972904309247245/,
2025-12-27 22:43:04-05:00,2025-12-27,22,like,Likes and Favorites.Like List.ItemFavoriteList,https://www.tiktokv.com/share/video/7588013391189511454/,
2025-12-27 22:42:35-05:00,2025-12-27,22,like,Likes and Favorites.Like List.ItemFavoriteList,https://www.tiktokv.com/share/video/7586929596633779487/,
2025-12-27 22:42:11-05:00,2025-12-27,22,like,Likes and Favorites.Like List.ItemFavoriteList,https://www.tiktokv.com/share/video/7587175217034792247/,
2025-12-27 22:34:03-05:00,2025-12-27,22,like,Likes and Favorites.Like List.ItemFavoriteList,https://www.tiktokv.com/share/video/7587945834839379222/,
2025-12-27 22:33:50-05:00,2025-12-27,22,like,Likes and Favorites.Like List.ItemFavoriteList,https://www.tiktokv.com/share/video/7588193944941382942/,
2025-12-27 22:32:24-05:00,2025-12-27,22,like,Likes and Favorites.Like List.ItemFavoriteList,https://www.tiktokv.com/share/video/7579112683291577613/,
2025-12-27 22:27:21-05:00,2025-12-27,22,like,Likes and Favorites.Like List.ItemFavoriteList,https://www.tiktokv.com/share/video/7574150625718521119/,
2025-12-27 22:23:58-05:00,2025-12-27,22,like,Likes and Favorites.Like List.ItemFavoriteList,https://www.tiktokv.com/share/video/7586426175485005111/,
2025-12-27 22:23:06-05:00,2025-12-27,22,like,Likes and Favorites.Like List.ItemFavoriteList,https://www.tiktokv.com/share/video/7570112719743880470/,
2025-12-27 22:12:14-05:00,2025-12-27,22,like,Likes and Favorites.Like List.ItemFavoriteList,https://www.tiktokv.com/share/video/7579297679025442103/,
2025-12-27 22:11:59-05:00,2025-12-27,22,like,Likes and Favorites.Like List.ItemFavoriteList,https://www.tiktokv.com/share/video/7587840959208066334/,
2025-12-27 22:11:45-05:00,2025-12-27,22,like,Likes and Favorites.Like List.ItemFavoriteList,https://www.tiktokv.com/share/video/7587950821661347103/,
2025-12-27 22:09:48-05:00,2025-12-27,22,like,Likes and Favorites.Like List.ItemFavoriteList,https://www.tiktokv.com/share/video/7571890035943935254/,
2025-12-27 22:09:38-05:00,2025-12-27,22,like,Likes and Favorites.Like List.ItemFavoriteList,https://www.tiktokv.com/share/video/7587005969511583006/,
2025-12-27 22:08:51-05:00,2025-12-27,22,like,Likes and Favorites.Like List.ItemFavoriteList,https://www.tiktokv.com/share/video/7587618582536703263/,
2025-12-27 22:03:39-05:00,2025-12-27,22,like,Likes and Favorites.Like List.ItemFavoriteList,https://www.tiktokv.com/share/video/7553494575646608695/,
2025-12-27 22:01:47-05:00,2025-12-27,22,like,Likes and Favorites.Like List.ItemFavoriteList,https://www.tiktokv.com/share/video/7529145396480855318/,
2025-12-27 22:01:07-05:00,2025-12-27,22,like,Likes and Favorites.Like List.ItemFavoriteList,https://www.tiktokv.com/share/video/7571921538207780118/,
2025-12-27 22:00:53-05:00,2025-12-27,22,like,Likes and Favorites.Like List.ItemFavoriteList,https://www.tiktokv.com/share/video/7587967726048546078/,
2025-12-27 21:58:18-05:00,2025-12-27,21,like,Likes and Favorites.Like List.ItemFavoriteList,https://www.tiktokv.com/share/video/7588236113924443423/,
2025-12-27 21:57:20-05:00,2025-12-27,21,like,Likes and Favorites.Like List.ItemFavoriteList,https://www.tiktokv.com/share/video/7588269338562448671/,
2025-12-27 21:57:04-05:00,2025-12-27,21,like,Likes and Favorites.Like List.ItemFavoriteList,https://www.tiktokv.com/share/video/7587970652917845278/,
2025-12-27 21:38:39-05:00,2025-12-27,21,like,Likes and Favorites.Like List.ItemFavoriteList,https://www.tiktokv.com/share/video/7578577946122767638/,
2025-12-27 21:37:42-05:00,2025-12-27,21,like,Likes and Favorites.Like List.ItemFavoriteList,https://www.tiktokv.com/share/video/7588156224659541262/,
2025-12-27 21:37:22-05:00,2025-12-27,21,like,Likes and Favorites.Like List.ItemFavoriteList,https://www.tiktokv.com/share/video/7582740006758911263/,
2025-12-27 21:35:17-05:00,2025-12-27,21,like,Likes and Favorites.Like List.ItemFavoriteList,https://www.tiktokv.com/share/video/7587162638669466898/,
2025-12-27 21:34:01-05:00,2025-12-27,21,like,Likes and Favorites.Like List.ItemFavoriteList,https://www.tiktokv.com/share/video/7586038969448647958/,
2025-12-27 21:22:50-05:00,2025-12-27,21,like,Likes and Favorites.Like List.ItemFavoriteList,https://www.tiktokv.com/share/video/7587871078744083725/,
2025-12-27 21:22:49-05:00,2025-12-27,21,like,Likes and Favorites.Like List.ItemFavoriteList,https://www.tiktokv.com/share/video/7587611126301543700/,
2025-12-27 21:20:50-05:00,2025-12-27,21,like,Likes and Favorites.Like List.ItemFavoriteList,https://www.tiktokv.com/share/video/7587196716844092686/,
2025-12-27 21:16:22-05:00,2025-12-27,21,like,Likes and Favorites.Like List.ItemFavoriteList,https://www.tiktokv.com/share/video/7588274726645009678/,
2025-12-27 21:15:51-05:00,2025-12-27,21,like,Likes and Favorites.Like List.ItemFavoriteList,https://www.tiktokv.com/share/video/7587648594744839445/,
2025-12-27 21:15:22-05:00,2025-12-27,21,like,Likes and Favorites.Like List.ItemFavoriteList,https://www.tiktokv.com/share/video/7587981062538546446/,
2025-12-27 21:13:42-05:00,2025-12-27,21,like,Likes and Favorites.Like List.ItemFavoriteList,https://www.tiktokv.com/share/video/7587944859349159223/,
2025-12-27 21:13:27-05:00,2025-12-27,21,like,Likes and Favorites.Like List.ItemFavoriteList,https://www.tiktokv.com/share/video/7588265068396170510/,
2025-12-27 21:11:43-05:00,2025-12-27,21,like,Likes and Favorites.Like List.ItemFavoriteList,https://www.tiktokv.com/share/video/7575617661669870879/,
2025-12-27 21:11:09-05:00,2025-12-27,21,like,Likes and Favorites.Like List.ItemFavoriteList,https://www.tiktokv.com/share/video/7584304581232889102/,
2025-12-27 19:54:33-05:00,2025-12-27,19,like,Likes and Favorites.Like List.ItemFavoriteList,https://www.tiktokv.com/share/video/7587478298117147917/,
2025-12-27 19:47:54-05:00,2025-12-27,19,like,Likes and Favorites.Like List.ItemFavoriteList,https://www.tiktokv.com/share/video/7588307163798392095/,
2025-12-27 19:47:34-05:00,2025-12-27,19,like,Likes and Favorites.Like List.ItemFavoriteList,https://www.tiktokv.com/share/video/7585497313427082526/,
2025-12-27 14:03:20-05:00,2025-12-27,14,like,Likes and Favorites.Like List.ItemFavoriteList,https://www.tiktokv.com/share/video/7587542301073771790/,
2025-12-27 12:14:27-05:00,2025-12-27,12,like,Likes and Favorites.Like List.ItemFavoriteList,https://www.tiktokv.com/share/video/7588226478886735135/,
2025-12-27 12:13:52-05:00,2025-12-27,12,like,Likes and Favorites.Like List.ItemFavoriteList,https://www.tiktokv.com/share/video/7572381435798031630/,
2025-12-27 01:28:03-05:00,2025-12-27,1,like,Likes and Favorites.Like List.ItemFavoriteList,https://www.tiktokv.com/share/video/7585691438789315862/,
2025-12-26 22:40:09-05:00,2025-12-26,22,like,Likes and Favorites.Like List.ItemFavoriteList,https://www.tiktokv.com/share/video/7587839822509722894/,
2025-12-26 22:39:38-05:00,2025-12-26,22,like,Likes and Favorites.Like List.ItemFavoriteList,https://www.tiktokv.com/share/video/7587541344571182391/,
2025-12-26 11:34:39-05:00,2025-12-26,11,like,Likes and Favorites.Like List.ItemFavoriteList,https://www.tiktokv.com/share/video/7587804475897728269/,
2025-12-26 11:18:55-05:00,2025-12-26,11,like,Likes and Favorites.Like List.ItemFavoriteList,https://www.tiktokv.com/share/video/7587606888443874573/,
2025-12-26 11:18:40-05:00,2025-12-26,11,like,Likes and Favorites.Like List.ItemFavoriteList,https://www.tiktokv.com/share/video/7580711836547321143/,
2025-12-26 11:18:16-05:00,2025-12-26,11,like,Likes and Favorites.Like List.ItemFavoriteList,https://www.tiktokv.com/share/video/7567401203781405983/,
2025-12-26 11:16:20-05:00,2025-12-26,11,like,Likes and Favorites.Like List.ItemFavoriteList,https://www.tiktokv.com/share/video/7573004827609812254/,
2025-12-26 11:14:28-05:00,2025-12-26,11,like,Likes and Favorites.Like List.ItemFavoriteList,https://www.tiktokv.com/share/video/7587865185285704991/,
2025-12-26 11:11:24-05:00,2025-12-26,11,like,Likes and Favorites.Like List.ItemFavoriteList,https://www.tiktokv.com/share/video/7575342583157738807/,
2025-12-26 11:09:20-05:00,2025-12-26,11,like,Likes and Favorites.Like List.ItemFavoriteList,https://www.tiktokv.com/share/video/7575288227150564630/,
2025-12-26 11:07:55-05:00,2025-12-26,11,like,Likes and Favorites.Like List.ItemFavoriteList,https://www.tiktokv.com/share/video/7572398100015254839/,
2025-12-26 11:06:51-05:00,2025-12-26,11,like,Likes and Favorites.Like List.ItemFavoriteList,https://www.tiktokv.com/share/video/7587182928325512478/,
2025-12-26 11:05:58-05:00,2025-12-26,11,like,Likes and Favorites.Like List.ItemFavoriteList,https://www.tiktokv.com/share/video/7572693723612630286/,
2025-12-26 11:05:35-05:00,2025-12-26,11,like,Likes and Favorites.Like List.ItemFavoriteList,https://www.tiktokv.com/share/video/7579588479840013588/,
2025-12-26 11:05:25-05:00,2025-12-26,11,like,Likes and Favorites.Like List.ItemFavoriteList,https://www.tiktokv.com/share/video/7587293873202875678/,
2025-12-26 11:04:01-05:00,2025-12-26,11,like,Likes and Favorites.Like List.ItemFavoriteList,https://www.tiktokv.com/share/video/7571196973718572319/,
2025-12-26 00:33:40-05:00,2025-12-26,0,like,Likes and Favorites.Like List.ItemFavoriteList,https://www.tiktokv.com/share/video/7585808290987232543/,
2025-12-25 23:12:49-05:00,2025-12-25,23,like,Likes and Favorites.Like List.ItemFavoriteList,https://www.tiktokv.com/share/video/7575473931725901078/,
2025-12-25 23:10:45-05:00,2025-12-25,23,like,Likes and Favorites.Like List.ItemFavoriteList,https://www.tiktokv.com/share/video/7587049536653217036/,
2025-12-25 23:10:02-05:00,2025-12-25,23,like,Likes and Favorites.Like List.ItemFavoriteList,https://www.tiktokv.com/share/video/7587901154047085879/,
2025-12-25 23:09:39-05:00,2025-12-25,23,like,Likes and Favorites.Like List.ItemFavoriteList,https://www.tiktokv.com/share/video/7580511859841699086/,
2025-12-25 21:49:17-05:00,2025-12-25,21,like,Likes and Favorites.Like List.ItemFavoriteList,https://www.tiktokv.com/share/video/7586418751881350414/,
2025-12-25 21:49:05-05:00,2025-12-25,21,like,Likes and Favorites.Like List.ItemFavoriteList,https://www.tiktokv.com/share/video/7585290568087899423/,
2025-12-25 21:48:34-05:00,2025-12-25,21,like,Likes and Favorites.Like List.ItemFavoriteList,https://www.tiktokv.com/share/video/7587717127784779063/,
2025-12-25 20:06:08-05:00,2025-12-25,20,like,Likes and Favorites.Like List.ItemFavoriteList,https://www.tiktokv.com/share/video/7586417439957601549/,
2025-12-25 20:04:30-05:00,2025-12-25,20,like,Likes and Favorites.Like List.ItemFavoriteList,https://www.tiktokv.com/share/video/7587887735021636878/,
2025-12-25 20:03:59-05:00,2025-12-25,20,like,Likes and Favorites.Like List.ItemFavoriteList,https://www.tiktokv.com/share/video/7587104356919495958/,
2025-12-25 20:03:27-05:00,2025-12-25,20,like,Likes and Favorites.Like List.ItemFavoriteList,https://www.tiktokv.com/share/video/7587125090429521166/,
2025-12-25 20:03:13-05:00,2025-12-25,20,like,Likes and Favorites.Like List.ItemFavoriteList,https://www.tiktokv.com/share/video/7587519036657798430/,
2025-12-25 20:02:53-05:00,2025-12-25,20,like,Likes and Favorites.Like List.ItemFavoriteList,https://www.tiktokv.com/share/video/7586303404050337027/,
2025-12-25 14:22:42-05:00,2025-12-25,14,like,Likes and Favorites.Like List.ItemFavoriteList,https://www.tiktokv.com/share/video/7567797336961797406/,
2025-12-25 14:22:32-05:00,2025-12-25,14,like,Likes and Favorites.Like List.ItemFavoriteList,https://www.tiktokv.com/share/video/7587591840908463390/,
2025-12-25 14:19:13-05:00,2025-12-25,14,like,Likes and Favorites.Like List.ItemFavoriteList,https://www.tiktokv.com/share/video/7586740937418657054/,
2025-12-25 14:18:34-05:00,2025-12-25,14,like,Likes and Favorites.Like List.ItemFavoriteList,https://www.tiktokv.com/share/video/7570498285392121143/,
2025-12-25 14:17:57-05:00,2025-12-25,14,like,Likes and Favorites.Like List.ItemFavoriteList,https://www.tiktokv.com/share/video/7587583716323593503/,
2025-12-25 14:07:37-05:00,2025-12-25,14,like,Likes and Favorites.Like List.ItemFavoriteList,https://www.tiktokv.com/share/video/7586551180961123639/,
2025-12-25 14:05:05-05:00,2025-12-25,14,like,Likes and Favorites.Like List.ItemFavoriteList,https://www.tiktokv.com/share/video/7585904077003902222/,
2025-12-25 10:42:41-05:00,2025-12-25,10,like,Likes and Favorites.Like List.ItemFavoriteList,https://www.tiktokv.com/share/video/7586926960954117390/,
2025-12-25 10:42:06-05:00,2025-12-25,10,like,Likes and Favorites.Like List.ItemFavoriteList,https://www.tiktokv.com/share/video/7577611308506369293/,
2025-12-25 10:40:27-05:00,2025-12-25,10,like,Likes and Favorites.Like List.ItemFavoriteList,https://www.tiktokv.com/share/video/7585031127467969847/,
2025-12-24 22:21:24-05:00,2025-12-24,22,like,Likes and Favorites.Like List.ItemFavoriteList,https://www.tiktokv.com/share/video/7587235859515084063/,
2025-12-24 22:21:11-05:00,2025-12-24,22,like,Likes and Favorites.Like List.ItemFavoriteList,https://www.tiktokv.com/share/video/7584798935990979895/,
2025-12-24 22:20:48-05:00,2025-12-24,22,like,Likes and Favorites.Like List.ItemFavoriteList,https://www.tiktokv.com/share/video/7587155046333287701/,
2025-12-24 22:20:39-05:00,2025-12-24,22,like,Likes and Favorites.Like List.ItemFavoriteList,https://www.tiktokv.com/share/video/7585144260018588959/,
2025-12-24 12:58:41-05:00,2025-12-24,12,like,Likes and Favorites.Like List.ItemFavoriteList,https://www.tiktokv.com/share/video/7585636679264816398/,
2025-12-24 12:58:11-05:00,2025-12-24,12,like,Likes and Favorites.Like List.ItemFavoriteList,https://www.tiktokv.com/share/video/7561269624852008206/,
2025-12-24 12:56:56-05:00,2025-12-24,12,like,Likes and Favorites.Like List.ItemFavoriteList,https://www.tiktokv.com/share/video/7587175482127387934/,
2025-12-24 12:55:55-05:00,2025-12-24,12,like,Likes and Favorites.Like List.ItemFavoriteList,https://www.tiktokv.com/share/video/7584564426167160120/,
2025-12-24 12:45:11-05:00,2025-12-24,12,like,Likes and Favorites.Like List.ItemFavoriteList,https://www.tiktokv.com/share/video/7586525068277206327/,
2025-12-24 12:44:48-05:00,2025-12-24,12,like,Likes and Favorites.Like List.ItemFavoriteList,https://www.tiktokv.com/share/video/7585765148070087966/,
2025-12-24 11:37:49-05:00,2025-12-24,11,like,Likes and Favorites.Like List.ItemFavoriteList,https://www.tiktokv.com/share/video/7568909876626214158/,
2025-12-24 11:37:12-05:00,2025-12-24,11,like,Likes and Favorites.Like List.ItemFavoriteList,https://www.tiktokv.com/share/video/7585009040451833101/,
2025-12-24 11:37:02-05:00,2025-12-24,11,like,Likes and Favorites.Like List.ItemFavoriteList,https://www.tiktokv.com/share/video/7587188470758509879/,
2025-12-24 11:34:38-05:00,2025-12-24,11,like,Likes and Favorites.Like List.ItemFavoriteList,https://www.tiktokv.com/share/video/7576764930884455711/,
2025-12-24 11:34:08-05:00,2025-12-24,11,like,Likes and Favorites.Like List.ItemFavoriteList,https://www.tiktokv.com/share/video/7584450133799062806/,
2025-12-24 11:32:23-05:00,2025-12-24,11,like,Likes and Favorites.Like List.ItemFavoriteList,https://www.tiktokv.com/share/video/7587011855332281655/,
2025-12-24 11:30:26-05:00,2025-12-24,11,like,Likes and Favorites.Like List.ItemFavoriteList,https://www.tiktokv.com/share/video/7587154678195014925/,
2025-12-24 11:30:00-05:00,2025-12-24,11,like,Likes and Favorites.Like List.ItemFavoriteList,https://www.tiktokv.com/share/video/7587352228206300430/,
2025-12-24 11:29:14-05:00,2025-12-24,11,like,Likes and Favorites.Like List.ItemFavoriteList,https://www.tiktokv.com/share/video/7585582586177555734/,
2025-12-24 11:28:37-05:00,2025-12-24,11,like,Likes and Favorites.Like List.ItemFavoriteList,https://www.tiktokv.com/share/video/7579308710149901623/,
2025-12-24 03:44:32-05:00,2025-12-24,3,like,Likes and Favorites.Like List.ItemFavoriteList,https://www.tiktokv.com/share/video/7586845024646647071/,
2025-12-24 03:43:00-05:00,2025-12-24,3,like,Likes and Favorites.Like List.ItemFavoriteList,https://www.tiktokv.com/share/video/7585261795829370167/,
2025-12-24 03:40:44-05:00,2025-12-24,3,like,Likes and Favorites.Like List.ItemFavoriteList,https://www.tiktokv.com/share/video/7574486356269862175/,
2025-12-24 03:39:14-05:00,2025-12-24,3,like,Likes and Favorites.Like List.ItemFavoriteList,https://www.tiktokv.com/share/video/7575233298293591326/,
2025-12-24 03:38:38-05:00,2025-12-24,3,like,Likes and Favorites.Like List.ItemFavoriteList,https://www.tiktokv.com/share/video/7580111237669801271/,
2025-12-24 03:36:56-05:00,2025-12-24,3,like,Likes and Favorites.Like List.ItemFavoriteList,https://www.tiktokv.com/share/video/7584768231349521677/,
2025-12-24 03:35:12-05:00,2025-12-24,3,like,Likes and Favorites.Like List.ItemFavoriteList,https://www.tiktokv.com/share/video/7585284622389447967/,
2025-12-24 03:30:34-05:00,2025-12-24,3,like,Likes and Favorites.Like List.ItemFavoriteList,https://www.tiktokv.com/share/video/7586741396468534558/,
2025-12-24 03:29:01-05:00,2025-12-24,3,like,Likes and Favorites.Like List.ItemFavoriteList,https://www.tiktokv.com/share/video/7584973870680116510/,
2025-12-24 03:25:34-05:00,2025-12-24,3,like,Likes and Favorites.Like List.ItemFavoriteList,https://www.tiktokv.com/share/video/7566117569480903949/,
2025-12-24 03:24:23-05:00,2025-12-24,3,like,Likes and Favorites.Like List.ItemFavoriteList,https://www.tiktokv.com/share/video/7586723151564918030/,
2025-12-24 03:16:06-05:00,2025-12-24,3,like,Likes and Favorites.Like List.ItemFavoriteList,https://www.tiktokv.com/share/video/7586419837698673975/,
2025-12-24 03:08:38-05:00,2025-12-24,3,like,Likes and Favorites.Like List.ItemFavoriteList,https://www.tiktokv.com/share/video/7579853037343083831/,
2025-12-24 03:07:07-05:00,2025-12-24,3,like,Likes and Favorites.Like List.ItemFavoriteList,https://www.tiktokv.com/share/video/7580510405110304055/,
2025-12-24 03:05:14-05:00,2025-12-24,3,like,Likes and Favorites.Like List.ItemFavoriteList,https://www.tiktokv.com/share/video/7586877076423200031/,
2025-12-24 03:04:46-05:00,2025-12-24,3,like,Likes and Favorites.Like List.ItemFavoriteList,https://www.tiktokv.com/share/video/7587151772444085534/,
2025-12-24 03:04:21-05:00,2025-12-24,3,like,Likes and Favorites.Like List.ItemFavoriteList,https://www.tiktokv.com/share/video/7433175110053399839/,
2025-12-24 03:02:14-05:00,2025-12-24,3,like,Likes and Favorites.Like List.ItemFavoriteList,https://www.tiktokv.com/share/video/7433824283698138410/,
2025-12-24 03:01:23-05:00,2025-12-24,3,like,Likes and Favorites.Like List.ItemFavoriteList,https://www.tiktokv.com/share/video/7563483667662703885/,
2025-12-24 03:00:12-05:00,2025-12-24,3,like,Likes and Favorites.Like List.ItemFavoriteList,https://www.tiktokv.com/share/video/7532902406347099423/,
2025-12-24 02:59:00-05:00,2025-12-24,2,like,Likes and Favorites.Like List.ItemFavoriteList,https://www.tiktokv.com/share/video/7490270573633735982/,
2025-12-24 02:57:26-05:00,2025-12-24,2,like,Likes and Favorites.Like List.ItemFavoriteList,https://www.tiktokv.com/share/video/7433519696260992287/,
2025-12-24 02:57:20-05:00,2025-12-24,2,like,Likes and Favorites.Like List.ItemFavoriteList,https://www.tiktokv.com/share/video/7439435783104236831/,
2025-12-24 02:56:16-05:00,2025-12-24,2,like,Likes and Favorites.Like List.ItemFavoriteList,https://www.tiktokv.com/share/video/7435383167663492394/,
2025-12-24 02:54:38-05:00,2025-12-24,2,like,Likes and Favorites.Like List.ItemFavoriteList,https://www.tiktokv.com/share/video/7511741127297453342/,
2025-12-24 02:54:13-05:00,2025-12-24,2,like,Likes and Favorites.Like List.ItemFavoriteList,https://www.tiktokv.com/share/video/7568576798099770638/,
2025-12-24 02:53:56-05:00,2025-12-24,2,like,Likes and Favorites.Like List.ItemFavoriteList,https://www.tiktokv.com/share/video/7243802747915603226/,
2025-12-24 02:52:47-05:00,2025-12-24,2,like,Likes and Favorites.Like List.ItemFavoriteList,https://www.tiktokv.com/share/video/7581200097304726814/,
2025-12-24 02:51:09-05:00,2025-12-24,2,like,Likes and Favorites.Like List.ItemFavoriteList,https://www.tiktokv.com/share/video/7587161430919613710/,
2025-12-24 01:16:31-05:00,2025-12-24,1,like,Likes and Favorites.Like List.ItemFavoriteList,https://www.tiktokv.com/share/video/7586529814366932254/,
2025-12-24 01:15:51-05:00,2025-12-24,1,like,Likes and Favorites.Like List.ItemFavoriteList,https://www.tiktokv.com/share/video/7564153694040706317/,
2025-12-24 01:15:16-05:00,2025-12-24,1,like,Likes and Favorites.Like List.ItemFavoriteList,https://www.tiktokv.com/share/video/7586171960221027614/,
2025-12-24 01:13:31-05:00,2025-12-24,1,like,Likes and Favorites.Like List.ItemFavoriteList,https://www.tiktokv.com/share/video/7583585304951442743/,
2025-12-24 01:12:49-05:00,2025-12-24,1,like,Likes and Favorites.Like List.ItemFavoriteList,https://www.tiktokv.com/share/video/7572675301415685407/,
2025-12-24 01:12:12-05:00,2025-12-24,1,like,Likes and Favorites.Like List.ItemFavoriteList,https://www.tiktokv.com/share/video/7584158605746752790/,
2025-12-24 01:12:00-05:00,2025-12-24,1,like,Likes and Favorites.Like List.ItemFavoriteList,https://www.tiktokv.com/share/video/7586819293313060109/,
2025-12-24 01:10:48-05:00,2025-12-24,1,like,Likes and Favorites.Like List.ItemFavoriteList,https://www.tiktokv.com/share/video/7583888833352191262/,
2025-12-24 01:09:41-05:00,2025-12-24,1,like,Likes and Favorites.Like List.ItemFavoriteList,https://www.tiktokv.com/share/video/7580103739122421022/,
2025-12-24 01:06:13-05:00,2025-12-24,1,like,Likes and Favorites.Like List.ItemFavoriteList,https://www.tiktokv.com/share/video/7566113249586859278/,
2025-12-24 01:05:49-05:00,2025-12-24,1,like,Likes and Favorites.Like List.ItemFavoriteList,https://www.tiktokv.com/share/video/7587299568404925727/,
2025-12-24 01:05:10-05:00,2025-12-24,1,like,Likes and Favorites.Like List.ItemFavoriteList,https://www.tiktokv.com/share/video/7568240404487851295/,
2025-12-24 01:04:29-05:00,2025-12-24,1,like,Likes and Favorites.Like List.ItemFavoriteList,https://www.tiktokv.com/share/video/7584896830882761998/,
2025-12-24 01:04:01-05:00,2025-12-24,1,like,Likes and Favorites.Like List.ItemFavoriteList,https://www.tiktokv.com/share/video/7582852833335119135/,
2025-12-24 01:02:07-05:00,2025-12-24,1,like,Likes and Favorites.Like List.ItemFavoriteList,https://www.tiktokv.com/share/video/7585665252067511607/,
2025-12-24 01:00:11-05:00,2025-12-24,1,like,Likes and Favorites.Like List.ItemFavoriteList,https://www.tiktokv.com/share/video/7585787427546025271/,
2025-12-24 00:51:20-05:00,2025-12-24,0,like,Likes and Favorites.Like List.ItemFavoriteList,https://www.tiktokv.com/share/video/7586890039653600543/,
2025-12-24 00:50:59-05:00,2025-12-24,0,like,Likes and Favorites.Like List.ItemFavoriteList,https://www.tiktokv.com/share/video/7585313243632110879/,
2025-12-24 00:50:46-05:00,2025-12-24,0,like,Likes and Favorites.Like List.ItemFavoriteList,https://www.tiktokv.com/share/video/7579320033017367839/,
2025-12-24 00:49:48-05:00,2025-12-24,0,like,Likes and Favorites.Like List.ItemFavoriteList,https://www.tiktokv.com/share/video/7585343345543695647/,
2025-12-24 00:01:48-05:00,2025-12-24,0,like,Likes and Favorites.Like List.ItemFavoriteList,https://www.tiktokv.com/share/video/7586808756046974263/,
2025-12-23 23:41:22-05:00,2025-12-23,23,like,Likes and Favorites.Like List.ItemFavoriteList,https://www.tiktokv.com/share/video/7585745420891049271/,
2025-12-23 23:40:41-05:00,2025-12-23,23,like,Likes and Favorites.Like List.ItemFavoriteList,https://www.tiktokv.com/share/video/7586767975923928334/,
2025-12-23 23:23:29-05:00,2025-12-23,23,like,Likes and Favorites.Like List.ItemFavoriteList,https://www.tiktokv.com/share/video/7581693118874012958/,
2025-12-23 23:05:20-05:00,2025-12-23,23,like,Likes and Favorites.Like List.ItemFavoriteList,https://www.tiktokv.com/share/video/7586318070617099542/,
2025-12-23 20:03:44-05:00,2025-12-23,20,like,Likes and Favorites.Like List.ItemFavoriteList,https://www.tiktokv.com/share/video/7584603097008246030/,
2025-12-23 20:03:22-05:00,2025-12-23,20,like,Likes and Favorites.Like List.ItemFavoriteList,https://www.tiktokv.com/share/video/7573440875326409997/,
2025-12-23 20:02:54-05:00,2025-12-23,20,like,Likes and Favorites.Like List.ItemFavoriteList,https://www.tiktokv.com/share/video/7567050673087352077/,
2025-12-23 20:02:13-05:00,2025-12-23,20,like,Likes and Favorites.Like List.ItemFavoriteList,https://www.tiktokv.com/share/video/7585193712687353106/,
2025-12-23 20:01:04-05:00,2025-12-23,20,like,Likes and Favorites.Like List.ItemFavoriteList,https://www.tiktokv.com/share/video/7586677054981049632/,
2025-12-23 19:59:20-05:00,2025-12-23,19,like,Likes and Favorites.Like List.ItemFavoriteList,https://www.tiktokv.com/share/video/7576839441176694047/,
2025-12-23 19:58:41-05:00,2025-12-23,19,like,Likes and Favorites.Like List.ItemFavoriteList,https://www.tiktokv.com/share/video/7573255018631941390/,
2025-12-23 19:56:19-05:00,2025-12-23,19,like,Likes and Favorites.Like List.ItemFavoriteList,https://www.tiktokv.com/share/video/7573529426848156983/,
2025-12-23 19:54:56-05:00,2025-12-23,19,like,Likes and Favorites.Like List.ItemFavoriteList,https://www.tiktokv.com/share/video/7586704596844760342/,
2025-12-23 19:54:29-05:00,2025-12-23,19,like,Likes and Favorites.Like List.ItemFavoriteList,https://www.tiktokv.com/share/video/7575311468502027550/,
2025-12-23 19:52:51-05:00,2025-12-23,19,like,Likes and Favorites.Like List.ItemFavoriteList,https://www.tiktokv.com/share/video/7576685580839390519/,
2025-12-23 19:51:36-05:00,2025-12-23,19,like,Likes and Favorites.Like List.ItemFavoriteList,https://www.tiktokv.com/share/video/7585887463332138271/,
2025-12-23 19:51:22-05:00,2025-12-23,19,like,Likes and Favorites.Like List.ItemFavoriteList,https://www.tiktokv.com/share/video/7575856182863138078/,
2025-12-23 19:45:50-05:00,2025-12-23,19,like,Likes and Favorites.Like List.ItemFavoriteList,https://www.tiktokv.com/share/video/7586122261145406733/,
2025-12-23 19:45:41-05:00,2025-12-23,19,like,Likes and Favorites.Like List.ItemFavoriteList,https://www.tiktokv.com/share/video/7570811148069539102/,
2025-12-23 19:45:31-05:00,2025-12-23,19,like,Likes and Favorites.Like List.ItemFavoriteList,https://www.tiktokv.com/share/video/7578694514198449438/,
2025-12-23 19:43:17-05:00,2025-12-23,19,like,Likes and Favorites.Like List.ItemFavoriteList,https://www.tiktokv.com/share/video/7586865140369263902/,
2025-12-23 19:41:52-05:00,2025-12-23,19,like,Likes and Favorites.Like List.ItemFavoriteList,https://www.tiktokv.com/share/video/7586585374328098103/,
2025-12-23 19:40:42-05:00,2025-12-23,19,like,Likes and Favorites.Like List.ItemFavoriteList,https://www.tiktokv.com/share/video/7583222567222234423/,
2025-12-23 19:39:53-05:00,2025-12-23,19,like,Likes and Favorites.Like List.ItemFavoriteList,https://www.tiktokv.com/share/video/7586565187294072095/,
2025-12-23 19:38:29-05:00,2025-12-23,19,like,Likes and Favorites.Like List.ItemFavoriteList,https://www.tiktokv.com/share/video/7583858496089672973/,
2025-12-23 19:37:58-05:00,2025-12-23,19,like,Likes and Favorites.Like List.ItemFavoriteList,https://www.tiktokv.com/share/video/7586793223184600375/,
2025-12-23 19:37:12-05:00,2025-12-23,19,like,Likes and Favorites.Like List.ItemFavoriteList,https://www.tiktokv.com/share/video/7584733888019205397/,
2025-12-23 19:37:07-05:00,2025-12-23,19,like,Likes and Favorites.Like List.ItemFavoriteList,https://www.tiktokv.com/share/video/7584342771150933278/,
2025-12-23 19:36:48-05:00,2025-12-23,19,like,Likes and Favorites.Like List.ItemFavoriteList,https://www.tiktokv.com/share/video/7587075121320447263/,
2025-12-23 19:36:03-05:00,2025-12-23,19,like,Likes and Favorites.Like List.ItemFavoriteList,https://www.tiktokv.com/share/video/7586009940989431071/,
2025-12-23 19:33:51-05:00,2025-12-23,19,like,Likes and Favorites.Like List.ItemFavoriteList,https://www.tiktokv.com/share/video/7586556877077630222/,
2025-12-23 19:31:47-05:00,2025-12-23,19,like,Likes and Favorites.Like List.ItemFavoriteList,https://www.tiktokv.com/share/video/7585655540534103326/,
2025-12-23 19:30:55-05:00,2025-12-23,19,like,Likes and Favorites.Like List.ItemFavoriteList,https://www.tiktokv.com/share/video/7578577349151608095/,
2025-12-23 19:30:15-05:00,2025-12-23,19,like,Likes and Favorites.Like List.ItemFavoriteList,https://www.tiktokv.com/share/video/7569097113343102221/,
2025-12-23 19:30:08-05:00,2025-12-23,19,like,Likes and Favorites.Like List.ItemFavoriteList,https://www.tiktokv.com/share/video/7577265378246544653/,
2025-12-23 19:29:13-05:00,2025-12-23,19,like,Likes and Favorites.Like List.ItemFavoriteList,https://www.tiktokv.com/share/video/7586726798692453646/,
2025-12-23 19:28:18-05:00,2025-12-23,19,like,Likes and Favorites.Like List.ItemFavoriteList,https://www.tiktokv.com/share/video/7585965244401356052/,
2025-12-23 19:27:45-05:00,2025-12-23,19,like,Likes and Favorites.Like List.ItemFavoriteList,https://www.tiktokv.com/share/video/7583555807137090847/,
2025-12-23 19:27:26-05:00,2025-12-23,19,like,Likes and Favorites.Like List.ItemFavoriteList,https://www.tiktokv.com/share/video/7586415359033347350/,
2025-12-23 19:26:59-05:00,2025-12-23,19,like,Likes and Favorites.Like List.ItemFavoriteList,https://www.tiktokv.com/share/video/7570943018237201695/,
2025-12-23 19:25:53-05:00,2025-12-23,19,like,Likes and Favorites.Like List.ItemFavoriteList,https://www.tiktokv.com/share/video/7578558007328525582/,
2025-12-23 19:13:46-05:00,2025-12-23,19,like,Likes and Favorites.Like List.ItemFavoriteList,https://www.tiktokv.com/share/video/7584197600027430174/,
2025-12-23 19:12:54-05:00,2025-12-23,19,like,Likes and Favorites.Like List.ItemFavoriteList,https://www.tiktokv.com/share/video/7586368114716085526/,
2025-12-23 18:47:22-05:00,2025-12-23,18,like,Likes and Favorites.Like List.ItemFavoriteList,https://www.tiktokv.com/share/video/7586510033827925262/,
2025-12-23 18:42:07-05:00,2025-12-23,18,like,Likes and Favorites.Like List.ItemFavoriteList,https://www.tiktokv.com/share/video/7585257683423415572/,
2025-12-23 18:41:04-05:00,2025-12-23,18,like,Likes and Favorites.Like List.ItemFavoriteList,https://www.tiktokv.com/share/video/7579014725145513230/,
2025-12-23 18:40:07-05:00,2025-12-23,18,like,Likes and Favorites.Like List.ItemFavoriteList,https://www.tiktokv.com/share/video/7576926291295800594/,
2025-12-23 18:39:27-05:00,2025-12-23,18,like,Likes and Favorites.Like List.ItemFavoriteList,https://www.tiktokv.com/share/video/7586895581881175309/,
2025-12-23 18:38:36-05:00,2025-12-23,18,like,Likes and Favorites.Like List.ItemFavoriteList,https://www.tiktokv.com/share/video/7587043705115168031/,
2025-12-23 18:37:52-05:00,2025-12-23,18,like,Likes and Favorites.Like List.ItemFavoriteList,https://www.tiktokv.com/share/video/7578877996623334712/,
2025-12-23 15:12:03-05:00,2025-12-23,15,like,Likes and Favorites.Like List.ItemFavoriteList,https://www.tiktokv.com/share/video/7576484393305328926/,
2025-12-23 15:06:01-05:00,2025-12-23,15,like,Likes and Favorites.Like List.ItemFavoriteList,https://www.tiktokv.com/share/video/7586681130653338902/,
2025-12-23 14:59:32-05:00,2025-12-23,14,like,Likes and Favorites.Like List.ItemFavoriteList,https://www.tiktokv.com/share/video/7571184208689843470/,
2025-12-23 14:57:24-05:00,2025-12-23,14,like,Likes and Favorites.Like List.ItemFavoriteList,https://www.tiktokv.com/share/video/7572733190121524494/,
2025-12-23 14:56:46-05:00,2025-12-23,14,like,Likes and Favorites.Like List.ItemFavoriteList,https://www.tiktokv.com/share/video/7583943285656292639/,
2025-12-23 14:56:27-05:00,2025-12-23,14,like,Likes and Favorites.Like List.ItemFavoriteList,https://www.tiktokv.com/share/video/7573887739024674056/,
2025-12-23 14:55:49-05:00,2025-12-23,14,like,Likes and Favorites.Like List.ItemFavoriteList,https://www.tiktokv.com/share/video/7586763004302085390/,
2025-12-23 14:55:18-05:00,2025-12-23,14,like,Likes and Favorites.Like List.ItemFavoriteList,https://www.tiktokv.com/share/video/7583742186877914398/,
2025-12-23 14:54:17-05:00,2025-12-23,14,like,Likes and Favorites.Like List.ItemFavoriteList,https://www.tiktokv.com/share/video/7585073601523485965/,
2025-12-23 14:53:08-05:00,2025-12-23,14,like,Likes and Favorites.Like List.ItemFavoriteList,https://www.tiktokv.com/share/video/7586840198118460702/,
2025-12-23 14:52:08-05:00,2025-12-23,14,like,Likes and Favorites.Like List.ItemFavoriteList,https://www.tiktokv.com/share/video/7577144713262714134/,
2025-12-23 14:51:42-05:00,2025-12-23,14,like,Likes and Favorites.Like List.ItemFavoriteList,https://www.tiktokv.com/share/video/7577451185427205431/,
2025-12-23 14:50:37-05:00,2025-12-23,14,like,Likes and Favorites.Like List.ItemFavoriteList,https://www.tiktokv.com/share/video/7583816965173562679/,
2025-12-23 14:29:00-05:00,2025-12-23,14,like,Likes and Favorites.Like List.ItemFavoriteList,https://www.tiktokv.com/share/video/7574957138351623437/,
2025-12-23 14:28:32-05:00,2025-12-23,14,like,Likes and Favorites.Like List.ItemFavoriteList,https://www.tiktokv.com/share/video/7571220037307026708/,
2025-12-23 14:28:14-05:00,2025-12-23,14,like,Likes and Favorites.Like List.ItemFavoriteList,https://www.tiktokv.com/share/video/7586899815607455006/,
2025-12-23 14:27:58-05:00,2025-12-23,14,like,Likes and Favorites.Like List.ItemFavoriteList,https://www.tiktokv.com/share/video/7585988131665497374/,
2025-12-23 14:27:06-05:00,2025-12-23,14,like,Likes and Favorites.Like List.ItemFavoriteList,https://www.tiktokv.com/share/video/7567799845528800526/,
2025-12-23 14:26:33-05:00,2025-12-23,14,like,Likes and Favorites.Like List.ItemFavoriteList,https://www.tiktokv.com/share/video/7583841871097548045/,
2025-12-23 13:31:32-05:00,2025-12-23,13,like,Likes and Favorites.Like List.ItemFavoriteList,https://www.tiktokv.com/share/video/7583412836286614814/,
2025-12-23 13:31:16-05:00,2025-12-23,13,like,Likes and Favorites.Like List.ItemFavoriteList,https://www.tiktokv.com/share/video/7585001557847002399/,
2025-12-23 13:29:21-05:00,2025-12-23,13,like,Likes and Favorites.Like List.ItemFavoriteList,https://www.tiktokv.com/share/video/7569341677001821471/,
2025-12-23 13:28:20-05:00,2025-12-23,13,like,Likes and Favorites.Like List.ItemFavoriteList,https://www.tiktokv.com/share/video/7584850754700086558/,
2025-12-23 13:27:12-05:00,2025-12-23,13,like,Likes and Favorites.Like List.ItemFavoriteList,https://www.tiktokv.com/share/video/7586863435221044535/,
2025-12-23 13:21:56-05:00,2025-12-23,13,like,Likes and Favorites.Like List.ItemFavoriteList,https://www.tiktokv.com/share/video/7585693682788044045/,
2025-12-23 13:19:46-05:00,2025-12-23,13,like,Likes and Favorites.Like List.ItemFavoriteList,https://www.tiktokv.com/share/video/7586401625305058582/,
2025-12-23 12:00:53-05:00,2025-12-23,12,like,Likes and Favorites.Like List.ItemFavoriteList,https://www.tiktokv.com/share/video/7565487766239202567/,
2025-12-23 12:00:43-05:00,2025-12-23,12,like,Likes and Favorites.Like List.ItemFavoriteList,https://www.tiktokv.com/share/video/7585019363707686174/,
2025-12-23 11:59:51-05:00,2025-12-23,11,like,Likes and Favorites.Like List.ItemFavoriteList,https://www.tiktokv.com/share/video/7565697569217662221/,
2025-12-23 11:59:33-05:00,2025-12-23,11,like,Likes and Favorites.Like List.ItemFavoriteList,https://www.tiktokv.com/share/video/7585815447321251102/,
2025-12-23 11:59:23-05:00,2025-12-23,11,like,Likes and Favorites.Like List.ItemFavoriteList,https://www.tiktokv.com/share/video/7577918890362162463/,
2025-12-23 11:59:10-05:00,2025-12-23,11,like,Likes and Favorites.Like List.ItemFavoriteList,https://www.tiktokv.com/share/video/7577924483026013471/,
2025-12-23 11:58:48-05:00,2025-12-23,11,like,Likes and Favorites.Like List.ItemFavoriteList,https://www.tiktokv.com/share/video/7573555146102181150/,
2025-12-23 11:56:18-05:00,2025-12-23,11,like,Likes and Favorites.Like List.ItemFavoriteList,https://www.tiktokv.com/share/video/7577873912684432653/,
2025-12-23 11:56:10-05:00,2025-12-23,11,like,Likes and Favorites.Like List.ItemFavoriteList,https://www.tiktokv.com/share/video/7564325622080720150/,
2025-12-23 11:55:59-05:00,2025-12-23,11,like,Likes and Favorites.Like List.ItemFavoriteList,https://www.tiktokv.com/share/video/7584626902485208351/,
2025-12-23 11:54:57-05:00,2025-12-23,11,like,Likes and Favorites.Like List.ItemFavoriteList,https://www.tiktokv.com/share/video/7576788094423272759/,
2025-12-23 11:54:42-05:00,2025-12-23,11,like,Likes and Favorites.Like List.ItemFavoriteList,https://www.tiktokv.com/share/video/7575195069901245751/,
2025-12-23 11:54:11-05:00,2025-12-23,11,like,Likes and Favorites.Like List.ItemFavoriteList,https://www.tiktokv.com/share/video/7576403404231101718/,
2025-12-23 11:53:44-05:00,2025-12-23,11,like,Likes and Favorites.Like List.ItemFavoriteList,https://www.tiktokv.com/share/video/7586485943524216095/,
2025-12-23 11:53:05-05:00,2025-12-23,11,like,Likes and Favorites.Like List.ItemFavoriteList,https://www.tiktokv.com/share/video/7586735334965185823/,
2025-12-23 11:52:35-05:00,2025-12-23,11,like,Likes and Favorites.Like List.ItemFavoriteList,https://www.tiktokv.com/share/video/7586561716268322079/,
2025-12-23 11:52:20-05:00,2025-12-23,11,like,Likes and Favorites.Like List.ItemFavoriteList,https://www.tiktokv.com/share/video/7574300592894381342/,
2025-12-23 11:51:46-05:00,2025-12-23,11,like,Likes and Favorites.Like List.ItemFavoriteList,https://www.tiktokv.com/share/video/7583930642119855390/,
2025-12-23 11:51:28-05:00,2025-12-23,11,like,Likes and Favorites.Like List.ItemFavoriteList,https://www.tiktokv.com/share/video/7585812849679797524/,
2025-12-23 11:51:08-05:00,2025-12-23,11,like,Likes and Favorites.Like List.ItemFavoriteList,https://www.tiktokv.com/share/video/7586550626973142303/,
2025-12-23 11:51:00-05:00,2025-12-23,11,like,Likes and Favorites.Like List.ItemFavoriteList,https://www.tiktokv.com/share/video/7566317759517314359/,
2025-12-23 11:50:30-05:00,2025-12-23,11,like,Likes and Favorites.Like List.ItemFavoriteList,https://www.tiktokv.com/share/video/7585055981235621175/,
2025-12-23 11:49:48-05:00,2025-12-23,11,like,Likes and Favorites.Like List.ItemFavoriteList,https://www.tiktokv.com/share/video/7580543306464070942/,
2025-12-23 11:48:30-05:00,2025-12-23,11,like,Likes and Favorites.Like List.ItemFavoriteList,https://www.tiktokv.com/share/video/7578222788666805526/,
2025-12-23 11:48:08-05:00,2025-12-23,11,like,Likes and Favorites.Like List.ItemFavoriteList,https://www.tiktokv.com/share/video/7573099984506129694/,
2025-12-23 11:46:57-05:00,2025-12-23,11,like,Likes and Favorites.Like List.ItemFavoriteList,https://www.tiktokv.com/share/video/7585768554142649614/,
2025-12-23 11:46:49-05:00,2025-12-23,11,like,Likes and Favorites.Like List.ItemFavoriteList,https://www.tiktokv.com/share/video/7586853718029634846/,
2025-12-23 10:44:13-05:00,2025-12-23,10,like,Likes and Favorites.Like List.ItemFavoriteList,https://www.tiktokv.com/share/video/7584960758144896269/,
2025-12-23 10:43:28-05:00,2025-12-23,10,like,Likes and Favorites.Like List.ItemFavoriteList,https://www.tiktokv.com/share/video/7565947667042307342/,
2025-12-23 10:41:19-05:00,2025-12-23,10,like,Likes and Favorites.Like List.ItemFavoriteList,https://www.tiktokv.com/share/video/7586795130665864462/,
2025-12-23 10:38:24-05:00,2025-12-23,10,like,Likes and Favorites.Like List.ItemFavoriteList,https://www.tiktokv.com/share/video/7585662099431361806/,
2025-12-23 10:37:56-05:00,2025-12-23,10,like,Likes and Favorites.Like List.ItemFavoriteList,https://www.tiktokv.com/share/video/7583200083286560013/,
2025-12-23 10:37:06-05:00,2025-12-23,10,like,Likes and Favorites.Like List.ItemFavoriteList,https://www.tiktokv.com/share/video/7575116424524369174/,
2025-12-23 10:26:32-05:00,2025-12-23,10,like,Likes and Favorites.Like List.ItemFavoriteList,https://www.tiktokv.com/share/video/7580664997710171422/,
2025-12-23 10:25:53-05:00,2025-12-23,10,like,Likes and Favorites.Like List.ItemFavoriteList,https://www.tiktokv.com/share/video/7586801715312168247/,
2025-12-23 10:25:05-05:00,2025-12-23,10,like,Likes and Favorites.Like List.ItemFavoriteList,https://www.tiktokv.com/share/video/7586132205391367438/,
2025-12-23 09:55:25-05:00,2025-12-23,9,like,Likes and Favorites.Like List.ItemFavoriteList,https://www.tiktokv.com/share/video/7585656724829375757/,
2025-12-23 09:51:55-05:00,2025-12-23,9,like,Likes and Favorites.Like List.ItemFavoriteList,https://www.tiktokv.com/share/video/7586912586805824779/,
2025-12-23 09:51:03-05:00,2025-12-23,9,like,Likes and Favorites.Like List.ItemFavoriteList,https://www.tiktokv.com/share/video/7586743565808569655/,
2025-12-23 09:49:09-05:00,2025-12-23,9,like,Likes and Favorites.Like List.ItemFavoriteList,https://www.tiktokv.com/share/video/7586113507590966559/,
2025-12-23 09:48:28-05:00,2025-12-23,9,like,Likes and Favorites.Like List.ItemFavoriteList,https://www.tiktokv.com/share/video/7586430958639861006/,
2025-12-23 09:48:07-05:00,2025-12-23,9,like,Likes and Favorites.Like List.ItemFavoriteList,https://www.tiktokv.com/share/video/7583926563675098399/,
2025-12-23 02:27:16-05:00,2025-12-23,2,like,Likes and Favorites.Like List.ItemFavoriteList,https://www.tiktokv.com/share/video/7585561295076740365/,
2025-12-23 01:49:42-05:00,2025-12-23,1,like,Likes and Favorites.Like List.ItemFavoriteList,https://www.tiktokv.com/share/video/7584586433877363982/,
2025-12-23 01:39:21-05:00,2025-12-23,1,like,Likes and Favorites.Like List.ItemFavoriteList,https://www.tiktokv.com/share/video/7586220930481917198/,
2025-12-23 01:37:59-05:00,2025-12-23,1,like,Likes and Favorites.Like List.ItemFavoriteList,https://www.tiktokv.com/share/video/7577165683205737739/,
2025-12-23 01:37:49-05:00,2025-12-23,1,like,Likes and Favorites.Like List.ItemFavoriteList,https://www.tiktokv.com/share/video/7586935922197843231/,
2025-12-23 01:32:30-05:00,2025-12-23,1,like,Likes and Favorites.Like List.ItemFavoriteList,https://www.tiktokv.com/share/video/7581232890671811870/,
2025-12-23 01:32:07-05:00,2025-12-23,1,like,Likes and Favorites.Like List.ItemFavoriteList,https://www.tiktokv.com/share/video/7577100396389240095/,
2025-12-23 01:31:59-05:00,2025-12-23,1,like,Likes and Favorites.Like List.ItemFavoriteList,https://www.tiktokv.com/share/video/7584502423465544990/,
2025-12-23 01:30:58-05:00,2025-12-23,1,like,Likes and Favorites.Like List.ItemFavoriteList,https://www.tiktokv.com/share/video/7586701397488389389/,
2025-12-23 01:29:59-05:00,2025-12-23,1,like,Likes and Favorites.Like List.ItemFavoriteList,https://www.tiktokv.com/share/video/7585319727615069453/,
2025-12-23 01:28:31-05:00,2025-12-23,1,like,Likes and Favorites.Like List.ItemFavoriteList,https://www.tiktokv.com/share/video/7585274614075460877/,
2025-12-23 01:25:41-05:00,2025-12-23,1,like,Likes and Favorites.Like List.ItemFavoriteList,https://www.tiktokv.com/share/video/7586387675595279630/,
2025-12-23 01:25:20-05:00,2025-12-23,1,like,Likes and Favorites.Like List.ItemFavoriteList,https://www.tiktokv.com/share/video/7585353094469340430/,
2025-12-23 01:24:24-05:00,2025-12-23,1,like,Likes and Favorites.Like List.ItemFavoriteList,https://www.tiktokv.com/share/video/7586478070010285342/,
2025-12-23 01:23:27-05:00,2025-12-23,1,like,Likes and Favorites.Like List.ItemFavoriteList,https://www.tiktokv.com/share/video/7585361538651786551/,
2025-12-22 23:05:29-05:00,2025-12-22,23,like,Likes and Favorites.Like List.ItemFavoriteList,https://www.tiktokv.com/share/video/7586420542941465869/,
2025-12-22 23:04:51-05:00,2025-12-22,23,like,Likes and Favorites.Like List.ItemFavoriteList,https://www.tiktokv.com/share/video/7585699629988187405/,
2025-12-22 22:47:30-05:00,2025-12-22,22,like,Likes and Favorites.Like List.ItemFavoriteList,https://www.tiktokv.com/share/video/7584878441154071863/,
2025-12-22 22:46:37-05:00,2025-12-22,22,like,Likes and Favorites.Like List.ItemFavoriteList,https://www.tiktokv.com/share/video/7586460667729808695/,
2025-12-22 22:43:30-05:00,2025-12-22,22,like,Likes and Favorites.Like List.ItemFavoriteList,https://www.tiktokv.com/share/video/7586084265998257438/,
2025-12-22 22:42:45-05:00,2025-12-22,22,like,Likes and Favorites.Like List.ItemFavoriteList,https://www.tiktokv.com/share/video/7586513799524486413/,
2025-12-22 22:42:21-05:00,2025-12-22,22,like,Likes and Favorites.Like List.ItemFavoriteList,https://www.tiktokv.com/share/video/7586569311339285816/,
2025-12-22 22:42:05-05:00,2025-12-22,22,like,Likes and Favorites.Like List.ItemFavoriteList,https://www.tiktokv.com/share/video/7586614918506450190/,
2025-12-22 22:41:45-05:00,2025-12-22,22,like,Likes and Favorites.Like List.ItemFavoriteList,https://www.tiktokv.com/share/video/7583851324119207198/,
2025-12-22 22:17:14-05:00,2025-12-22,22,like,Likes and Favorites.Like List.ItemFavoriteList,https://www.tiktokv.com/share/video/7586725032001277214/,
2025-12-22 22:16:55-05:00,2025-12-22,22,like,Likes and Favorites.Like List.ItemFavoriteList,https://www.tiktokv.com/share/video/7578215856249769247/,
2025-12-22 22:16:28-05:00,2025-12-22,22,like,Likes and Favorites.Like List.ItemFavoriteList,https://www.tiktokv.com/share/video/7572323431820070175/,
2025-12-22 22:16:13-05:00,2025-12-22,22,like,Likes and Favorites.Like List.ItemFavoriteList,https://www.tiktokv.com/share/video/7582715307395976478/,
2025-12-22 22:11:22-05:00,2025-12-22,22,like,Likes and Favorites.Like List.ItemFavoriteList,https://www.tiktokv.com/share/video/7579490445063949569/,
2025-12-22 22:04:00-05:00,2025-12-22,22,like,Likes and Favorites.Like List.ItemFavoriteList,https://www.tiktokv.com/share/video/7585671921874849027/,
2025-12-22 22:03:35-05:00,2025-12-22,22,like,Likes and Favorites.Like List.ItemFavoriteList,https://www.tiktokv.com/share/video/7586792883345247501/,
2025-12-22 22:00:56-05:00,2025-12-22,22,like,Likes and Favorites.Like List.ItemFavoriteList,https://www.tiktokv.com/share/video/7584282043719224589/,
2025-12-22 22:00:14-05:00,2025-12-22,22,like,Likes and Favorites.Like List.ItemFavoriteList,https://www.tiktokv.com/share/video/7584865495820569878/,
2025-12-22 21:26:24-05:00,2025-12-22,21,like,Likes and Favorites.Like List.ItemFavoriteList,https://www.tiktokv.com/share/video/7586783834427968798/,
2025-12-22 21:01:14-05:00,2025-12-22,21,like,Likes and Favorites.Like List.ItemFavoriteList,https://www.tiktokv.com/share/video/7586702445770820877/,
2025-12-22 19:43:09-05:00,2025-12-22,19,like,Likes and Favorites.Like List.ItemFavoriteList,https://www.tiktokv.com/share/video/7586233221088693559/,
2025-12-22 19:41:31-05:00,2025-12-22,19,like,Likes and Favorites.Like List.ItemFavoriteList,https://www.tiktokv.com/share/video/7570438123742612767/,
2025-12-22 19:40:55-05:00,2025-12-22,19,like,Likes and Favorites.Like List.ItemFavoriteList,https://www.tiktokv.com/share/video/7584998731406150943/,
2025-12-22 19:40:43-05:00,2025-12-22,19,like,Likes and Favorites.Like List.ItemFavoriteList,https://www.tiktokv.com/share/video/7581511733001342230/,
2025-12-22 19:37:21-05:00,2025-12-22,19,like,Likes and Favorites.Like List.ItemFavoriteList,https://www.tiktokv.com/share/video/7288821398779252010/,
2025-12-22 19:37:06-05:00,2025-12-22,19,like,Likes and Favorites.Like List.ItemFavoriteList,https://www.tiktokv.com/share/video/7582989468408335636/,
2025-12-22 19:32:40-05:00,2025-12-22,19,like,Likes and Favorites.Like List.ItemFavoriteList,https://www.tiktokv.com/share/video/7585644950952496439/,
2025-12-22 19:32:20-05:00,2025-12-22,19,like,Likes and Favorites.Like List.ItemFavoriteList,https://www.tiktokv.com/share/video/7586380463489486093/,
2025-12-22 19:31:28-05:00,2025-12-22,19,like,Likes and Favorites.Like List.ItemFavoriteList,https://www.tiktokv.com/share/video/7584485870036651277/,
2025-12-22 19:30:20-05:00,2025-12-22,19,like,Likes and Favorites.Like List.ItemFavoriteList,https://www.tiktokv.com/share/video/7576911667309595935/,
2025-12-22 19:30:12-05:00,2025-12-22,19,like,Likes and Favorites.Like List.ItemFavoriteList,https://www.tiktokv.com/share/video/7585249397215120671/,
2025-12-22 19:29:12-05:00,2025-12-22,19,like,Likes and Favorites.Like List.ItemFavoriteList,https://www.tiktokv.com/share/video/7586022994011507999/,
2025-12-22 19:28:07-05:00,2025-12-22,19,like,Likes and Favorites.Like List.ItemFavoriteList,https://www.tiktokv.com/share/video/7583846694949752094/,
2025-12-22 19:27:22-05:00,2025-12-22,19,like,Likes and Favorites.Like List.ItemFavoriteList,https://www.tiktokv.com/share/video/7586350508672093471/,
2025-12-22 19:26:51-05:00,2025-12-22,19,like,Likes and Favorites.Like List.ItemFavoriteList,https://www.tiktokv.com/share/video/7572405143019277623/,
2025-12-22 19:26:25-05:00,2025-12-22,19,like,Likes and Favorites.Like List.ItemFavoriteList,https://www.tiktokv.com/share/video/7586836000341609742/,
2025-12-22 19:24:50-05:00,2025-12-22,19,like,Likes and Favorites.Like List.ItemFavoriteList,https://www.tiktokv.com/share/video/7586795993304141070/,
2025-12-22 19:23:21-05:00,2025-12-22,19,like,Likes and Favorites.Like List.ItemFavoriteList,https://www.tiktokv.com/share/video/7585652920050404622/,
2025-12-22 19:22:33-05:00,2025-12-22,19,like,Likes and Favorites.Like List.ItemFavoriteList,https://www.tiktokv.com/share/video/7586744518842518806/,
2025-12-22 19:21:45-05:00,2025-12-22,19,like,Likes and Favorites.Like List.ItemFavoriteList,https://www.tiktokv.com/share/video/7577462530449100087/,
2025-12-22 19:21:30-05:00,2025-12-22,19,like,Likes and Favorites.Like List.ItemFavoriteList,https://www.tiktokv.com/share/video/7547087849183644983/,
2025-12-22 19:20:06-05:00,2025-12-22,19,like,Likes and Favorites.Like List.ItemFavoriteList,https://www.tiktokv.com/share/video/7569357524126780686/,
2025-12-22 19:19:47-05:00,2025-12-22,19,like,Likes and Favorites.Like List.ItemFavoriteList,https://www.tiktokv.com/share/video/7586316561871310082/,
2025-12-22 19:17:48-05:00,2025-12-22,19,like,Likes and Favorites.Like List.ItemFavoriteList,https://www.tiktokv.com/share/video/7578313339709689143/,
2025-12-22 19:17:03-05:00,2025-12-22,19,like,Likes and Favorites.Like List.ItemFavoriteList,https://www.tiktokv.com/share/video/7585339080502693151/,
2025-12-22 19:16:01-05:00,2025-12-22,19,like,Likes and Favorites.Like List.ItemFavoriteList,https://www.tiktokv.com/share/video/7586558125029772564/,
2025-12-22 19:15:45-05:00,2025-12-22,19,like,Likes and Favorites.Like List.ItemFavoriteList,https://www.tiktokv.com/share/video/7586419881210383629/,
2025-12-22 19:15:30-05:00,2025-12-22,19,like,Likes and Favorites.Like List.ItemFavoriteList,https://www.tiktokv.com/share/video/7585123148580834574/,
2025-12-22 19:15:06-05:00,2025-12-22,19,like,Likes and Favorites.Like List.ItemFavoriteList,https://www.tiktokv.com/share/video/7568560475437403422/,
2025-12-22 19:14:51-05:00,2025-12-22,19,like,Likes and Favorites.Like List.ItemFavoriteList,https://www.tiktokv.com/share/video/7586110100918570254/,
2025-12-22 19:12:44-05:00,2025-12-22,19,like,Likes and Favorites.Like List.ItemFavoriteList,https://www.tiktokv.com/share/video/7575315356466580766/,
2025-12-22 19:11:56-05:00,2025-12-22,19,like,Likes and Favorites.Like List.ItemFavoriteList,https://www.tiktokv.com/share/video/7586588162068090126/,
2025-12-22 19:11:52-05:00,2025-12-22,19,like,Likes and Favorites.Like List.ItemFavoriteList,https://www.tiktokv.com/share/video/7565334072046718238/,
2025-12-22 19:10:54-05:00,2025-12-22,19,like,Likes and Favorites.Like List.ItemFavoriteList,https://www.tiktokv.com/share/video/7586558796252597534/,
2025-12-22 19:10:34-05:00,2025-12-22,19,like,Likes and Favorites.Like List.ItemFavoriteList,https://www.tiktokv.com/share/video/7580431666821221645/,
2025-12-22 19:09:44-05:00,2025-12-22,19,like,Likes and Favorites.Like List.ItemFavoriteList,https://www.tiktokv.com/share/video/7586460389798350110/,
2025-12-22 19:08:59-05:00,2025-12-22,19,like,Likes and Favorites.Like List.ItemFavoriteList,https://www.tiktokv.com/share/video/7584684401653583118/,
2025-12-22 19:04:15-05:00,2025-12-22,19,like,Likes and Favorites.Like List.ItemFavoriteList,https://www.tiktokv.com/share/video/7584686390147894541/,
2025-12-22 19:03:52-05:00,2025-12-22,19,like,Likes and Favorites.Like List.ItemFavoriteList,https://www.tiktokv.com/share/video/7565992508530920726/,
2025-12-22 19:01:55-05:00,2025-12-22,19,like,Likes and Favorites.Like List.ItemFavoriteList,https://www.tiktokv.com/share/video/7580193192465714462/,
2025-12-22 19:01:14-05:00,2025-12-22,19,like,Likes and Favorites.Like List.ItemFavoriteList,https://www.tiktokv.com/share/video/7570507176792378637/,
2025-12-22 18:58:50-05:00,2025-12-22,18,like,Likes and Favorites.Like List.ItemFavoriteList,https://www.tiktokv.com/share/video/7579370127687273741/,
2025-12-22 18:57:03-05:00,2025-12-22,18,like,Likes and Favorites.Like List.ItemFavoriteList,https://www.tiktokv.com/share/video/7586118665658010894/,
2025-12-22 18:56:12-05:00,2025-12-22,18,like,Likes and Favorites.Like List.ItemFavoriteList,https://www.tiktokv.com/share/video/7584576259330411798/,
2025-12-22 18:55:44-05:00,2025-12-22,18,like,Likes and Favorites.Like List.ItemFavoriteList,https://www.tiktokv.com/share/video/7575239252389154103/,
2025-12-22 18:55:20-05:00,2025-12-22,18,like,Likes and Favorites.Like List.ItemFavoriteList,https://www.tiktokv.com/share/video/7584247520432360735/,
2025-12-22 18:55:00-05:00,2025-12-22,18,like,Likes and Favorites.Like List.ItemFavoriteList,https://www.tiktokv.com/share/video/7584981064750206221/,
2025-12-22 18:53:32-05:00,2025-12-22,18,like,Likes and Favorites.Like List.ItemFavoriteList,https://www.tiktokv.com/share/video/7573512466945101070/,
2025-12-22 18:52:51-05:00,2025-12-22,18,like,Likes and Favorites.Like List.ItemFavoriteList,https://www.tiktokv.com/share/video/7586759159589227831/,
2025-12-22 18:51:32-05:00,2025-12-22,18,like,Likes and Favorites.Like List.ItemFavoriteList,https://www.tiktokv.com/share/video/7586500921279008055/,
2025-12-22 18:50:35-05:00,2025-12-22,18,like,Likes and Favorites.Like List.ItemFavoriteList,https://www.tiktokv.com/share/video/7572075885860293902/,
2025-12-22 18:50:07-05:00,2025-12-22,18,like,Likes and Favorites.Like List.ItemFavoriteList,https://www.tiktokv.com/share/video/7586260738394672416/,
2025-12-22 18:49:18-05:00,2025-12-22,18,like,Likes and Favorites.Like List.ItemFavoriteList,https://www.tiktokv.com/share/video/7584265177491688759/,
2025-12-22 18:35:52-05:00,2025-12-22,18,like,Likes and Favorites.Like List.ItemFavoriteList,https://www.tiktokv.com/share/video/7575683567003520264/,
2025-12-22 18:35:19-05:00,2025-12-22,18,like,Likes and Favorites.Like List.ItemFavoriteList,https://www.tiktokv.com/share/video/7586809278044884237/,
2025-12-22 18:09:30-05:00,2025-12-22,18,like,Likes and Favorites.Like List.ItemFavoriteList,https://www.tiktokv.com/share/video/7576482504408878366/,
2025-12-22 18:09:20-05:00,2025-12-22,18,like,Likes and Favorites.Like List.ItemFavoriteList,https://www.tiktokv.com/share/video/7574276540809137463/,
2025-12-22 18:08:17-05:00,2025-12-22,18,like,Likes and Favorites.Like List.ItemFavoriteList,https://www.tiktokv.com/share/video/7583943241700068626/,
2025-12-22 18:05:43-05:00,2025-12-22,18,like,Likes and Favorites.Like List.ItemFavoriteList,https://www.tiktokv.com/share/video/7586418831720058142/,
2025-12-22 18:04:08-05:00,2025-12-22,18,like,Likes and Favorites.Like List.ItemFavoriteList,https://www.tiktokv.com/share/video/7586488814042909982/,
2025-12-22 18:03:13-05:00,2025-12-22,18,like,Likes and Favorites.Like List.ItemFavoriteList,https://www.tiktokv.com/share/video/7577862938543885582/,
2025-12-22 17:57:43-05:00,2025-12-22,17,like,Likes and Favorites.Like List.ItemFavoriteList,https://www.tiktokv.com/share/video/7586549923735244087/,
2025-12-22 17:55:43-05:00,2025-12-22,17,like,Likes and Favorites.Like List.ItemFavoriteList,https://www.tiktokv.com/share/video/7567694484633357599/,
2025-12-22 17:55:31-05:00,2025-12-22,17,like,Likes and Favorites.Like List.ItemFavoriteList,https://www.tiktokv.com/share/video/7580257477862739214/,
2025-12-22 17:54:16-05:00,2025-12-22,17,like,Likes and Favorites.Like List.ItemFavoriteList,https://www.tiktokv.com/share/video/7584994411369598239/,
2025-12-22 14:45:18-05:00,2025-12-22,14,like,Likes and Favorites.Like List.ItemFavoriteList,https://www.tiktokv.com/share/video/7586732779744857374/,
2025-12-22 14:44:56-05:00,2025-12-22,14,like,Likes and Favorites.Like List.ItemFavoriteList,https://www.tiktokv.com/share/video/7580927913244118302/,
2025-12-22 14:44:34-05:00,2025-12-22,14,like,Likes and Favorites.Like List.ItemFavoriteList,https://www.tiktokv.com/share/video/7581987368467565838/,
2025-12-22 14:44:23-05:00,2025-12-22,14,like,Likes and Favorites.Like List.ItemFavoriteList,https://www.tiktokv.com/share/video/7566385376827297054/,
2025-12-22 14:43:39-05:00,2025-12-22,14,like,Likes and Favorites.Like List.ItemFavoriteList,https://www.tiktokv.com/share/video/7579578288767536391/,
2025-12-22 14:43:04-05:00,2025-12-22,14,like,Likes and Favorites.Like List.ItemFavoriteList,https://www.tiktokv.com/share/video/7586433421560368439/,
2025-12-22 14:42:52-05:00,2025-12-22,14,like,Likes and Favorites.Like List.ItemFavoriteList,https://www.tiktokv.com/share/video/7586475586831387917/,
2025-12-22 14:40:34-05:00,2025-12-22,14,like,Likes and Favorites.Like List.ItemFavoriteList,https://www.tiktokv.com/share/video/7573768571059293495/,
2025-12-22 14:28:08-05:00,2025-12-22,14,like,Likes and Favorites.Like List.ItemFavoriteList,https://www.tiktokv.com/share/video/7568907087896464654/,
2025-12-22 14:27:40-05:00,2025-12-22,14,like,Likes and Favorites.Like List.ItemFavoriteList,https://www.tiktokv.com/share/video/7586484230033575181/,
2025-12-22 12:22:42-05:00,2025-12-22,12,like,Likes and Favorites.Like List.ItemFavoriteList,https://www.tiktokv.com/share/video/7586447247320124702/,
2025-12-22 11:47:37-05:00,2025-12-22,11,like,Likes and Favorites.Like List.ItemFavoriteList,https://www.tiktokv.com/share/video/7272678999212510494/,
2025-12-22 11:45:23-05:00,2025-12-22,11,like,Likes and Favorites.Like List.ItemFavoriteList,https://www.tiktokv.com/share/video/7585607199817288981/,
2025-12-22 11:44:03-05:00,2025-12-22,11,like,Likes and Favorites.Like List.ItemFavoriteList,https://www.tiktokv.com/share/video/7586204365518540046/,
2025-12-22 11:43:05-05:00,2025-12-22,11,like,Likes and Favorites.Like List.ItemFavoriteList,https://www.tiktokv.com/share/video/7573867210033155358/,
2025-12-22 11:42:34-05:00,2025-12-22,11,like,Likes and Favorites.Like List.ItemFavoriteList,https://www.tiktokv.com/share/video/7581319524759178510/,
2025-12-22 11:42:20-05:00,2025-12-22,11,like,Likes and Favorites.Like List.ItemFavoriteList,https://www.tiktokv.com/share/video/7584146737787325726/,
2025-12-22 11:41:38-05:00,2025-12-22,11,like,Likes and Favorites.Like List.ItemFavoriteList,https://www.tiktokv.com/share/video/7586498915936095519/,
2025-12-22 11:41:04-05:00,2025-12-22,11,like,Likes and Favorites.Like List.ItemFavoriteList,https://www.tiktokv.com/share/video/7582348149403045150/,
2025-12-22 11:39:31-05:00,2025-12-22,11,like,Likes and Favorites.Like List.ItemFavoriteList,https://www.tiktokv.com/share/video/7578631656756579615/,
2025-12-22 11:39:07-05:00,2025-12-22,11,like,Likes and Favorites.Like List.ItemFavoriteList,https://www.tiktokv.com/share/video/7576696193007275294/,
2025-12-22 11:38:05-05:00,2025-12-22,11,like,Likes and Favorites.Like List.ItemFavoriteList,https://www.tiktokv.com/share/video/7586108785756802335/,
2025-12-22 11:37:29-05:00,2025-12-22,11,like,Likes and Favorites.Like List.ItemFavoriteList,https://www.tiktokv.com/share/video/7584322627750219063/,
2025-12-22 11:37:04-05:00,2025-12-22,11,like,Likes and Favorites.Like List.ItemFavoriteList,https://www.tiktokv.com/share/video/7586423478073494797/,
2025-12-22 11:36:25-05:00,2025-12-22,11,like,Likes and Favorites.Like List.ItemFavoriteList,https://www.tiktokv.com/share/video/7584127243769662733/,
2025-12-22 11:36:08-05:00,2025-12-22,11,like,Likes and Favorites.Like List.ItemFavoriteList,https://www.tiktokv.com/share/video/7581290918620204302/,
2025-12-22 11:33:45-05:00,2025-12-22,11,like,Likes and Favorites.Like List.ItemFavoriteList,https://www.tiktokv.com/share/video/7585356981393788174/,
2025-12-22 11:33:33-05:00,2025-12-22,11,like,Likes and Favorites.Like List.ItemFavoriteList,https://www.tiktokv.com/share/video/7585884240361835806/,
2025-12-22 11:32:45-05:00,2025-12-22,11,like,Likes and Favorites.Like List.ItemFavoriteList,https://www.tiktokv.com/share/video/7586110849685671199/,
2025-12-22 11:32:08-05:00,2025-12-22,11,like,Likes and Favorites.Like List.ItemFavoriteList,https://www.tiktokv.com/share/video/7586420221011954958/,
2025-12-22 11:31:40-05:00,2025-12-22,11,like,Likes and Favorites.Like List.ItemFavoriteList,https://www.tiktokv.com/share/video/7586710827978280222/,
2025-12-22 11:30:45-05:00,2025-12-22,11,like,Likes and Favorites.Like List.ItemFavoriteList,https://www.tiktokv.com/share/video/7586115858863263006/,
2025-12-22 11:29:58-05:00,2025-12-22,11,like,Likes and Favorites.Like List.ItemFavoriteList,https://www.tiktokv.com/share/video/7586364054231420215/,
2025-12-22 11:28:59-05:00,2025-12-22,11,like,Likes and Favorites.Like List.ItemFavoriteList,https://www.tiktokv.com/share/video/7578646995229773089/,
2025-12-22 11:28:36-05:00,2025-12-22,11,like,Likes and Favorites.Like List.ItemFavoriteList,https://www.tiktokv.com/share/video/7586491085908741431/,
2025-12-22 10:54:38-05:00,2025-12-22,10,like,Likes and Favorites.Like List.ItemFavoriteList,https://www.tiktokv.com/share/video/7570861132500520205/,
2025-12-22 10:53:44-05:00,2025-12-22,10,like,Likes and Favorites.Like List.ItemFavoriteList,https://www.tiktokv.com/share/video/7586397526689959198/,
2025-12-22 10:53:11-05:00,2025-12-22,10,like,Likes and Favorites.Like List.ItemFavoriteList,https://www.tiktokv.com/share/video/7577522373033823510/,
2025-12-22 10:04:23-05:00,2025-12-22,10,like,Likes and Favorites.Like List.ItemFavoriteList,https://www.tiktokv.com/share/video/7585857027474345230/,
2025-12-22 08:52:04-05:00,2025-12-22,8,like,Likes and Favorites.Like List.ItemFavoriteList,https://www.tiktokv.com/share/video/7586557609210137869/,
2025-12-22 08:51:55-05:00,2025-12-22,8,like,Likes and Favorites.Like List.ItemFavoriteList,https://www.tiktokv.com/share/video/7573395002873679126/,
2025-12-21 21:53:32-05:00,2025-12-21,21,like,Likes and Favorites.Like List.ItemFavoriteList,https://www.tiktokv.com/share/video/7566487763101420813/,
2025-12-21 21:08:19-05:00,2025-12-21,21,like,Likes and Favorites.Like List.ItemFavoriteList,https://www.tiktokv.com/share/video/7572202093285608734/,
2025-12-21 16:02:56-05:00,2025-12-21,16,like,Likes and Favorites.Like List.ItemFavoriteList,https://www.tiktokv.com/share/video/7586064084303465758/,
2025-12-21 16:01:52-05:00,2025-12-21,16,like,Likes and Favorites.Like List.ItemFavoriteList,https://www.tiktokv.com/share/video/7585554599487098134/,
2025-12-21 14:38:31-05:00,2025-12-21,14,like,Likes and Favorites.Like List.ItemFavoriteList,https://www.tiktokv.com/share/video/7573801453425397023/,
2025-12-21 14:38:04-05:00,2025-12-21,14,like,Likes and Favorites.Like List.ItemFavoriteList,https://www.tiktokv.com/share/video/7585362973963717919/,
2025-12-21 14:37:47-05:00,2025-12-21,14,like,Likes and Favorites.Like List.ItemFavoriteList,https://www.tiktokv.com/share/video/7565195379348737302/,
2025-12-21 14:36:06-05:00,2025-12-21,14,like,Likes and Favorites.Like List.ItemFavoriteList,https://www.tiktokv.com/share/video/7586047078380408078/,
2025-12-21 10:15:25-05:00,2025-12-21,10,like,Likes and Favorites.Like List.ItemFavoriteList,https://www.tiktokv.com/share/video/7586174186834464013/,
2025-12-21 10:15:02-05:00,2025-12-21,10,like,Likes and Favorites.Like List.ItemFavoriteList,https://www.tiktokv.com/share/video/7585357958884691255/,
2025-12-21 10:03:58-05:00,2025-12-21,10,like,Likes and Favorites.Like List.ItemFavoriteList,https://www.tiktokv.com/share/video/7586136134766333239/,
2025-12-21 10:03:21-05:00,2025-12-21,10,like,Likes and Favorites.Like List.ItemFavoriteList,https://www.tiktokv.com/share/video/7586174352735866125/,
2025-12-21 10:02:40-05:00,2025-12-21,10,like,Likes and Favorites.Like List.ItemFavoriteList,https://www.tiktokv.com/share/video/7586050980253355295/,
2025-12-21 10:02:03-05:00,2025-12-21,10,like,Likes and Favorites.Like List.ItemFavoriteList,https://www.tiktokv.com/share/video/7586131778147077406/,
2025-12-21 10:01:44-05:00,2025-12-21,10,like,Likes and Favorites.Like List.ItemFavoriteList,https://www.tiktokv.com/share/video/7585383582881926455/,
2025-12-20 23:47:19-05:00,2025-12-20,23,like,Likes and Favorites.Like List.ItemFavoriteList,https://www.tiktokv.com/share/video/7585706108275215646/,
2025-12-20 22:48:00-05:00,2025-12-20,22,like,Likes and Favorites.Like List.ItemFavoriteList,https://www.tiktokv.com/share/video/7584600839990299959/,
2025-12-20 22:47:14-05:00,2025-12-20,22,like,Likes and Favorites.Like List.ItemFavoriteList,https://www.tiktokv.com/share/video/7584994593431768333/,
2025-12-20 21:50:22-05:00,2025-12-20,21,like,Likes and Favorites.Like List.ItemFavoriteList,https://www.tiktokv.com/share/video/7567516784341912839/,
2025-12-20 21:50:02-05:00,2025-12-20,21,like,Likes and Favorites.Like List.ItemFavoriteList,https://www.tiktokv.com/share/video/7585404599121513742/,
2025-12-20 21:43:37-05:00,2025-12-20,21,like,Likes and Favorites.Like List.ItemFavoriteList,https://www.tiktokv.com/share/video/7585546808533749023/,
2025-12-20 21:42:59-05:00,2025-12-20,21,like,Likes and Favorites.Like List.ItemFavoriteList,https://www.tiktokv.com/share/video/7585750833166339342/,
2025-12-20 12:08:24-05:00,2025-12-20,12,like,Likes and Favorites.Like List.ItemFavoriteList,https://www.tiktokv.com/share/video/7584543242889202975/,
2025-12-20 11:03:49-05:00,2025-12-20,11,like,Likes and Favorites.Like List.ItemFavoriteList,https://www.tiktokv.com/share/video/7577835528377224461/,
2025-12-20 11:02:51-05:00,2025-12-20,11,like,Likes and Favorites.Like List.ItemFavoriteList,https://www.tiktokv.com/share/video/7583429585593847054/,
2025-12-20 11:01:27-05:00,2025-12-20,11,like,Likes and Favorites.Like List.ItemFavoriteList,https://www.tiktokv.com/share/video/7583095356108377374/,
2025-12-20 10:34:30-05:00,2025-12-20,10,like,Likes and Favorites.Like List.ItemFavoriteList,https://www.tiktokv.com/share/video/7584926368022973751/,
2025-12-20 10:31:53-05:00,2025-12-20,10,like,Likes and Favorites.Like List.ItemFavoriteList,https://www.tiktokv.com/share/video/7584983333373742350/,
2025-12-20 10:29:36-05:00,2025-12-20,10,like,Likes and Favorites.Like List.ItemFavoriteList,https://www.tiktokv.com/share/video/7585800832013159694/,
2025-12-20 10:29:19-05:00,2025-12-20,10,like,Likes and Favorites.Like List.ItemFavoriteList,https://www.tiktokv.com/share/video/7585637620898614583/,
2025-12-20 10:25:40-05:00,2025-12-20,10,like,Likes and Favorites.Like List.ItemFavoriteList,https://www.tiktokv.com/share/video/7585294097036905759/,
2025-12-20 10:24:52-05:00,2025-12-20,10,like,Likes and Favorites.Like List.ItemFavoriteList,https://www.tiktokv.com/share/video/7585791374297976077/,
2025-12-20 10:24:15-05:00,2025-12-20,10,like,Likes and Favorites.Like List.ItemFavoriteList,https://www.tiktokv.com/share/video/7580421800962592055/,
2025-12-20 10:23:44-05:00,2025-12-20,10,like,Likes and Favorites.Like List.ItemFavoriteList,https://www.tiktokv.com/share/video/7585663384977296671/,
2025-12-20 10:22:43-05:00,2025-12-20,10,like,Likes and Favorites.Like List.ItemFavoriteList,https://www.tiktokv.com/share/video/7584226820711648567/,
2025-12-20 10:21:54-05:00,2025-12-20,10,like,Likes and Favorites.Like List.ItemFavoriteList,https://www.tiktokv.com/share/video/7562593891002617101/,
2025-12-20 10:20:50-05:00,2025-12-20,10,like,Likes and Favorites.Like List.ItemFavoriteList,https://www.tiktokv.com/share/video/7578348073600978196/,
2025-12-20 10:20:14-05:00,2025-12-20,10,like,Likes and Favorites.Like List.ItemFavoriteList,https://www.tiktokv.com/share/video/7582835622696537357/,
2025-12-20 10:19:16-05:00,2025-12-20,10,like,Likes and Favorites.Like List.ItemFavoriteList,https://www.tiktokv.com/share/video/7516005136091630890/,
2025-12-20 10:14:14-05:00,2025-12-20,10,like,Likes and Favorites.Like List.ItemFavoriteList,https://www.tiktokv.com/share/video/7585588705121848590/,
2025-12-20 10:13:55-05:00,2025-12-20,10,like,Likes and Favorites.Like List.ItemFavoriteList,https://www.tiktokv.com/share/video/7580831490548813111/,
2025-12-20 10:13:05-05:00,2025-12-20,10,like,Likes and Favorites.Like List.ItemFavoriteList,https://www.tiktokv.com/share/video/7565525447467896078/,
2025-12-20 10:12:35-05:00,2025-12-20,10,like,Likes and Favorites.Like List.ItemFavoriteList,https://www.tiktokv.com/share/video/7585617336200219917/,
2025-12-20 10:10:56-05:00,2025-12-20,10,like,Likes and Favorites.Like List.ItemFavoriteList,https://www.tiktokv.com/share/video/7585513883247430942/,
2025-12-20 10:10:20-05:00,2025-12-20,10,like,Likes and Favorites.Like List.ItemFavoriteList,https://www.tiktokv.com/share/video/7570450722198834435/,
2025-12-20 10:09:33-05:00,2025-12-20,10,like,Likes and Favorites.Like List.ItemFavoriteList,https://www.tiktokv.com/share/video/7585356979082693908/,
2025-12-20 10:07:26-05:00,2025-12-20,10,like,Likes and Favorites.Like List.ItemFavoriteList,https://www.tiktokv.com/share/video/7584198374073650462/,
2025-12-20 10:06:15-05:00,2025-12-20,10,like,Likes and Favorites.Like List.ItemFavoriteList,https://www.tiktokv.com/share/video/7585677604246654230/,
2025-12-20 10:05:39-05:00,2025-12-20,10,like,Likes and Favorites.Like List.ItemFavoriteList,https://www.tiktokv.com/share/video/7585418384309800223/,
2025-12-20 10:02:39-05:00,2025-12-20,10,like,Likes and Favorites.Like List.ItemFavoriteList,https://www.tiktokv.com/share/video/7584994951109414174/,
2025-12-20 10:02:22-05:00,2025-12-20,10,like,Likes and Favorites.Like List.ItemFavoriteList,https://www.tiktokv.com/share/video/7564558336364989716/,
2025-12-20 10:00:05-05:00,2025-12-20,10,like,Likes and Favorites.Like List.ItemFavoriteList,https://www.tiktokv.com/share/video/7585035779764686110/,
2025-12-20 09:59:34-05:00,2025-12-20,9,like,Likes and Favorites.Like List.ItemFavoriteList,https://www.tiktokv.com/share/video/7585525048681729302/,
2025-12-20 09:58:38-05:00,2025-12-20,9,like,Likes and Favorites.Like List.ItemFavoriteList,https://www.tiktokv.com/share/video/7585362025769913631/,
2025-12-20 09:57:12-05:00,2025-12-20,9,like,Likes and Favorites.Like List.ItemFavoriteList,https://www.tiktokv.com/share/video/7585440605514321165/,
2025-12-20 09:55:42-05:00,2025-12-20,9,like,Likes and Favorites.Like List.ItemFavoriteList,https://www.tiktokv.com/share/video/7583456411661667639/,
2025-12-20 01:47:34-05:00,2025-12-20,1,like,Likes and Favorites.Like List.ItemFavoriteList,https://www.tiktokv.com/share/video/7585673863032294686/,
2025-12-20 01:45:56-05:00,2025-12-20,1,like,Likes and Favorites.Like List.ItemFavoriteList,https://www.tiktokv.com/share/video/7582415209550056718/,
2025-12-20 01:44:48-05:00,2025-12-20,1,like,Likes and Favorites.Like List.ItemFavoriteList,https://www.tiktokv.com/share/video/7585367523621686541/,
2025-12-20 01:39:43-05:00,2025-12-20,1,like,Likes and Favorites.Like List.ItemFavoriteList,https://www.tiktokv.com/share/video/7584993005640158494/,
2025-12-20 01:38:41-05:00,2025-12-20,1,like,Likes and Favorites.Like List.ItemFavoriteList,https://www.tiktokv.com/share/video/7585585578985458966/,
2025-12-20 01:37:23-05:00,2025-12-20,1,like,Likes and Favorites.Like List.ItemFavoriteList,https://www.tiktokv.com/share/video/7585650473219198222/,
2025-12-20 01:35:43-05:00,2025-12-20,1,like,Likes and Favorites.Like List.ItemFavoriteList,https://www.tiktokv.com/share/video/7585314509976292663/,
2025-12-20 01:34:23-05:00,2025-12-20,1,like,Likes and Favorites.Like List.ItemFavoriteList,https://www.tiktokv.com/share/video/7585220109468175624/,
2025-12-19 23:30:45-05:00,2025-12-19,23,like,Likes and Favorites.Like List.ItemFavoriteList,https://www.tiktokv.com/share/video/7585442255104691486/,
2025-12-19 23:30:28-05:00,2025-12-19,23,like,Likes and Favorites.Like List.ItemFavoriteList,https://www.tiktokv.com/share/video/7569702239736974647/,
2025-12-19 22:05:50-05:00,2025-12-19,22,like,Likes and Favorites.Like List.ItemFavoriteList,https://www.tiktokv.com/share/video/7584852548541074719/,
2025-12-19 22:05:46-05:00,2025-12-19,22,like,Likes and Favorites.Like List.ItemFavoriteList,https://www.tiktokv.com/share/video/7583409313259982103/,
2025-12-19 22:05:00-05:00,2025-12-19,22,like,Likes and Favorites.Like List.ItemFavoriteList,https://www.tiktokv.com/share/video/7584586870256880951/,
2025-12-19 22:03:36-05:00,2025-12-19,22,like,Likes and Favorites.Like List.ItemFavoriteList,https://www.tiktokv.com/share/video/7585386884210167071/,
2025-12-19 22:03:02-05:00,2025-12-19,22,like,Likes and Favorites.Like List.ItemFavoriteList,https://www.tiktokv.com/share/video/7568678405894458655/,
2025-12-19 22:02:12-05:00,2025-12-19,22,like,Likes and Favorites.Like List.ItemFavoriteList,https://www.tiktokv.com/share/video/7585667501049056525/,
2025-12-19 16:08:56-05:00,2025-12-19,16,like,Likes and Favorites.Like List.ItemFavoriteList,https://www.tiktokv.com/share/video/7584134083739979022/,
2025-12-19 16:08:41-05:00,2025-12-19,16,like,Likes and Favorites.Like List.ItemFavoriteList,https://www.tiktokv.com/share/video/7585010100755090719/,
2025-12-19 16:07:56-05:00,2025-12-19,16,like,Likes and Favorites.Like List.ItemFavoriteList,https://www.tiktokv.com/share/video/7585056978347560206/,
2025-12-19 16:06:18-05:00,2025-12-19,16,like,Likes and Favorites.Like List.ItemFavoriteList,https://www.tiktokv.com/share/video/7574862278298832142/,
2025-12-19 16:05:30-05:00,2025-12-19,16,like,Likes and Favorites.Like List.ItemFavoriteList,https://www.tiktokv.com/share/video/7573053742413614358/,
2025-12-19 16:01:46-05:00,2025-12-19,16,like,Likes and Favorites.Like List.ItemFavoriteList,https://www.tiktokv.com/share/video/7579961038934740246/,
2025-12-19 16:00:55-05:00,2025-12-19,16,like,Likes and Favorites.Like List.ItemFavoriteList,https://www.tiktokv.com/share/video/7585437985261292831/,
2025-12-19 10:29:37-05:00,2025-12-19,10,like,Likes and Favorites.Like List.ItemFavoriteList,https://www.tiktokv.com/share/video/7585154765512805643/,
2025-12-19 10:26:56-05:00,2025-12-19,10,like,Likes and Favorites.Like List.ItemFavoriteList,https://www.tiktokv.com/share/video/7584575593908276535/,
2025-12-19 10:24:52-05:00,2025-12-19,10,like,Likes and Favorites.Like List.ItemFavoriteList,https://www.tiktokv.com/share/video/7584916245959527713/,
2025-12-19 10:24:17-05:00,2025-12-19,10,like,Likes and Favorites.Like List.ItemFavoriteList,https://www.tiktokv.com/share/video/7574713476141141270/,
2025-12-19 10:21:45-05:00,2025-12-19,10,like,Likes and Favorites.Like List.ItemFavoriteList,https://www.tiktokv.com/share/video/7582381178380897550/,
2025-12-19 10:21:32-05:00,2025-12-19,10,like,Likes and Favorites.Like List.ItemFavoriteList,https://www.tiktokv.com/share/video/7569264100505554207/,
2025-12-19 10:19:58-05:00,2025-12-19,10,like,Likes and Favorites.Like List.ItemFavoriteList,https://www.tiktokv.com/share/video/7572008216582819127/,
2025-12-19 01:03:06-05:00,2025-12-19,1,like,Likes and Favorites.Like List.ItemFavoriteList,https://www.tiktokv.com/share/video/7585377879647587639/,
2025-12-19 01:02:36-05:00,2025-12-19,1,like,Likes and Favorites.Like List.ItemFavoriteList,https://www.tiktokv.com/share/video/7584654426808519967/,
2025-12-19 01:01:54-05:00,2025-12-19,1,like,Likes and Favorites.Like List.ItemFavoriteList,https://www.tiktokv.com/share/video/7578809940559678734/,
2025-12-19 01:00:14-05:00,2025-12-19,1,like,Likes and Favorites.Like List.ItemFavoriteList,https://www.tiktokv.com/share/video/7580651337134722335/,
2025-12-19 00:22:57-05:00,2025-12-19,0,like,Likes and Favorites.Like List.ItemFavoriteList,https://www.tiktokv.com/share/video/7584554572119543062/,
2025-12-19 00:22:40-05:00,2025-12-19,0,like,Likes and Favorites.Like List.ItemFavoriteList,https://www.tiktokv.com/share/video/7583788885017120055/,
2025-12-18 18:14:52-05:00,2025-12-18,18,like,Likes and Favorites.Like List.ItemFavoriteList,https://www.tiktokv.com/share/video/7568606325966474509/,
2025-12-18 18:09:58-05:00,2025-12-18,18,like,Likes and Favorites.Like List.ItemFavoriteList,https://www.tiktokv.com/share/video/7578553497528913182/,
2025-12-18 18:09:24-05:00,2025-12-18,18,like,Likes and Favorites.Like List.ItemFavoriteList,https://www.tiktokv.com/share/video/7561047709541469454/,
2025-12-18 18:08:59-05:00,2025-12-18,18,like,Likes and Favorites.Like List.ItemFavoriteList,https://www.tiktokv.com/share/video/7569625944227351821/,
2025-12-18 18:08:53-05:00,2025-12-18,18,like,Likes and Favorites.Like List.ItemFavoriteList,https://www.tiktokv.com/share/video/7585334299746979086/,
2025-12-18 18:07:31-05:00,2025-12-18,18,like,Likes and Favorites.Like List.ItemFavoriteList,https://www.tiktokv.com/share/video/7584582869805272351/,
2025-12-18 18:06:18-05:00,2025-12-18,18,like,Likes and Favorites.Like List.ItemFavoriteList,https://www.tiktokv.com/share/video/7584528310240070942/,
2025-12-18 18:05:43-05:00,2025-12-18,18,like,Likes and Favorites.Like List.ItemFavoriteList,https://www.tiktokv.com/share/video/7584988485925276958/,
2025-12-18 18:05:27-05:00,2025-12-18,18,like,Likes and Favorites.Like List.ItemFavoriteList,https://www.tiktokv.com/share/video/7583391631915765006/,
2025-12-18 18:04:27-05:00,2025-12-18,18,like,Likes and Favorites.Like List.ItemFavoriteList,https://www.tiktokv.com/share/video/7582434777794383117/,
2025-12-18 18:00:00-05:00,2025-12-18,18,like,Likes and Favorites.Like List.ItemFavoriteList,https://www.tiktokv.com/share/video/7578950359410855190/,
2025-12-18 14:57:23-05:00,2025-12-18,14,like,Likes and Favorites.Like List.ItemFavoriteList,https://www.tiktokv.com/share/video/7584889462748892446/,
2025-12-18 14:55:17-05:00,2025-12-18,14,like,Likes and Favorites.Like List.ItemFavoriteList,https://www.tiktokv.com/share/video/7585285302676262174/,
2025-12-18 14:54:23-05:00,2025-12-18,14,like,Likes and Favorites.Like List.ItemFavoriteList,https://www.tiktokv.com/share/video/7583428481661324558/,
2025-12-18 14:53:38-05:00,2025-12-18,14,like,Likes and Favorites.Like List.ItemFavoriteList,https://www.tiktokv.com/share/video/7584423572312050975/,
2025-12-18 14:52:59-05:00,2025-12-18,14,like,Likes and Favorites.Like List.ItemFavoriteList,https://www.tiktokv.com/share/video/7584643630611074335/,
2025-12-18 14:52:37-05:00,2025-12-18,14,like,Likes and Favorites.Like List.ItemFavoriteList,https://www.tiktokv.com/share/video/7580214037896645906/,
2025-12-18 14:51:11-05:00,2025-12-18,14,like,Likes and Favorites.Like List.ItemFavoriteList,https://www.tiktokv.com/share/video/7564957927753190686/,
2025-12-18 14:50:08-05:00,2025-12-18,14,like,Likes and Favorites.Like List.ItemFavoriteList,https://www.tiktokv.com/share/video/7584981561355865374/,
2025-12-18 14:49:55-05:00,2025-12-18,14,like,Likes and Favorites.Like List.ItemFavoriteList,https://www.tiktokv.com/share/video/7584689267620711693/,
2025-12-18 14:47:09-05:00,2025-12-18,14,like,Likes and Favorites.Like List.ItemFavoriteList,https://www.tiktokv.com/share/video/7585273874120592653/,
2025-12-18 14:46:40-05:00,2025-12-18,14,like,Likes and Favorites.Like List.ItemFavoriteList,https://www.tiktokv.com/share/video/7584626202023857463/,
2025-12-18 14:46:11-05:00,2025-12-18,14,like,Likes and Favorites.Like List.ItemFavoriteList,https://www.tiktokv.com/share/video/7583610591575608607/,
2025-12-18 14:45:04-05:00,2025-12-18,14,like,Likes and Favorites.Like List.ItemFavoriteList,https://www.tiktokv.com/share/video/7585178250297543958/,
2025-12-18 14:43:59-05:00,2025-12-18,14,like,Likes and Favorites.Like List.ItemFavoriteList,https://www.tiktokv.com/share/video/7577790541534940471/,
2025-12-18 14:43:09-05:00,2025-12-18,14,like,Likes and Favorites.Like List.ItemFavoriteList,https://www.tiktokv.com/share/video/7584299553495502135/,
2025-12-18 12:31:22-05:00,2025-12-18,12,like,Likes and Favorites.Like List.ItemFavoriteList,https://www.tiktokv.com/share/video/7573480513344720183/,
2025-12-18 12:12:11-05:00,2025-12-18,12,like,Likes and Favorites.Like List.ItemFavoriteList,https://www.tiktokv.com/share/video/7584205660246641950/,
2025-12-18 12:10:53-05:00,2025-12-18,12,like,Likes and Favorites.Like List.ItemFavoriteList,https://www.tiktokv.com/share/video/7581131476704431390/,
2025-12-18 12:10:14-05:00,2025-12-18,12,like,Likes and Favorites.Like List.ItemFavoriteList,https://www.tiktokv.com/share/video/7567310803708169503/,
2025-12-18 12:09:35-05:00,2025-12-18,12,like,Likes and Favorites.Like List.ItemFavoriteList,https://www.tiktokv.com/share/video/7573385103397719327/,
2025-12-18 12:09:10-05:00,2025-12-18,12,like,Likes and Favorites.Like List.ItemFavoriteList,https://www.tiktokv.com/share/video/7585244825868422430/,
2025-12-18 12:08:40-05:00,2025-12-18,12,like,Likes and Favorites.Like List.ItemFavoriteList,https://www.tiktokv.com/share/video/7584960463289535757/,
2025-12-18 11:57:12-05:00,2025-12-18,11,like,Likes and Favorites.Like List.ItemFavoriteList,https://www.tiktokv.com/share/video/7567050469860707639/,
2025-12-18 11:56:30-05:00,2025-12-18,11,like,Likes and Favorites.Like List.ItemFavoriteList,https://www.tiktokv.com/share/video/7585190953430945079/,
2025-12-18 11:56:03-05:00,2025-12-18,11,like,Likes and Favorites.Like List.ItemFavoriteList,https://www.tiktokv.com/share/video/7581629468276493599/,
2025-12-18 11:53:02-05:00,2025-12-18,11,like,Likes and Favorites.Like List.ItemFavoriteList,https://www.tiktokv.com/share/video/7584982235082804535/,
2025-12-18 11:50:46-05:00,2025-12-18,11,like,Likes and Favorites.Like List.ItemFavoriteList,https://www.tiktokv.com/share/video/7584555429171186958/,
2025-12-18 11:50:22-05:00,2025-12-18,11,like,Likes and Favorites.Like List.ItemFavoriteList,https://www.tiktokv.com/share/video/7584106816632671519/,
2025-12-18 11:49:45-05:00,2025-12-18,11,like,Likes and Favorites.Like List.ItemFavoriteList,https://www.tiktokv.com/share/video/7584333483854548238/,
2025-12-18 04:34:13-05:00,2025-12-18,4,like,Likes and Favorites.Like List.ItemFavoriteList,https://www.tiktokv.com/share/video/7583471727871675662/,
2025-12-18 04:33:09-05:00,2025-12-18,4,like,Likes and Favorites.Like List.ItemFavoriteList,https://www.tiktokv.com/share/video/7584663425775570189/,
2025-12-18 04:24:11-05:00,2025-12-18,4,like,Likes and Favorites.Like List.ItemFavoriteList,https://www.tiktokv.com/share/video/7583846866366876958/,
2025-12-18 04:22:02-05:00,2025-12-18,4,like,Likes and Favorites.Like List.ItemFavoriteList,https://www.tiktokv.com/share/video/7584598569886256398/,
2025-12-18 04:21:41-05:00,2025-12-18,4,like,Likes and Favorites.Like List.ItemFavoriteList,https://www.tiktokv.com/share/video/7584081620236291336/,
2025-12-18 04:20:15-05:00,2025-12-18,4,like,Likes and Favorites.Like List.ItemFavoriteList,https://www.tiktokv.com/share/video/7563917818979175711/,
2025-12-18 04:19:04-05:00,2025-12-18,4,like,Likes and Favorites.Like List.ItemFavoriteList,https://www.tiktokv.com/share/video/7577341148440710413/,
2025-12-18 04:14:05-05:00,2025-12-18,4,like,Likes and Favorites.Like List.ItemFavoriteList,https://www.tiktokv.com/share/video/7584232060840168735/,
2025-12-18 04:12:35-05:00,2025-12-18,4,like,Likes and Favorites.Like List.ItemFavoriteList,https://www.tiktokv.com/share/video/7576141987137490206/,
2025-12-18 04:10:18-05:00,2025-12-18,4,like,Likes and Favorites.Like List.ItemFavoriteList,https://www.tiktokv.com/share/video/7584301367527771447/,
2025-12-18 04:07:48-05:00,2025-12-18,4,like,Likes and Favorites.Like List.ItemFavoriteList,https://www.tiktokv.com/share/video/7571198481847618829/,
2025-12-18 04:07:41-05:00,2025-12-18,4,like,Likes and Favorites.Like List.ItemFavoriteList,https://www.tiktokv.com/share/video/7584221972851150102/,
2025-12-18 04:05:54-05:00,2025-12-18,4,like,Likes and Favorites.Like List.ItemFavoriteList,https://www.tiktokv.com/share/video/7571648917775961358/,
2025-12-18 04:05:03-05:00,2025-12-18,4,like,Likes and Favorites.Like List.ItemFavoriteList,https://www.tiktokv.com/share/video/7583762540153343254/,
2025-12-18 04:04:14-05:00,2025-12-18,4,like,Likes and Favorites.Like List.ItemFavoriteList,https://www.tiktokv.com/share/video/7582292412823899414/,
2025-12-18 04:04:02-05:00,2025-12-18,4,like,Likes and Favorites.Like List.ItemFavoriteList,https://www.tiktokv.com/share/video/7584757608624557342/,
2025-12-18 04:03:08-05:00,2025-12-18,4,like,Likes and Favorites.Like List.ItemFavoriteList,https://www.tiktokv.com/share/video/7584893840616672567/,
2025-12-18 01:01:20-05:00,2025-12-18,1,like,Likes and Favorites.Like List.ItemFavoriteList,https://www.tiktokv.com/share/video/7583460316420312350/,
2025-12-18 00:58:58-05:00,2025-12-18,0,like,Likes and Favorites.Like List.ItemFavoriteList,https://www.tiktokv.com/share/video/7318476024893689121/,
2025-12-18 00:58:49-05:00,2025-12-18,0,like,Likes and Favorites.Like List.ItemFavoriteList,https://www.tiktokv.com/share/video/7585010184565591326/,
2025-12-18 00:57:34-05:00,2025-12-18,0,like,Likes and Favorites.Like List.ItemFavoriteList,https://www.tiktokv.com/share/video/7583796351297670455/,
2025-12-18 00:50:59-05:00,2025-12-18,0,like,Likes and Favorites.Like List.ItemFavoriteList,https://www.tiktokv.com/share/video/7583486347235560718/,
2025-12-18 00:49:55-05:00,2025-12-18,0,like,Likes and Favorites.Like List.ItemFavoriteList,https://www.tiktokv.com/share/video/7568650366590504247/,
2025-12-18 00:48:41-05:00,2025-12-18,0,like,Likes and Favorites.Like List.ItemFavoriteList,https://www.tiktokv.com/share/video/7584275932089748791/,
2025-12-18 00:47:22-05:00,2025-12-18,0,like,Likes and Favorites.Like List.ItemFavoriteList,https://www.tiktokv.com/share/video/7583133921974488375/,
2025-12-18 00:44:08-05:00,2025-12-18,0,like,Likes and Favorites.Like List.ItemFavoriteList,https://www.tiktokv.com/share/video/7584139401249230110/,
2025-12-18 00:42:43-05:00,2025-12-18,0,like,Likes and Favorites.Like List.ItemFavoriteList,https://www.tiktokv.com/share/video/7574287477926595854/,
2025-12-18 00:42:03-05:00,2025-12-18,0,like,Likes and Favorites.Like List.ItemFavoriteList,https://www.tiktokv.com/share/video/7579369294631423287/,
2025-12-18 00:40:46-05:00,2025-12-18,0,like,Likes and Favorites.Like List.ItemFavoriteList,https://www.tiktokv.com/share/video/7582690423559261451/,
2025-12-18 00:38:05-05:00,2025-12-18,0,like,Likes and Favorites.Like List.ItemFavoriteList,https://www.tiktokv.com/share/video/7584908029900983607/,
2025-12-18 00:37:31-05:00,2025-12-18,0,like,Likes and Favorites.Like List.ItemFavoriteList,https://www.tiktokv.com/share/video/7584813163040820510/,
2025-12-18 00:35:55-05:00,2025-12-18,0,like,Likes and Favorites.Like List.ItemFavoriteList,https://www.tiktokv.com/share/video/7563158827026238734/,
2025-12-18 00:35:24-05:00,2025-12-18,0,like,Likes and Favorites.Like List.ItemFavoriteList,https://www.tiktokv.com/share/video/7583200581754375479/,
2025-12-18 00:34:17-05:00,2025-12-18,0,like,Likes and Favorites.Like List.ItemFavoriteList,https://www.tiktokv.com/share/video/7584646058987359543/,
2025-12-18 00:31:52-05:00,2025-12-18,0,like,Likes and Favorites.Like List.ItemFavoriteList,https://www.tiktokv.com/share/video/7584159034425576734/,
2025-12-18 00:31:07-05:00,2025-12-18,0,like,Likes and Favorites.Like List.ItemFavoriteList,https://www.tiktokv.com/share/video/7574177413433806102/,
2025-12-18 00:30:57-05:00,2025-12-18,0,like,Likes and Favorites.Like List.ItemFavoriteList,https://www.tiktokv.com/share/video/7583329348082781443/,
2025-12-17 18:20:29-05:00,2025-12-17,18,like,Likes and Favorites.Like List.ItemFavoriteList,https://www.tiktokv.com/share/video/7584561721063394591/,
2025-12-17 18:14:29-05:00,2025-12-17,18,like,Likes and Favorites.Like List.ItemFavoriteList,https://www.tiktokv.com/share/video/7584877858372193567/,
2025-12-17 18:11:38-05:00,2025-12-17,18,like,Likes and Favorites.Like List.ItemFavoriteList,https://www.tiktokv.com/share/video/7572269775628356878/,
2025-12-17 04:25:32-05:00,2025-12-17,4,like,Likes and Favorites.Like List.ItemFavoriteList,https://www.tiktokv.com/share/video/7576054092578016525/,
2025-12-17 04:20:46-05:00,2025-12-17,4,like,Likes and Favorites.Like List.ItemFavoriteList,https://www.tiktokv.com/share/video/7584168235763780919/,
2025-12-17 04:19:55-05:00,2025-12-17,4,like,Likes and Favorites.Like List.ItemFavoriteList,https://www.tiktokv.com/share/video/7570451150567132429/,
2025-12-17 04:18:26-05:00,2025-12-17,4,like,Likes and Favorites.Like List.ItemFavoriteList,https://www.tiktokv.com/share/video/7584581171875564831/,
2025-12-17 04:15:59-05:00,2025-12-17,4,like,Likes and Favorites.Like List.ItemFavoriteList,https://www.tiktokv.com/share/video/7579111046053367095/,
2025-12-17 04:13:56-05:00,2025-12-17,4,like,Likes and Favorites.Like List.ItemFavoriteList,https://www.tiktokv.com/share/video/7584502870007942414/,
2025-12-17 04:13:05-05:00,2025-12-17,4,like,Likes and Favorites.Like List.ItemFavoriteList,https://www.tiktokv.com/share/video/7584313056302288142/,
2025-12-17 04:12:18-05:00,2025-12-17,4,like,Likes and Favorites.Like List.ItemFavoriteList,https://www.tiktokv.com/share/video/7581233296915451166/,
2025-12-17 04:09:30-05:00,2025-12-17,4,like,Likes and Favorites.Like List.ItemFavoriteList,https://www.tiktokv.com/share/video/7564163020763483414/,
2025-12-17 04:05:17-05:00,2025-12-17,4,like,Likes and Favorites.Like List.ItemFavoriteList,https://www.tiktokv.com/share/video/7583583353610243342/,
2025-12-17 04:03:55-05:00,2025-12-17,4,like,Likes and Favorites.Like List.ItemFavoriteList,https://www.tiktokv.com/share/video/7583804684452760845/,
2025-12-17 04:03:04-05:00,2025-12-17,4,like,Likes and Favorites.Like List.ItemFavoriteList,https://www.tiktokv.com/share/video/7584482897940188471/,
2025-12-17 03:56:20-05:00,2025-12-17,3,like,Likes and Favorites.Like List.ItemFavoriteList,https://www.tiktokv.com/share/video/7584541174363344158/,
2025-12-17 03:56:10-05:00,2025-12-17,3,like,Likes and Favorites.Like List.ItemFavoriteList,https://www.tiktokv.com/share/video/7583422095242120478/,
2025-12-17 01:30:57-05:00,2025-12-17,1,like,Likes and Favorites.Like List.ItemFavoriteList,https://www.tiktokv.com/share/video/7582814316898880798/,
2025-12-16 23:29:28-05:00,2025-12-16,23,like,Likes and Favorites.Like List.ItemFavoriteList,https://www.tiktokv.com/share/video/7584193284919037239/,
2025-12-16 23:23:56-05:00,2025-12-16,23,like,Likes and Favorites.Like List.ItemFavoriteList,https://www.tiktokv.com/share/video/7584268059054050573/,
2025-12-16 18:53:51-05:00,2025-12-16,18,like,Likes and Favorites.Like List.ItemFavoriteList,https://www.tiktokv.com/share/video/7583486226527833357/,
2025-12-16 18:53:18-05:00,2025-12-16,18,like,Likes and Favorites.Like List.ItemFavoriteList,https://www.tiktokv.com/share/video/7583469676231937310/,
2025-12-16 17:33:34-05:00,2025-12-16,17,like,Likes and Favorites.Like List.ItemFavoriteList,https://www.tiktokv.com/share/video/7584204267196615991/,
2025-12-16 17:30:31-05:00,2025-12-16,17,like,Likes and Favorites.Like List.ItemFavoriteList,https://www.tiktokv.com/share/video/7584117567447518478/,
2025-12-16 17:30:07-05:00,2025-12-16,17,like,Likes and Favorites.Like List.ItemFavoriteList,https://www.tiktokv.com/share/video/7583797346194967838/,
2025-12-16 14:33:26-05:00,2025-12-16,14,like,Likes and Favorites.Like List.ItemFavoriteList,https://www.tiktokv.com/share/video/7584256742842780958/,
2025-12-16 14:27:09-05:00,2025-12-16,14,like,Likes and Favorites.Like List.ItemFavoriteList,https://www.tiktokv.com/share/video/7580394747911703810/,
2025-12-16 14:26:51-05:00,2025-12-16,14,like,Likes and Favorites.Like List.ItemFavoriteList,https://www.tiktokv.com/share/video/7583404839938362637/,
2025-12-16 14:23:27-05:00,2025-12-16,14,like,Likes and Favorites.Like List.ItemFavoriteList,https://www.tiktokv.com/share/video/7575344259889417502/,
2025-12-16 14:22:35-05:00,2025-12-16,14,like,Likes and Favorites.Like List.ItemFavoriteList,https://www.tiktokv.com/share/video/7583785450687466765/,
2025-12-16 11:33:58-05:00,2025-12-16,11,like,Likes and Favorites.Like List.ItemFavoriteList,https://www.tiktokv.com/share/video/7575994828207492366/,
2025-12-16 05:00:05-05:00,2025-12-16,5,like,Likes and Favorites.Like List.ItemFavoriteList,https://www.tiktokv.com/share/video/7583497947707346189/,
2025-12-16 04:57:30-05:00,2025-12-16,4,like,Likes and Favorites.Like List.ItemFavoriteList,https://www.tiktokv.com/share/video/7583476844712774934/,
2025-12-16 04:57:22-05:00,2025-12-16,4,like,Likes and Favorites.Like List.ItemFavoriteList,https://www.tiktokv.com/share/video/7583103174005787934/,
2025-12-16 04:55:20-05:00,2025-12-16,4,like,Likes and Favorites.Like List.ItemFavoriteList,https://www.tiktokv.com/share/video/7208198630807751942/,
2025-12-16 04:52:12-05:00,2025-12-16,4,like,Likes and Favorites.Like List.ItemFavoriteList,https://www.tiktokv.com/share/video/7427505886836362501/,
2025-12-16 04:50:57-05:00,2025-12-16,4,like,Likes and Favorites.Like List.ItemFavoriteList,https://www.tiktokv.com/share/video/7213010142227451142/,
2025-12-16 04:50:41-05:00,2025-12-16,4,like,Likes and Favorites.Like List.ItemFavoriteList,https://www.tiktokv.com/share/video/7311480378743721222/,
2025-12-16 04:48:57-05:00,2025-12-16,4,like,Likes and Favorites.Like List.ItemFavoriteList,https://www.tiktokv.com/share/video/7546990807560097031/,
2025-12-16 04:48:08-05:00,2025-12-16,4,like,Likes and Favorites.Like List.ItemFavoriteList,https://www.tiktokv.com/share/video/7578510313532787980/,
2025-12-16 04:47:07-05:00,2025-12-16,4,like,Likes and Favorites.Like List.ItemFavoriteList,https://www.tiktokv.com/share/video/7583902180722101559/,
2025-12-16 04:46:45-05:00,2025-12-16,4,like,Likes and Favorites.Like List.ItemFavoriteList,https://www.tiktokv.com/share/video/7581649242914180365/,
2025-12-16 04:44:11-05:00,2025-12-16,4,like,Likes and Favorites.Like List.ItemFavoriteList,https://www.tiktokv.com/share/video/7580806259817876750/,
2025-12-16 04:42:14-05:00,2025-12-16,4,like,Likes and Favorites.Like List.ItemFavoriteList,https://www.tiktokv.com/share/video/7580845494868446494/,
2025-12-16 04:42:07-05:00,2025-12-16,4,like,Likes and Favorites.Like List.ItemFavoriteList,https://www.tiktokv.com/share/video/7583585713673735442/,
2025-12-16 04:40:50-05:00,2025-12-16,4,like,Likes and Favorites.Like List.ItemFavoriteList,https://www.tiktokv.com/share/video/7583117693537094943/,
2025-12-16 04:38:37-05:00,2025-12-16,4,like,Likes and Favorites.Like List.ItemFavoriteList,https://www.tiktokv.com/share/video/7575182174542941453/,
2025-12-16 04:37:42-05:00,2025-12-16,4,like,Likes and Favorites.Like List.ItemFavoriteList,https://www.tiktokv.com/share/video/7583897130754903326/,
2025-12-16 04:36:01-05:00,2025-12-16,4,like,Likes and Favorites.Like List.ItemFavoriteList,https://www.tiktokv.com/share/video/7579011295895096606/,
2025-12-16 04:32:00-05:00,2025-12-16,4,like,Likes and Favorites.Like List.ItemFavoriteList,https://www.tiktokv.com/share/video/7583743290353274142/,
2025-12-16 04:28:20-05:00,2025-12-16,4,like,Likes and Favorites.Like List.ItemFavoriteList,https://www.tiktokv.com/share/video/7584290791514770743/,
2025-12-16 04:28:10-05:00,2025-12-16,4,like,Likes and Favorites.Like List.ItemFavoriteList,https://www.tiktokv.com/share/video/7579314075251838239/,
2025-12-16 04:27:57-05:00,2025-12-16,4,like,Likes and Favorites.Like List.ItemFavoriteList,https://www.tiktokv.com/share/video/7583072943572274446/,
2025-12-16 04:27:25-05:00,2025-12-16,4,like,Likes and Favorites.Like List.ItemFavoriteList,https://www.tiktokv.com/share/video/7583409320616922382/,
2025-12-16 04:25:59-05:00,2025-12-16,4,like,Likes and Favorites.Like List.ItemFavoriteList,https://www.tiktokv.com/share/video/7583823903403887903/,
2025-12-15 20:00:39-05:00,2025-12-15,20,like,Likes and Favorites.Like List.ItemFavoriteList,https://www.tiktokv.com/share/video/7581212224170102047/,
2025-12-15 19:54:43-05:00,2025-12-15,19,like,Likes and Favorites.Like List.ItemFavoriteList,https://www.tiktokv.com/share/video/7569751684851731743/,
2025-12-15 19:51:10-05:00,2025-12-15,19,like,Likes and Favorites.Like List.ItemFavoriteList,https://www.tiktokv.com/share/video/7571125765635345677/,
2025-12-15 19:29:20-05:00,2025-12-15,19,like,Likes and Favorites.Like List.ItemFavoriteList,https://www.tiktokv.com/share/video/7583387313107963149/,
2025-12-15 19:28:45-05:00,2025-12-15,19,like,Likes and Favorites.Like List.ItemFavoriteList,https://www.tiktokv.com/share/video/7568366668741741855/,
2025-12-15 19:28:14-05:00,2025-12-15,19,like,Likes and Favorites.Like List.ItemFavoriteList,https://www.tiktokv.com/share/video/7568265747739266334/,
2025-12-15 19:26:00-05:00,2025-12-15,19,like,Likes and Favorites.Like List.ItemFavoriteList,https://www.tiktokv.com/share/video/7567950088773848351/,
2025-12-15 19:23:50-05:00,2025-12-15,19,like,Likes and Favorites.Like List.ItemFavoriteList,https://www.tiktokv.com/share/video/7581747632456961294/,
2025-12-15 19:22:03-05:00,2025-12-15,19,like,Likes and Favorites.Like List.ItemFavoriteList,https://www.tiktokv.com/share/video/7553029884164181271/,
2025-12-15 19:20:33-05:00,2025-12-15,19,like,Likes and Favorites.Like List.ItemFavoriteList,https://www.tiktokv.com/share/video/7584144226967915831/,
2025-12-15 19:14:38-05:00,2025-12-15,19,like,Likes and Favorites.Like List.ItemFavoriteList,https://www.tiktokv.com/share/video/7584169051409108237/,
2025-12-15 19:14:08-05:00,2025-12-15,19,like,Likes and Favorites.Like List.ItemFavoriteList,https://www.tiktokv.com/share/video/7574588393401634061/,
2025-12-15 19:13:38-05:00,2025-12-15,19,like,Likes and Favorites.Like List.ItemFavoriteList,https://www.tiktokv.com/share/video/7584148589308382495/,
2025-12-15 19:13:21-05:00,2025-12-15,19,like,Likes and Favorites.Like List.ItemFavoriteList,https://www.tiktokv.com/share/video/7583741118139976990/,
2025-12-15 19:12:44-05:00,2025-12-15,19,like,Likes and Favorites.Like List.ItemFavoriteList,https://www.tiktokv.com/share/video/7574178245952687390/,
2025-12-15 19:11:23-05:00,2025-12-15,19,like,Likes and Favorites.Like List.ItemFavoriteList,https://www.tiktokv.com/share/video/7568623659699522871/,
2025-12-15 19:10:49-05:00,2025-12-15,19,like,Likes and Favorites.Like List.ItemFavoriteList,https://www.tiktokv.com/share/video/7579037832942079245/,
2025-12-15 19:09:19-05:00,2025-12-15,19,like,Likes and Favorites.Like List.ItemFavoriteList,https://www.tiktokv.com/share/video/7575847611324861719/,
2025-12-15 19:08:48-05:00,2025-12-15,19,like,Likes and Favorites.Like List.ItemFavoriteList,https://www.tiktokv.com/share/video/7581349916946074911/,
2025-12-15 19:07:27-05:00,2025-12-15,19,like,Likes and Favorites.Like List.ItemFavoriteList,https://www.tiktokv.com/share/video/7577066108008844575/,
2025-12-15 19:05:30-05:00,2025-12-15,19,like,Likes and Favorites.Like List.ItemFavoriteList,https://www.tiktokv.com/share/video/7581231198970711327/,
2025-12-15 19:01:50-05:00,2025-12-15,19,like,Likes and Favorites.Like List.ItemFavoriteList,https://www.tiktokv.com/share/video/7582664797322300685/,
2025-12-15 19:00:00-05:00,2025-12-15,19,like,Likes and Favorites.Like List.ItemFavoriteList,https://www.tiktokv.com/share/video/7565296138295774478/,
2025-12-15 18:59:26-05:00,2025-12-15,18,like,Likes and Favorites.Like List.ItemFavoriteList,https://www.tiktokv.com/share/video/7583610944211733815/,
2025-12-15 18:58:49-05:00,2025-12-15,18,like,Likes and Favorites.Like List.ItemFavoriteList,https://www.tiktokv.com/share/video/7556795466139159830/,
2025-12-15 18:55:51-05:00,2025-12-15,18,like,Likes and Favorites.Like List.ItemFavoriteList,https://www.tiktokv.com/share/video/7482315680919014702/,
2025-12-15 18:55:41-05:00,2025-12-15,18,like,Likes and Favorites.Like List.ItemFavoriteList,https://www.tiktokv.com/share/video/7561231493113056567/,
2025-12-15 18:54:21-05:00,2025-12-15,18,like,Likes and Favorites.Like List.ItemFavoriteList,https://www.tiktokv.com/share/video/7565944255424761110/,
2025-12-15 18:53:19-05:00,2025-12-15,18,like,Likes and Favorites.Like List.ItemFavoriteList,https://www.tiktokv.com/share/video/7580792564840746271/,
2025-12-15 18:52:31-05:00,2025-12-15,18,like,Likes and Favorites.Like List.ItemFavoriteList,https://www.tiktokv.com/share/video/7572402219635543351/,
2025-12-15 18:48:57-05:00,2025-12-15,18,like,Likes and Favorites.Like List.ItemFavoriteList,https://www.tiktokv.com/share/video/7513292820975832342/,
2025-12-15 18:47:11-05:00,2025-12-15,18,like,Likes and Favorites.Like List.ItemFavoriteList,https://www.tiktokv.com/share/video/7583824441684004127/,
2025-12-15 18:46:52-05:00,2025-12-15,18,like,Likes and Favorites.Like List.ItemFavoriteList,https://www.tiktokv.com/share/video/7576066911201545503/,
2025-12-15 18:06:52-05:00,2025-12-15,18,like,Likes and Favorites.Like List.ItemFavoriteList,https://www.tiktokv.com/share/video/7584075935431806263/,
2025-12-15 18:04:34-05:00,2025-12-15,18,like,Likes and Favorites.Like List.ItemFavoriteList,https://www.tiktokv.com/share/video/7564247251976064269/,
2025-12-15 18:02:56-05:00,2025-12-15,18,like,Likes and Favorites.Like List.ItemFavoriteList,https://www.tiktokv.com/share/video/7576676116052659486/,
2025-12-15 18:02:19-05:00,2025-12-15,18,like,Likes and Favorites.Like List.ItemFavoriteList,https://www.tiktokv.com/share/video/7574148955517357342/,
2025-12-15 18:00:58-05:00,2025-12-15,18,like,Likes and Favorites.Like List.ItemFavoriteList,https://www.tiktokv.com/share/video/7582491533920816414/,
2025-12-15 17:59:15-05:00,2025-12-15,17,like,Likes and Favorites.Like List.ItemFavoriteList,https://www.tiktokv.com/share/video/7513237399376383240/,
2025-12-15 17:59:02-05:00,2025-12-15,17,like,Likes and Favorites.Like List.ItemFavoriteList,https://www.tiktokv.com/share/video/7573449017712069918/,
2025-12-15 17:58:11-05:00,2025-12-15,17,like,Likes and Favorites.Like List.ItemFavoriteList,https://www.tiktokv.com/share/video/7583864148929301782/,
2025-12-15 17:58:00-05:00,2025-12-15,17,like,Likes and Favorites.Like List.ItemFavoriteList,https://www.tiktokv.com/share/video/7575090978239843605/,
2025-12-15 17:57:32-05:00,2025-12-15,17,like,Likes and Favorites.Like List.ItemFavoriteList,https://www.tiktokv.com/share/video/7564258262284029205/,
2025-12-15 17:56:03-05:00,2025-12-15,17,like,Likes and Favorites.Like List.ItemFavoriteList,https://www.tiktokv.com/share/video/7564840925072035086/,
2025-12-15 17:55:18-05:00,2025-12-15,17,like,Likes and Favorites.Like List.ItemFavoriteList,https://www.tiktokv.com/share/video/7582998501127130398/,
2025-12-15 17:54:12-05:00,2025-12-15,17,like,Likes and Favorites.Like List.ItemFavoriteList,https://www.tiktokv.com/share/video/7580450620734246158/,
2025-12-15 17:51:34-05:00,2025-12-15,17,like,Likes and Favorites.Like List.ItemFavoriteList,https://www.tiktokv.com/share/video/7564629821943303455/,
2025-12-15 17:49:16-05:00,2025-12-15,17,like,Likes and Favorites.Like List.ItemFavoriteList,https://www.tiktokv.com/share/video/7579689943115615502/,
2025-12-15 17:48:12-05:00,2025-12-15,17,like,Likes and Favorites.Like List.ItemFavoriteList,https://www.tiktokv.com/share/video/7583902484310068510/,
2025-12-15 17:47:35-05:00,2025-12-15,17,like,Likes and Favorites.Like List.ItemFavoriteList,https://www.tiktokv.com/share/video/7566623913497595158/,
2025-12-15 17:46:40-05:00,2025-12-15,17,like,Likes and Favorites.Like List.ItemFavoriteList,https://www.tiktokv.com/share/video/7561938005301234966/,
2025-12-15 17:46:28-05:00,2025-12-15,17,like,Likes and Favorites.Like List.ItemFavoriteList,https://www.tiktokv.com/share/video/7582387081842789654/,
2025-12-15 17:44:35-05:00,2025-12-15,17,like,Likes and Favorites.Like List.ItemFavoriteList,https://www.tiktokv.com/share/video/7575589578317384982/,
2025-12-15 17:43:21-05:00,2025-12-15,17,like,Likes and Favorites.Like List.ItemFavoriteList,https://www.tiktokv.com/share/video/7569268787095309581/,
2025-12-15 17:42:06-05:00,2025-12-15,17,like,Likes and Favorites.Like List.ItemFavoriteList,https://www.tiktokv.com/share/video/7574540857223777550/,
2025-12-15 17:40:37-05:00,2025-12-15,17,like,Likes and Favorites.Like List.ItemFavoriteList,https://www.tiktokv.com/share/video/7577874709073628438/,
2025-12-15 17:39:14-05:00,2025-12-15,17,like,Likes and Favorites.Like List.ItemFavoriteList,https://www.tiktokv.com/share/video/7563922112268848402/,
2025-12-15 17:38:40-05:00,2025-12-15,17,like,Likes and Favorites.Like List.ItemFavoriteList,https://www.tiktokv.com/share/video/7583742635966270751/,
2025-12-15 17:37:46-05:00,2025-12-15,17,like,Likes and Favorites.Like List.ItemFavoriteList,https://www.tiktokv.com/share/video/7583837155709979935/,
2025-12-15 17:36:08-05:00,2025-12-15,17,like,Likes and Favorites.Like List.ItemFavoriteList,https://www.tiktokv.com/share/video/7578914098063199518/,
2025-12-15 17:35:28-05:00,2025-12-15,17,like,Likes and Favorites.Like List.ItemFavoriteList,https://www.tiktokv.com/share/video/7582403727793933623/,
2025-12-15 17:34:05-05:00,2025-12-15,17,like,Likes and Favorites.Like List.ItemFavoriteList,https://www.tiktokv.com/share/video/7582726048853380366/,
2025-12-15 17:33:45-05:00,2025-12-15,17,like,Likes and Favorites.Like List.ItemFavoriteList,https://www.tiktokv.com/share/video/7584126133151518007/,
2025-12-15 17:32:20-05:00,2025-12-15,17,like,Likes and Favorites.Like List.ItemFavoriteList,https://www.tiktokv.com/share/video/7583018237378481463/,
2025-12-15 15:24:42-05:00,2025-12-15,15,like,Likes and Favorites.Like List.ItemFavoriteList,https://www.tiktokv.com/share/video/7584148660418645278/,
2025-12-15 15:23:19-05:00,2025-12-15,15,like,Likes and Favorites.Like List.ItemFavoriteList,https://www.tiktokv.com/share/video/7581986367844928782/,
2025-12-15 15:22:14-05:00,2025-12-15,15,like,Likes and Favorites.Like List.ItemFavoriteList,https://www.tiktokv.com/share/video/7582758853142531358/,
2025-12-15 15:20:58-05:00,2025-12-15,15,like,Likes and Favorites.Like List.ItemFavoriteList,https://www.tiktokv.com/share/video/7581823302310661406/,
2025-12-15 15:18:54-05:00,2025-12-15,15,like,Likes and Favorites.Like List.ItemFavoriteList,https://www.tiktokv.com/share/video/7583902650442206519/,
2025-12-15 15:16:19-05:00,2025-12-15,15,like,Likes and Favorites.Like List.ItemFavoriteList,https://www.tiktokv.com/share/video/7582428642144226615/,
2025-12-15 15:14:26-05:00,2025-12-15,15,like,Likes and Favorites.Like List.ItemFavoriteList,https://www.tiktokv.com/share/video/7580139775118576927/,
2025-12-15 15:09:14-05:00,2025-12-15,15,like,Likes and Favorites.Like List.ItemFavoriteList,https://www.tiktokv.com/share/video/7582391147784326413/,
2025-12-15 15:08:45-05:00,2025-12-15,15,like,Likes and Favorites.Like List.ItemFavoriteList,https://www.tiktokv.com/share/video/7572264820427328782/,
2025-12-15 15:08:08-05:00,2025-12-15,15,like,Likes and Favorites.Like List.ItemFavoriteList,https://www.tiktokv.com/share/video/7577031360544558356/,
2025-12-15 15:08:01-05:00,2025-12-15,15,like,Likes and Favorites.Like List.ItemFavoriteList,https://www.tiktokv.com/share/video/7579778381705743630/,
2025-12-15 15:05:40-05:00,2025-12-15,15,like,Likes and Favorites.Like List.ItemFavoriteList,https://www.tiktokv.com/share/video/7582269182385917239/,
2025-12-15 15:00:53-05:00,2025-12-15,15,like,Likes and Favorites.Like List.ItemFavoriteList,https://www.tiktokv.com/share/video/7566284289298435359/,
2025-12-15 15:00:43-05:00,2025-12-15,15,like,Likes and Favorites.Like List.ItemFavoriteList,https://www.tiktokv.com/share/video/7578656019786632503/,
2025-12-15 14:59:31-05:00,2025-12-15,14,like,Likes and Favorites.Like List.ItemFavoriteList,https://www.tiktokv.com/share/video/7581663202971356471/,
2025-12-15 14:56:07-05:00,2025-12-15,14,like,Likes and Favorites.Like List.ItemFavoriteList,https://www.tiktokv.com/share/video/7581896813867781390/,
2025-12-15 14:55:49-05:00,2025-12-15,14,like,Likes and Favorites.Like List.ItemFavoriteList,https://www.tiktokv.com/share/video/7568970236175731999/,
2025-12-15 14:54:39-05:00,2025-12-15,14,like,Likes and Favorites.Like List.ItemFavoriteList,https://www.tiktokv.com/share/video/7572119253743291670/,
2025-12-15 14:54:30-05:00,2025-12-15,14,like,Likes and Favorites.Like List.ItemFavoriteList,https://www.tiktokv.com/share/video/7583367977320434966/,
2025-12-15 14:53:31-05:00,2025-12-15,14,like,Likes and Favorites.Like List.ItemFavoriteList,https://www.tiktokv.com/share/video/7572742395834486030/,
2025-12-15 13:38:05-05:00,2025-12-15,13,like,Likes and Favorites.Like List.ItemFavoriteList,https://www.tiktokv.com/share/video/7583434541222612238/,
2025-12-15 13:33:43-05:00,2025-12-15,13,like,Likes and Favorites.Like List.ItemFavoriteList,https://www.tiktokv.com/share/video/7573848468750372126/,
2025-12-15 13:33:05-05:00,2025-12-15,13,like,Likes and Favorites.Like List.ItemFavoriteList,https://www.tiktokv.com/share/video/7566743310715424013/,
2025-12-15 13:24:52-05:00,2025-12-15,13,like,Likes and Favorites.Like List.ItemFavoriteList,https://www.tiktokv.com/share/video/7583142347433594142/,
2025-12-15 13:23:37-05:00,2025-12-15,13,like,Likes and Favorites.Like List.ItemFavoriteList,https://www.tiktokv.com/share/video/7581887167610277133/,
2025-12-15 13:21:31-05:00,2025-12-15,13,like,Likes and Favorites.Like List.ItemFavoriteList,https://www.tiktokv.com/share/video/7564150445447433494/,
2025-12-15 13:21:09-05:00,2025-12-15,13,like,Likes and Favorites.Like List.ItemFavoriteList,https://www.tiktokv.com/share/video/7575587687478922509/,
2025-12-15 13:19:49-05:00,2025-12-15,13,like,Likes and Favorites.Like List.ItemFavoriteList,https://www.tiktokv.com/share/video/7582574674895260983/,
2025-12-15 13:16:52-05:00,2025-12-15,13,like,Likes and Favorites.Like List.ItemFavoriteList,https://www.tiktokv.com/share/video/7576391909569039647/,
2025-12-15 13:16:12-05:00,2025-12-15,13,like,Likes and Favorites.Like List.ItemFavoriteList,https://www.tiktokv.com/share/video/7566206007790079263/,
2025-12-15 13:14:36-05:00,2025-12-15,13,like,Likes and Favorites.Like List.ItemFavoriteList,https://www.tiktokv.com/share/video/7583518983509282078/,
2025-12-15 13:11:19-05:00,2025-12-15,13,like,Likes and Favorites.Like List.ItemFavoriteList,https://www.tiktokv.com/share/video/7580893961355660574/,
2025-12-15 13:10:59-05:00,2025-12-15,13,like,Likes and Favorites.Like List.ItemFavoriteList,https://www.tiktokv.com/share/video/7578205760354635039/,
2025-12-15 13:07:20-05:00,2025-12-15,13,like,Likes and Favorites.Like List.ItemFavoriteList,https://www.tiktokv.com/share/video/7583048006128110862/,
2025-12-15 13:03:17-05:00,2025-12-15,13,like,Likes and Favorites.Like List.ItemFavoriteList,https://www.tiktokv.com/share/video/7573074843545980190/,
2025-12-15 13:01:23-05:00,2025-12-15,13,like,Likes and Favorites.Like List.ItemFavoriteList,https://www.tiktokv.com/share/video/7583390748763065655/,
2025-12-15 13:00:01-05:00,2025-12-15,13,like,Likes and Favorites.Like List.ItemFavoriteList,https://www.tiktokv.com/share/video/7569766463335173389/,
2025-12-15 12:57:43-05:00,2025-12-15,12,like,Likes and Favorites.Like List.ItemFavoriteList,https://www.tiktokv.com/share/video/7582615369530084638/,
2025-12-15 12:55:09-05:00,2025-12-15,12,like,Likes and Favorites.Like List.ItemFavoriteList,https://www.tiktokv.com/share/video/7571240481158401310/,
2025-12-15 12:54:21-05:00,2025-12-15,12,like,Likes and Favorites.Like List.ItemFavoriteList,https://www.tiktokv.com/share/video/7583179616303598878/,
2025-12-15 12:53:09-05:00,2025-12-15,12,like,Likes and Favorites.Like List.ItemFavoriteList,https://www.tiktokv.com/share/video/7575241069516967198/,
2025-12-15 12:51:08-05:00,2025-12-15,12,like,Likes and Favorites.Like List.ItemFavoriteList,https://www.tiktokv.com/share/video/7583733893405101367/,
2025-12-15 12:50:22-05:00,2025-12-15,12,like,Likes and Favorites.Like List.ItemFavoriteList,https://www.tiktokv.com/share/video/7583873809510370615/,
2025-12-15 12:47:02-05:00,2025-12-15,12,like,Likes and Favorites.Like List.ItemFavoriteList,https://www.tiktokv.com/share/video/7583883768780426510/,
2025-12-15 12:45:52-05:00,2025-12-15,12,like,Likes and Favorites.Like List.ItemFavoriteList,https://www.tiktokv.com/share/video/7580099481887132942/,
2025-12-15 12:44:22-05:00,2025-12-15,12,like,Likes and Favorites.Like List.ItemFavoriteList,https://www.tiktokv.com/share/video/7584125536578833694/,
2025-12-15 12:43:06-05:00,2025-12-15,12,like,Likes and Favorites.Like List.ItemFavoriteList,https://www.tiktokv.com/share/video/7583888478887365902/,
2025-12-15 12:42:37-05:00,2025-12-15,12,like,Likes and Favorites.Like List.ItemFavoriteList,https://www.tiktokv.com/share/video/7583131428150316318/,
2025-12-15 12:41:21-05:00,2025-12-15,12,like,Likes and Favorites.Like List.ItemFavoriteList,https://www.tiktokv.com/share/video/7582717417307000095/,
2025-12-15 12:40:14-05:00,2025-12-15,12,like,Likes and Favorites.Like List.ItemFavoriteList,https://www.tiktokv.com/share/video/7583967891515542815/,
2025-12-15 12:39:08-05:00,2025-12-15,12,like,Likes and Favorites.Like List.ItemFavoriteList,https://www.tiktokv.com/share/video/7583716158130392333/,
2025-12-15 12:38:53-05:00,2025-12-15,12,like,Likes and Favorites.Like List.ItemFavoriteList,https://www.tiktokv.com/share/video/7544918905987370271/,
2025-12-15 12:32:45-05:00,2025-12-15,12,like,Likes and Favorites.Like List.ItemFavoriteList,https://www.tiktokv.com/share/video/7583791569367485727/,
2025-12-14 19:39:25-05:00,2025-12-14,19,like,Likes and Favorites.Like List.ItemFavoriteList,https://www.tiktokv.com/share/video/7582953748738182455/,
2025-12-14 19:38:21-05:00,2025-12-14,19,like,Likes and Favorites.Like List.ItemFavoriteList,https://www.tiktokv.com/share/video/7583670843713146142/,
2025-12-14 19:37:51-05:00,2025-12-14,19,like,Likes and Favorites.Like List.ItemFavoriteList,https://www.tiktokv.com/share/video/7583576415233264910/,
2025-12-14 19:36:57-05:00,2025-12-14,19,like,Likes and Favorites.Like List.ItemFavoriteList,https://www.tiktokv.com/share/video/7583702284798790925/,
2025-12-14 19:36:13-05:00,2025-12-14,19,like,Likes and Favorites.Like List.ItemFavoriteList,https://www.tiktokv.com/share/video/7583469108054773022/,
2025-12-14 11:16:18-05:00,2025-12-14,11,like,Likes and Favorites.Like List.ItemFavoriteList,https://www.tiktokv.com/share/video/7578244489551154487/,
2025-12-14 04:35:07-05:00,2025-12-14,4,like,Likes and Favorites.Like List.ItemFavoriteList,https://www.tiktokv.com/share/video/7580126721303760141/,
2025-12-14 04:34:01-05:00,2025-12-14,4,like,Likes and Favorites.Like List.ItemFavoriteList,https://www.tiktokv.com/share/video/7583437257088961812/,
2025-12-14 04:33:13-05:00,2025-12-14,4,like,Likes and Favorites.Like List.ItemFavoriteList,https://www.tiktokv.com/share/video/7568328281703959822/,
2025-12-14 04:32:05-05:00,2025-12-14,4,like,Likes and Favorites.Like List.ItemFavoriteList,https://www.tiktokv.com/share/video/7564968313613307166/,
2025-12-14 04:27:48-05:00,2025-12-14,4,like,Likes and Favorites.Like List.ItemFavoriteList,https://www.tiktokv.com/share/video/7567220310462778637/,
2025-12-14 04:26:41-05:00,2025-12-14,4,like,Likes and Favorites.Like List.ItemFavoriteList,https://www.tiktokv.com/share/video/7576384072302267679/,
2025-12-14 04:24:14-05:00,2025-12-14,4,like,Likes and Favorites.Like List.ItemFavoriteList,https://www.tiktokv.com/share/video/7576936246329527565/,
2025-12-14 04:21:51-05:00,2025-12-14,4,like,Likes and Favorites.Like List.ItemFavoriteList,https://www.tiktokv.com/share/video/7583477001340685599/,
2025-12-14 04:21:36-05:00,2025-12-14,4,like,Likes and Favorites.Like List.ItemFavoriteList,https://www.tiktokv.com/share/video/7583546575578828063/,
2025-12-14 04:20:13-05:00,2025-12-14,4,like,Likes and Favorites.Like List.ItemFavoriteList,https://www.tiktokv.com/share/video/7574902628509879583/,
2025-12-14 04:18:26-05:00,2025-12-14,4,like,Likes and Favorites.Like List.ItemFavoriteList,https://www.tiktokv.com/share/video/7580607543102229774/,
2025-12-14 04:17:08-05:00,2025-12-14,4,like,Likes and Favorites.Like List.ItemFavoriteList,https://www.tiktokv.com/share/video/7583053891512634679/,
2025-12-14 00:55:49-05:00,2025-12-14,0,like,Likes and Favorites.Like List.ItemFavoriteList,https://www.tiktokv.com/share/video/7576062005820263735/,
2025-12-14 00:54:21-05:00,2025-12-14,0,like,Likes and Favorites.Like List.ItemFavoriteList,https://www.tiktokv.com/share/video/7583417638085283102/,
2025-12-13 22:06:58-05:00,2025-12-13,22,like,Likes and Favorites.Like List.ItemFavoriteList,https://www.tiktokv.com/share/video/7576353809207741709/,
2025-12-13 22:06:45-05:00,2025-12-13,22,like,Likes and Favorites.Like List.ItemFavoriteList,https://www.tiktokv.com/share/video/7582628966104632587/,
2025-12-13 22:06:20-05:00,2025-12-13,22,like,Likes and Favorites.Like List.ItemFavoriteList,https://www.tiktokv.com/share/video/7583163927614262542/,
2025-12-13 22:05:41-05:00,2025-12-13,22,like,Likes and Favorites.Like List.ItemFavoriteList,https://www.tiktokv.com/share/video/7578347858500308238/,
2025-12-13 22:03:28-05:00,2025-12-13,22,like,Likes and Favorites.Like List.ItemFavoriteList,https://www.tiktokv.com/share/video/7573359591149309206/,
2025-12-13 22:02:47-05:00,2025-12-13,22,like,Likes and Favorites.Like List.ItemFavoriteList,https://www.tiktokv.com/share/video/7570408892174191885/,
2025-12-13 22:00:33-05:00,2025-12-13,22,like,Likes and Favorites.Like List.ItemFavoriteList,https://www.tiktokv.com/share/video/7583173143892741407/,
2025-12-13 21:58:52-05:00,2025-12-13,21,like,Likes and Favorites.Like List.ItemFavoriteList,https://www.tiktokv.com/share/video/7576711712779373838/,
2025-12-13 21:57:07-05:00,2025-12-13,21,like,Likes and Favorites.Like List.ItemFavoriteList,https://www.tiktokv.com/share/video/7575295411439570206/,
2025-12-13 21:56:07-05:00,2025-12-13,21,like,Likes and Favorites.Like List.ItemFavoriteList,https://www.tiktokv.com/share/video/7583445821094382861/,
2025-12-13 21:51:05-05:00,2025-12-13,21,like,Likes and Favorites.Like List.ItemFavoriteList,https://www.tiktokv.com/share/video/7570224273583869198/,
2025-12-13 21:45:02-05:00,2025-12-13,21,like,Likes and Favorites.Like List.ItemFavoriteList,https://www.tiktokv.com/share/video/7569977501292825870/,
2025-12-13 21:40:50-05:00,2025-12-13,21,like,Likes and Favorites.Like List.ItemFavoriteList,https://www.tiktokv.com/share/video/7574202955688119607/,
2025-12-13 21:40:07-05:00,2025-12-13,21,like,Likes and Favorites.Like List.ItemFavoriteList,https://www.tiktokv.com/share/video/7580878793552776479/,
2025-12-13 21:39:59-05:00,2025-12-13,21,like,Likes and Favorites.Like List.ItemFavoriteList,https://www.tiktokv.com/share/video/7576974399799102775/,
2025-12-13 21:39:31-05:00,2025-12-13,21,like,Likes and Favorites.Like List.ItemFavoriteList,https://www.tiktokv.com/share/video/7583517495731014943/,
2025-12-13 21:38:45-05:00,2025-12-13,21,like,Likes and Favorites.Like List.ItemFavoriteList,https://www.tiktokv.com/share/video/7577591204783656206/,
2025-12-13 21:36:03-05:00,2025-12-13,21,like,Likes and Favorites.Like List.ItemFavoriteList,https://www.tiktokv.com/share/video/7582752156537589006/,
2025-12-13 21:33:13-05:00,2025-12-13,21,like,Likes and Favorites.Like List.ItemFavoriteList,https://www.tiktokv.com/share/video/7573024206460423479/,
2025-12-13 21:32:31-05:00,2025-12-13,21,like,Likes and Favorites.Like List.ItemFavoriteList,https://www.tiktokv.com/share/video/7580930192772812054/,
2025-12-13 21:32:01-05:00,2025-12-13,21,like,Likes and Favorites.Like List.ItemFavoriteList,https://www.tiktokv.com/share/video/7565550428490829086/,
2025-12-13 21:29:30-05:00,2025-12-13,21,like,Likes and Favorites.Like List.ItemFavoriteList,https://www.tiktokv.com/share/video/7577880016357215501/,
2025-12-13 21:28:29-05:00,2025-12-13,21,like,Likes and Favorites.Like List.ItemFavoriteList,https://www.tiktokv.com/share/video/7581501080698195230/,
2025-12-13 21:28:22-05:00,2025-12-13,21,like,Likes and Favorites.Like List.ItemFavoriteList,https://www.tiktokv.com/share/video/7578661771506912542/,
2025-12-13 21:28:06-05:00,2025-12-13,21,like,Likes and Favorites.Like List.ItemFavoriteList,https://www.tiktokv.com/share/video/7574955592255573262/,
2025-12-13 21:27:35-05:00,2025-12-13,21,like,Likes and Favorites.Like List.ItemFavoriteList,https://www.tiktokv.com/share/video/7566849454599441719/,
2025-12-13 21:25:47-05:00,2025-12-13,21,like,Likes and Favorites.Like List.ItemFavoriteList,https://www.tiktokv.com/share/video/7563655762719952146/,
2025-12-13 21:24:31-05:00,2025-12-13,21,like,Likes and Favorites.Like List.ItemFavoriteList,https://www.tiktokv.com/share/video/7582777633440648478/,
2025-12-13 21:23:02-05:00,2025-12-13,21,like,Likes and Favorites.Like List.ItemFavoriteList,https://www.tiktokv.com/share/video/7582753949644524831/,
2025-12-13 21:18:30-05:00,2025-12-13,21,like,Likes and Favorites.Like List.ItemFavoriteList,https://www.tiktokv.com/share/video/7583150468189146399/,
2025-12-13 21:17:36-05:00,2025-12-13,21,like,Likes and Favorites.Like List.ItemFavoriteList,https://www.tiktokv.com/share/video/7583427782592482591/,
2025-12-13 21:15:47-05:00,2025-12-13,21,like,Likes and Favorites.Like List.ItemFavoriteList,https://www.tiktokv.com/share/video/7582809640874839309/,
2025-12-13 21:15:17-05:00,2025-12-13,21,like,Likes and Favorites.Like List.ItemFavoriteList,https://www.tiktokv.com/share/video/7577887513667194143/,
2025-12-13 21:13:49-05:00,2025-12-13,21,like,Likes and Favorites.Like List.ItemFavoriteList,https://www.tiktokv.com/share/video/7582638272535416095/,
2025-12-13 19:18:20-05:00,2025-12-13,19,like,Likes and Favorites.Like List.ItemFavoriteList,https://www.tiktokv.com/share/video/7574586335478959415/,
2025-12-13 19:06:35-05:00,2025-12-13,19,like,Likes and Favorites.Like List.ItemFavoriteList,https://www.tiktokv.com/share/video/7583488310815804702/,
2025-12-13 19:05:16-05:00,2025-12-13,19,like,Likes and Favorites.Like List.ItemFavoriteList,https://www.tiktokv.com/share/video/7583094329066016030/,
2025-12-13 19:05:03-05:00,2025-12-13,19,like,Likes and Favorites.Like List.ItemFavoriteList,https://www.tiktokv.com/share/video/7583342803778899214/,
2025-12-13 19:04:13-05:00,2025-12-13,19,like,Likes and Favorites.Like List.ItemFavoriteList,https://www.tiktokv.com/share/video/7582733154172144910/,
2025-12-13 19:03:55-05:00,2025-12-13,19,like,Likes and Favorites.Like List.ItemFavoriteList,https://www.tiktokv.com/share/video/7580564727512747294/,
2025-12-13 19:01:35-05:00,2025-12-13,19,like,Likes and Favorites.Like List.ItemFavoriteList,https://www.tiktokv.com/share/video/7583145690868534541/,
2025-12-13 19:00:22-05:00,2025-12-13,19,like,Likes and Favorites.Like List.ItemFavoriteList,https://www.tiktokv.com/share/video/7583055978728410399/,
2025-12-13 19:00:16-05:00,2025-12-13,19,like,Likes and Favorites.Like List.ItemFavoriteList,https://www.tiktokv.com/share/video/7581980339543805198/,
2025-12-13 18:58:46-05:00,2025-12-13,18,like,Likes and Favorites.Like List.ItemFavoriteList,https://www.tiktokv.com/share/video/7583074653632040247/,
2025-12-13 18:58:13-05:00,2025-12-13,18,like,Likes and Favorites.Like List.ItemFavoriteList,https://www.tiktokv.com/share/video/7579676432989785374/,
2025-12-13 18:57:31-05:00,2025-12-13,18,like,Likes and Favorites.Like List.ItemFavoriteList,https://www.tiktokv.com/share/video/7582341069912804663/,
2025-12-13 18:57:02-05:00,2025-12-13,18,like,Likes and Favorites.Like List.ItemFavoriteList,https://www.tiktokv.com/share/video/7573356357831740702/,
2025-12-13 18:55:00-05:00,2025-12-13,18,like,Likes and Favorites.Like List.ItemFavoriteList,https://www.tiktokv.com/share/video/7582985855766105374/,
2025-12-13 18:15:51-05:00,2025-12-13,18,like,Likes and Favorites.Like List.ItemFavoriteList,https://www.tiktokv.com/share/video/7581966841669618975/,
2025-12-13 18:10:27-05:00,2025-12-13,18,like,Likes and Favorites.Like List.ItemFavoriteList,https://www.tiktokv.com/share/video/7581717759822695694/,
2025-12-13 18:08:51-05:00,2025-12-13,18,like,Likes and Favorites.Like List.ItemFavoriteList,https://www.tiktokv.com/share/video/7582083977406598411/,
2025-12-13 18:08:14-05:00,2025-12-13,18,like,Likes and Favorites.Like List.ItemFavoriteList,https://www.tiktokv.com/share/video/7574150732388093215/,
2025-12-13 18:04:48-05:00,2025-12-13,18,like,Likes and Favorites.Like List.ItemFavoriteList,https://www.tiktokv.com/share/video/7552429478379572535/,
2025-12-13 18:04:01-05:00,2025-12-13,18,like,Likes and Favorites.Like List.ItemFavoriteList,https://www.tiktokv.com/share/video/7574548798547004702/,
2025-12-13 17:57:19-05:00,2025-12-13,17,like,Likes and Favorites.Like List.ItemFavoriteList,https://www.tiktokv.com/share/video/7561639420621868318/,
2025-12-13 17:56:46-05:00,2025-12-13,17,like,Likes and Favorites.Like List.ItemFavoriteList,https://www.tiktokv.com/share/video/7582690379238051102/,
2025-12-13 17:55:20-05:00,2025-12-13,17,like,Likes and Favorites.Like List.ItemFavoriteList,https://www.tiktokv.com/share/video/7582804139713826079/,
2025-12-13 17:54:27-05:00,2025-12-13,17,like,Likes and Favorites.Like List.ItemFavoriteList,https://www.tiktokv.com/share/video/7578302852943187214/,
2025-12-13 17:53:59-05:00,2025-12-13,17,like,Likes and Favorites.Like List.ItemFavoriteList,https://www.tiktokv.com/share/video/7582381108122094878/,
2025-12-13 17:52:37-05:00,2025-12-13,17,like,Likes and Favorites.Like List.ItemFavoriteList,https://www.tiktokv.com/share/video/7583336603343523103/,
2025-12-13 17:47:12-05:00,2025-12-13,17,like,Likes and Favorites.Like List.ItemFavoriteList,https://www.tiktokv.com/share/video/7575599343198145805/,
2025-12-13 17:45:39-05:00,2025-12-13,17,like,Likes and Favorites.Like List.ItemFavoriteList,https://www.tiktokv.com/share/video/7581700397790727446/,
2025-12-13 17:43:53-05:00,2025-12-13,17,like,Likes and Favorites.Like List.ItemFavoriteList,https://www.tiktokv.com/share/video/7582787920596192542/,
2025-12-13 17:07:37-05:00,2025-12-13,17,like,Likes and Favorites.Like List.ItemFavoriteList,https://www.tiktokv.com/share/video/7580248612131605782/,
2025-12-13 17:04:39-05:00,2025-12-13,17,like,Likes and Favorites.Like List.ItemFavoriteList,https://www.tiktokv.com/share/video/7561907661185420566/,
2025-12-13 17:03:16-05:00,2025-12-13,17,like,Likes and Favorites.Like List.ItemFavoriteList,https://www.tiktokv.com/share/video/7582622679728016670/,
2025-12-13 17:03:06-05:00,2025-12-13,17,like,Likes and Favorites.Like List.ItemFavoriteList,https://www.tiktokv.com/share/video/7564045349967383838/,
2025-12-13 16:59:20-05:00,2025-12-13,16,like,Likes and Favorites.Like List.ItemFavoriteList,https://www.tiktokv.com/share/video/7583120706922106167/,
2025-12-13 16:58:46-05:00,2025-12-13,16,like,Likes and Favorites.Like List.ItemFavoriteList,https://www.tiktokv.com/share/video/7583104014682803486/,
2025-12-13 16:57:58-05:00,2025-12-13,16,like,Likes and Favorites.Like List.ItemFavoriteList,https://www.tiktokv.com/share/video/7569187652415638839/,
2025-12-13 16:56:20-05:00,2025-12-13,16,like,Likes and Favorites.Like List.ItemFavoriteList,https://www.tiktokv.com/share/video/7459504538190449962/,
2025-12-13 16:55:42-05:00,2025-12-13,16,like,Likes and Favorites.Like List.ItemFavoriteList,https://www.tiktokv.com/share/video/7358444813798165766/,
2025-12-13 16:55:20-05:00,2025-12-13,16,like,Likes and Favorites.Like List.ItemFavoriteList,https://www.tiktokv.com/share/video/7581673253970742558/,
2025-12-13 16:53:35-05:00,2025-12-13,16,like,Likes and Favorites.Like List.ItemFavoriteList,https://www.tiktokv.com/share/video/7566717664689687863/,
2025-12-13 16:52:55-05:00,2025-12-13,16,like,Likes and Favorites.Like List.ItemFavoriteList,https://www.tiktokv.com/share/video/7579343686157290766/,
2025-12-13 16:51:46-05:00,2025-12-13,16,like,Likes and Favorites.Like List.ItemFavoriteList,https://www.tiktokv.com/share/video/7582574575448313118/,
2025-12-13 16:48:04-05:00,2025-12-13,16,like,Likes and Favorites.Like List.ItemFavoriteList,https://www.tiktokv.com/share/video/7582463407576730893/,
2025-12-13 16:47:41-05:00,2025-12-13,16,like,Likes and Favorites.Like List.ItemFavoriteList,https://www.tiktokv.com/share/video/7582778588965948685/,
2025-12-13 16:46:07-05:00,2025-12-13,16,like,Likes and Favorites.Like List.ItemFavoriteList,https://www.tiktokv.com/share/video/7582800585909472542/,
2025-12-13 16:44:06-05:00,2025-12-13,16,like,Likes and Favorites.Like List.ItemFavoriteList,https://www.tiktokv.com/share/video/7581081502503554336/,
2025-12-13 16:43:19-05:00,2025-12-13,16,like,Likes and Favorites.Like List.ItemFavoriteList,https://www.tiktokv.com/share/video/7577073130569714947/,
2025-12-13 16:41:52-05:00,2025-12-13,16,like,Likes and Favorites.Like List.ItemFavoriteList,https://www.tiktokv.com/share/video/7582829053695102221/,
2025-12-13 16:39:34-05:00,2025-12-13,16,like,Likes and Favorites.Like List.ItemFavoriteList,https://www.tiktokv.com/share/video/7570878214550064406/,
2025-12-13 16:38:59-05:00,2025-12-13,16,like,Likes and Favorites.Like List.ItemFavoriteList,https://www.tiktokv.com/share/video/7577793163084008759/,
2025-12-13 16:38:35-05:00,2025-12-13,16,like,Likes and Favorites.Like List.ItemFavoriteList,https://www.tiktokv.com/share/video/7583057439906385183/,
2025-12-13 16:36:28-05:00,2025-12-13,16,like,Likes and Favorites.Like List.ItemFavoriteList,https://www.tiktokv.com/share/video/7582449005599214862/,
2025-12-13 16:34:02-05:00,2025-12-13,16,like,Likes and Favorites.Like List.ItemFavoriteList,https://www.tiktokv.com/share/video/7583021146530991391/,
2025-12-13 16:32:28-05:00,2025-12-13,16,like,Likes and Favorites.Like List.ItemFavoriteList,https://www.tiktokv.com/share/video/7582438236564344084/,
2025-12-13 16:31:57-05:00,2025-12-13,16,like,Likes and Favorites.Like List.ItemFavoriteList,https://www.tiktokv.com/share/video/7582896646338448670/,
2025-12-13 16:31:37-05:00,2025-12-13,16,like,Likes and Favorites.Like List.ItemFavoriteList,https://www.tiktokv.com/share/video/7581906699259219222/,
2025-12-13 16:30:32-05:00,2025-12-13,16,like,Likes and Favorites.Like List.ItemFavoriteList,https://www.tiktokv.com/share/video/7583031400534707486/,
2025-12-13 16:29:31-05:00,2025-12-13,16,like,Likes and Favorites.Like List.ItemFavoriteList,https://www.tiktokv.com/share/video/7583114979000323383/,
2025-12-13 16:28:06-05:00,2025-12-13,16,like,Likes and Favorites.Like List.ItemFavoriteList,https://www.tiktokv.com/share/video/7582678846500097310/,
2025-12-13 16:26:27-05:00,2025-12-13,16,like,Likes and Favorites.Like List.ItemFavoriteList,https://www.tiktokv.com/share/video/7583105199150075166/,
2025-12-13 16:24:43-05:00,2025-12-13,16,like,Likes and Favorites.Like List.ItemFavoriteList,https://www.tiktokv.com/share/video/7583062593200229662/,
2025-12-13 16:01:19-05:00,2025-12-13,16,like,Likes and Favorites.Like List.ItemFavoriteList,https://www.tiktokv.com/share/video/7582711393082739990/,
2025-12-13 16:00:45-05:00,2025-12-13,16,like,Likes and Favorites.Like List.ItemFavoriteList,https://www.tiktokv.com/share/video/7582415194609962253/,
2025-12-13 15:59:21-05:00,2025-12-13,15,like,Likes and Favorites.Like List.ItemFavoriteList,https://www.tiktokv.com/share/video/7582661738236087565/,
2025-12-13 15:58:54-05:00,2025-12-13,15,like,Likes and Favorites.Like List.ItemFavoriteList,https://www.tiktokv.com/share/video/7582748776532643103/,
2025-12-13 15:58:28-05:00,2025-12-13,15,like,Likes and Favorites.Like List.ItemFavoriteList,https://www.tiktokv.com/share/video/7580898038151990536/,
2025-12-13 15:57:10-05:00,2025-12-13,15,like,Likes and Favorites.Like List.ItemFavoriteList,https://www.tiktokv.com/share/video/7581176292662463766/,
2025-12-13 15:54:05-05:00,2025-12-13,15,like,Likes and Favorites.Like List.ItemFavoriteList,https://www.tiktokv.com/share/video/7580555509367885087/,
2025-12-13 15:53:32-05:00,2025-12-13,15,like,Likes and Favorites.Like List.ItemFavoriteList,https://www.tiktokv.com/share/video/7581489097743617311/,
2025-12-13 15:52:38-05:00,2025-12-13,15,like,Likes and Favorites.Like List.ItemFavoriteList,https://www.tiktokv.com/share/video/7583036370164157710/,
2025-12-13 15:49:34-05:00,2025-12-13,15,like,Likes and Favorites.Like List.ItemFavoriteList,https://www.tiktokv.com/share/video/7577276026435144990/,
2025-12-13 15:46:45-05:00,2025-12-13,15,like,Likes and Favorites.Like List.ItemFavoriteList,https://www.tiktokv.com/share/video/7573462464977784078/,
2025-12-13 15:46:34-05:00,2025-12-13,15,like,Likes and Favorites.Like List.ItemFavoriteList,https://www.tiktokv.com/share/video/7582652328797392183/,
2025-12-13 15:46:06-05:00,2025-12-13,15,like,Likes and Favorites.Like List.ItemFavoriteList,https://www.tiktokv.com/share/video/7583216493484199182/,
2025-12-13 15:45:49-05:00,2025-12-13,15,like,Likes and Favorites.Like List.ItemFavoriteList,https://www.tiktokv.com/share/video/7582407530127658295/,
2025-12-13 12:57:43-05:00,2025-12-13,12,like,Likes and Favorites.Like List.ItemFavoriteList,https://www.tiktokv.com/share/video/7583383729289121054/,
2025-12-13 12:57:04-05:00,2025-12-13,12,like,Likes and Favorites.Like List.ItemFavoriteList,https://www.tiktokv.com/share/video/7583007371438411038/,
2025-12-13 12:56:47-05:00,2025-12-13,12,like,Likes and Favorites.Like List.ItemFavoriteList,https://www.tiktokv.com/share/video/7582751083924049183/,
2025-12-13 12:56:15-05:00,2025-12-13,12,like,Likes and Favorites.Like List.ItemFavoriteList,https://www.tiktokv.com/share/video/7582990842101632270/,
2025-12-13 12:54:15-05:00,2025-12-13,12,like,Likes and Favorites.Like List.ItemFavoriteList,https://www.tiktokv.com/share/video/7582630978607172878/,
2025-12-13 12:50:22-05:00,2025-12-13,12,like,Likes and Favorites.Like List.ItemFavoriteList,https://www.tiktokv.com/share/video/7572031061681523998/,
2025-12-13 12:49:34-05:00,2025-12-13,12,like,Likes and Favorites.Like List.ItemFavoriteList,https://www.tiktokv.com/share/video/7583078066474470687/,
2025-12-13 10:38:15-05:00,2025-12-13,10,like,Likes and Favorites.Like List.ItemFavoriteList,https://www.tiktokv.com/share/video/7582881415780453652/,
2025-12-13 10:37:41-05:00,2025-12-13,10,like,Likes and Favorites.Like List.ItemFavoriteList,https://www.tiktokv.com/share/video/7582873391539948818/,
2025-12-13 10:36:43-05:00,2025-12-13,10,like,Likes and Favorites.Like List.ItemFavoriteList,https://www.tiktokv.com/share/video/7582274926376357150/,
2025-12-13 10:36:32-05:00,2025-12-13,10,like,Likes and Favorites.Like List.ItemFavoriteList,https://www.tiktokv.com/share/video/7583011313094348064/,
2025-12-13 10:35:51-05:00,2025-12-13,10,like,Likes and Favorites.Like List.ItemFavoriteList,https://www.tiktokv.com/share/video/7582716151168388382/,
2025-12-13 10:35:20-05:00,2025-12-13,10,like,Likes and Favorites.Like List.ItemFavoriteList,https://www.tiktokv.com/share/video/7581682256889056542/,
2025-12-13 10:35:02-05:00,2025-12-13,10,like,Likes and Favorites.Like List.ItemFavoriteList,https://www.tiktokv.com/share/video/7573926944861965588/,
2025-12-13 10:34:55-05:00,2025-12-13,10,like,Likes and Favorites.Like List.ItemFavoriteList,https://www.tiktokv.com/share/video/7581321231891238175/,
2025-12-13 10:34:43-05:00,2025-12-13,10,like,Likes and Favorites.Like List.ItemFavoriteList,https://www.tiktokv.com/share/video/7581569091928853815/,
2025-12-13 10:25:48-05:00,2025-12-13,10,like,Likes and Favorites.Like List.ItemFavoriteList,https://www.tiktokv.com/share/video/7572596764029586718/,
2025-12-13 10:25:44-05:00,2025-12-13,10,like,Likes and Favorites.Like List.ItemFavoriteList,https://www.tiktokv.com/share/video/7578708728543759647/,
2025-12-13 10:23:36-05:00,2025-12-13,10,like,Likes and Favorites.Like List.ItemFavoriteList,https://www.tiktokv.com/share/video/7575058705926851895/,
2025-12-13 10:19:28-05:00,2025-12-13,10,like,Likes and Favorites.Like List.ItemFavoriteList,https://www.tiktokv.com/share/video/7579770625997262135/,
2025-12-13 10:18:45-05:00,2025-12-13,10,like,Likes and Favorites.Like List.ItemFavoriteList,https://www.tiktokv.com/share/video/7564169684153552158/,
2025-12-13 10:18:24-05:00,2025-12-13,10,like,Likes and Favorites.Like List.ItemFavoriteList,https://www.tiktokv.com/share/video/7582832352762563853/,
2025-12-13 10:17:23-05:00,2025-12-13,10,like,Likes and Favorites.Like List.ItemFavoriteList,https://www.tiktokv.com/share/video/7583297441785482551/,
2025-12-13 10:16:50-05:00,2025-12-13,10,like,Likes and Favorites.Like List.ItemFavoriteList,https://www.tiktokv.com/share/video/7571756519881002248/,
2025-12-13 10:16:33-05:00,2025-12-13,10,like,Likes and Favorites.Like List.ItemFavoriteList,https://www.tiktokv.com/share/video/7582837944373742861/,
2025-12-13 10:10:45-05:00,2025-12-13,10,like,Likes and Favorites.Like List.ItemFavoriteList,https://www.tiktokv.com/share/video/7570876076453399822/,
2025-12-13 10:08:16-05:00,2025-12-13,10,like,Likes and Favorites.Like List.ItemFavoriteList,https://www.tiktokv.com/share/video/7582962346310569230/,
2025-12-13 10:08:02-05:00,2025-12-13,10,like,Likes and Favorites.Like List.ItemFavoriteList,https://www.tiktokv.com/share/video/7582978233180704030/,
2025-12-13 10:07:01-05:00,2025-12-13,10,like,Likes and Favorites.Like List.ItemFavoriteList,https://www.tiktokv.com/share/video/7560713044209208598/,
2025-12-13 10:06:23-05:00,2025-12-13,10,like,Likes and Favorites.Like List.ItemFavoriteList,https://www.tiktokv.com/share/video/7561286413006736671/,
2025-12-13 10:05:27-05:00,2025-12-13,10,like,Likes and Favorites.Like List.ItemFavoriteList,https://www.tiktokv.com/share/video/7582962117461003551/,
2025-12-13 09:59:46-05:00,2025-12-13,9,like,Likes and Favorites.Like List.ItemFavoriteList,https://www.tiktokv.com/share/video/7579364072135626015/,
2025-12-13 09:59:40-05:00,2025-12-13,9,like,Likes and Favorites.Like List.ItemFavoriteList,https://www.tiktokv.com/share/video/7582683371680189728/,
2025-12-13 09:59:22-05:00,2025-12-13,9,like,Likes and Favorites.Like List.ItemFavoriteList,https://www.tiktokv.com/share/video/7583059223328591159/,
2025-12-13 09:48:39-05:00,2025-12-13,9,like,Likes and Favorites.Like List.ItemFavoriteList,https://www.tiktokv.com/share/video/7583029268016287007/,
2025-12-12 22:47:19-05:00,2025-12-12,22,like,Likes and Favorites.Like List.ItemFavoriteList,https://www.tiktokv.com/share/video/7582292352924945677/,
2025-12-12 21:23:44-05:00,2025-12-12,21,like,Likes and Favorites.Like List.ItemFavoriteList,https://www.tiktokv.com/share/video/7581576559681654024/,
2025-12-12 21:19:04-05:00,2025-12-12,21,like,Likes and Favorites.Like List.ItemFavoriteList,https://www.tiktokv.com/share/video/7579787387040058637/,
2025-12-12 14:02:35-05:00,2025-12-12,14,like,Likes and Favorites.Like List.ItemFavoriteList,https://www.tiktokv.com/share/video/7582044697753947406/,
2025-12-12 12:26:13-05:00,2025-12-12,12,like,Likes and Favorites.Like List.ItemFavoriteList,https://www.tiktokv.com/share/video/7582703333610212639/,
2025-12-12 12:24:37-05:00,2025-12-12,12,like,Likes and Favorites.Like List.ItemFavoriteList,https://www.tiktokv.com/share/video/7579743138948959543/,
2025-12-12 12:23:54-05:00,2025-12-12,12,like,Likes and Favorites.Like List.ItemFavoriteList,https://www.tiktokv.com/share/video/7582739373624413453/,
2025-12-12 12:21:08-05:00,2025-12-12,12,like,Likes and Favorites.Like List.ItemFavoriteList,https://www.tiktokv.com/share/video/7582807578707545399/,
2025-12-12 12:18:51-05:00,2025-12-12,12,like,Likes and Favorites.Like List.ItemFavoriteList,https://www.tiktokv.com/share/video/7582698548068666637/,
2025-12-12 12:18:05-05:00,2025-12-12,12,like,Likes and Favorites.Like List.ItemFavoriteList,https://www.tiktokv.com/share/video/7582791230690462989/,
2025-12-12 12:16:21-05:00,2025-12-12,12,like,Likes and Favorites.Like List.ItemFavoriteList,https://www.tiktokv.com/share/video/7582778566073519362/,
2025-12-12 03:00:54-05:00,2025-12-12,3,like,Likes and Favorites.Like List.ItemFavoriteList,https://www.tiktokv.com/share/video/7582826583245819167/,
2025-12-12 03:00:49-05:00,2025-12-12,3,like,Likes and Favorites.Like List.ItemFavoriteList,https://www.tiktokv.com/share/video/7565223741555346718/,
2025-12-12 02:53:02-05:00,2025-12-12,2,like,Likes and Favorites.Like List.ItemFavoriteList,https://www.tiktokv.com/share/video/7571315667706629390/,
2025-12-12 02:51:03-05:00,2025-12-12,2,like,Likes and Favorites.Like List.ItemFavoriteList,https://www.tiktokv.com/share/video/7582673707592584478/,
2025-12-12 02:48:55-05:00,2025-12-12,2,like,Likes and Favorites.Like List.ItemFavoriteList,https://www.tiktokv.com/share/video/7582810011622034743/,
2025-12-12 02:48:49-05:00,2025-12-12,2,like,Likes and Favorites.Like List.ItemFavoriteList,https://www.tiktokv.com/share/video/7577821450262826254/,
2025-12-12 02:48:26-05:00,2025-12-12,2,like,Likes and Favorites.Like List.ItemFavoriteList,https://www.tiktokv.com/share/video/7582669414105894175/,
2025-12-12 02:47:40-05:00,2025-12-12,2,like,Likes and Favorites.Like List.ItemFavoriteList,https://www.tiktokv.com/share/video/7581464491141909782/,
2025-12-12 02:43:45-05:00,2025-12-12,2,like,Likes and Favorites.Like List.ItemFavoriteList,https://www.tiktokv.com/share/video/7563883108341271863/,
2025-12-12 02:42:22-05:00,2025-12-12,2,like,Likes and Favorites.Like List.ItemFavoriteList,https://www.tiktokv.com/share/video/7582352689829399821/,
2025-12-12 02:39:51-05:00,2025-12-12,2,like,Likes and Favorites.Like List.ItemFavoriteList,https://www.tiktokv.com/share/video/7582828778892594445/,
2025-12-11 22:00:30-05:00,2025-12-11,22,like,Likes and Favorites.Like List.ItemFavoriteList,https://www.tiktokv.com/share/video/7581610439004441878/,
2025-12-11 22:00:11-05:00,2025-12-11,22,like,Likes and Favorites.Like List.ItemFavoriteList,https://www.tiktokv.com/share/video/7552835613934882059/,
2025-12-11 21:59:30-05:00,2025-12-11,21,like,Likes and Favorites.Like List.ItemFavoriteList,https://www.tiktokv.com/share/video/7582424728145546551/,
2025-12-11 21:58:21-05:00,2025-12-11,21,like,Likes and Favorites.Like List.ItemFavoriteList,https://www.tiktokv.com/share/video/7582400101973298463/,
2025-12-11 21:58:10-05:00,2025-12-11,21,like,Likes and Favorites.Like List.ItemFavoriteList,https://www.tiktokv.com/share/video/7582206958657211662/,
2025-12-11 21:58:03-05:00,2025-12-11,21,like,Likes and Favorites.Like List.ItemFavoriteList,https://www.tiktokv.com/share/video/7559382143164599583/,
2025-12-11 21:48:32-05:00,2025-12-11,21,like,Likes and Favorites.Like List.ItemFavoriteList,https://www.tiktokv.com/share/video/7582488502474919188/,
2025-12-11 21:24:55-05:00,2025-12-11,21,like,Likes and Favorites.Like List.ItemFavoriteList,https://www.tiktokv.com/share/video/7575050576287894797/,
2025-12-11 21:24:16-05:00,2025-12-11,21,like,Likes and Favorites.Like List.ItemFavoriteList,https://www.tiktokv.com/share/video/7582245515677535519/,
2025-12-11 19:06:16-05:00,2025-12-11,19,like,Likes and Favorites.Like List.ItemFavoriteList,https://www.tiktokv.com/share/video/7566115292032650510/,
2025-12-11 18:57:28-05:00,2025-12-11,18,like,Likes and Favorites.Like List.ItemFavoriteList,https://www.tiktokv.com/share/video/7581840473237490958/,
2025-12-11 18:57:12-05:00,2025-12-11,18,like,Likes and Favorites.Like List.ItemFavoriteList,https://www.tiktokv.com/share/video/7581544663769763102/,
2025-12-11 18:56:49-05:00,2025-12-11,18,like,Likes and Favorites.Like List.ItemFavoriteList,https://www.tiktokv.com/share/video/7581957100603985165/,
2025-12-11 18:55:40-05:00,2025-12-11,18,like,Likes and Favorites.Like List.ItemFavoriteList,https://www.tiktokv.com/share/video/7582644996898065694/,
2025-12-11 18:05:51-05:00,2025-12-11,18,like,Likes and Favorites.Like List.ItemFavoriteList,https://www.tiktokv.com/share/video/7582211589172989215/,
2025-12-11 18:01:13-05:00,2025-12-11,18,like,Likes and Favorites.Like List.ItemFavoriteList,https://www.tiktokv.com/share/video/7581681813001686303/,
2025-12-11 17:59:07-05:00,2025-12-11,17,like,Likes and Favorites.Like List.ItemFavoriteList,https://www.tiktokv.com/share/video/7581593250872446222/,
2025-12-11 17:15:27-05:00,2025-12-11,17,like,Likes and Favorites.Like List.ItemFavoriteList,https://www.tiktokv.com/share/video/7581563084418911519/,
2025-12-11 17:09:16-05:00,2025-12-11,17,like,Likes and Favorites.Like List.ItemFavoriteList,https://www.tiktokv.com/share/video/7570545352873348383/,
2025-12-11 17:04:27-05:00,2025-12-11,17,like,Likes and Favorites.Like List.ItemFavoriteList,https://www.tiktokv.com/share/video/7582159055771290910/,
2025-12-11 17:04:04-05:00,2025-12-11,17,like,Likes and Favorites.Like List.ItemFavoriteList,https://www.tiktokv.com/share/video/7577851665374579981/,
2025-12-11 17:02:21-05:00,2025-12-11,17,like,Likes and Favorites.Like List.ItemFavoriteList,https://www.tiktokv.com/share/video/7582652802070007054/,
2025-12-11 17:00:41-05:00,2025-12-11,17,like,Likes and Favorites.Like List.ItemFavoriteList,https://www.tiktokv.com/share/video/7574200555485089079/,
2025-12-11 16:56:13-05:00,2025-12-11,16,like,Likes and Favorites.Like List.ItemFavoriteList,https://www.tiktokv.com/share/video/7582392194493844767/,
2025-12-11 16:53:06-05:00,2025-12-11,16,like,Likes and Favorites.Like List.ItemFavoriteList,https://www.tiktokv.com/share/video/7560146510680165645/,
2025-12-11 16:52:28-05:00,2025-12-11,16,like,Likes and Favorites.Like List.ItemFavoriteList,https://www.tiktokv.com/share/video/7568861189778705686/,
2025-12-11 16:51:33-05:00,2025-12-11,16,like,Likes and Favorites.Like List.ItemFavoriteList,https://www.tiktokv.com/share/video/7582344428602346766/,
2025-12-11 16:18:33-05:00,2025-12-11,16,like,Likes and Favorites.Like List.ItemFavoriteList,https://www.tiktokv.com/share/video/7582380559087717662/,
2025-12-11 16:18:01-05:00,2025-12-11,16,like,Likes and Favorites.Like List.ItemFavoriteList,https://www.tiktokv.com/share/video/7574453840926346510/,
2025-12-11 16:16:08-05:00,2025-12-11,16,like,Likes and Favorites.Like List.ItemFavoriteList,https://www.tiktokv.com/share/video/7581515653002153229/,
2025-12-11 16:14:42-05:00,2025-12-11,16,like,Likes and Favorites.Like List.ItemFavoriteList,https://www.tiktokv.com/share/video/7575232772671900983/,
2025-12-11 16:12:27-05:00,2025-12-11,16,like,Likes and Favorites.Like List.ItemFavoriteList,https://www.tiktokv.com/share/video/7582257857865714966/,
2025-12-11 16:07:19-05:00,2025-12-11,16,like,Likes and Favorites.Like List.ItemFavoriteList,https://www.tiktokv.com/share/video/7556840778631318797/,
2025-12-11 16:06:49-05:00,2025-12-11,16,like,Likes and Favorites.Like List.ItemFavoriteList,https://www.tiktokv.com/share/video/7582689979374046494/,
2025-12-11 16:04:08-05:00,2025-12-11,16,like,Likes and Favorites.Like List.ItemFavoriteList,https://www.tiktokv.com/share/video/7581917327998897439/,
2025-12-11 16:03:05-05:00,2025-12-11,16,like,Likes and Favorites.Like List.ItemFavoriteList,https://www.tiktokv.com/share/video/7582652576546475278/,
2025-12-11 15:59:31-05:00,2025-12-11,15,like,Likes and Favorites.Like List.ItemFavoriteList,https://www.tiktokv.com/share/video/7560904784820079927/,
2025-12-11 15:58:13-05:00,2025-12-11,15,like,Likes and Favorites.Like List.ItemFavoriteList,https://www.tiktokv.com/share/video/7582395611392118046/,
2025-12-11 15:57:54-05:00,2025-12-11,15,like,Likes and Favorites.Like List.ItemFavoriteList,https://www.tiktokv.com/share/video/7581544383963532574/,
2025-12-11 15:40:56-05:00,2025-12-11,15,like,Likes and Favorites.Like List.ItemFavoriteList,https://www.tiktokv.com/share/video/7582243022751026463/,
2025-12-11 14:39:30-05:00,2025-12-11,14,like,Likes and Favorites.Like List.ItemFavoriteList,https://www.tiktokv.com/share/video/7571991192389356822/,
2025-12-11 14:38:40-05:00,2025-12-11,14,like,Likes and Favorites.Like List.ItemFavoriteList,https://www.tiktokv.com/share/video/7580147050482912525/,
2025-12-11 14:35:57-05:00,2025-12-11,14,like,Likes and Favorites.Like List.ItemFavoriteList,https://www.tiktokv.com/share/video/7570016199497633037/,
2025-12-11 14:34:43-05:00,2025-12-11,14,like,Likes and Favorites.Like List.ItemFavoriteList,https://www.tiktokv.com/share/video/7571679654889737502/,
2025-12-11 14:34:24-05:00,2025-12-11,14,like,Likes and Favorites.Like List.ItemFavoriteList,https://www.tiktokv.com/share/video/7578989786258492685/,
2025-12-11 14:29:40-05:00,2025-12-11,14,like,Likes and Favorites.Like List.ItemFavoriteList,https://www.tiktokv.com/share/video/7565944840085654839/,
2025-12-11 14:28:32-05:00,2025-12-11,14,like,Likes and Favorites.Like List.ItemFavoriteList,https://www.tiktokv.com/share/video/7581582642651417878/,
2025-12-11 14:28:03-05:00,2025-12-11,14,like,Likes and Favorites.Like List.ItemFavoriteList,https://www.tiktokv.com/share/video/7581663343535033631/,
2025-12-11 14:24:55-05:00,2025-12-11,14,like,Likes and Favorites.Like List.ItemFavoriteList,https://www.tiktokv.com/share/video/7561547943589858582/,
2025-12-11 14:23:03-05:00,2025-12-11,14,like,Likes and Favorites.Like List.ItemFavoriteList,https://www.tiktokv.com/share/video/7575632346058067222/,
2025-12-11 14:21:55-05:00,2025-12-11,14,like,Likes and Favorites.Like List.ItemFavoriteList,https://www.tiktokv.com/share/video/7574637878395948343/,
2025-12-11 14:19:58-05:00,2025-12-11,14,like,Likes and Favorites.Like List.ItemFavoriteList,https://www.tiktokv.com/share/video/7580828190252223775/,
2025-12-11 14:19:16-05:00,2025-12-11,14,like,Likes and Favorites.Like List.ItemFavoriteList,https://www.tiktokv.com/share/video/7581899190498823455/,
2025-12-11 14:17:50-05:00,2025-12-11,14,like,Likes and Favorites.Like List.ItemFavoriteList,https://www.tiktokv.com/share/video/7581666039293889823/,
2025-12-11 14:14:27-05:00,2025-12-11,14,like,Likes and Favorites.Like List.ItemFavoriteList,https://www.tiktokv.com/share/video/7581187577848319287/,
2025-12-11 14:12:40-05:00,2025-12-11,14,like,Likes and Favorites.Like List.ItemFavoriteList,https://www.tiktokv.com/share/video/7566328173583961358/,
2025-12-11 14:07:38-05:00,2025-12-11,14,like,Likes and Favorites.Like List.ItemFavoriteList,https://www.tiktokv.com/share/video/7560402162694540551/,
2025-12-11 14:07:13-05:00,2025-12-11,14,like,Likes and Favorites.Like List.ItemFavoriteList,https://www.tiktokv.com/share/video/7581254613039385911/,
2025-12-11 13:59:54-05:00,2025-12-11,13,like,Likes and Favorites.Like List.ItemFavoriteList,https://www.tiktokv.com/share/video/7571725112454548791/,
2025-12-11 13:59:06-05:00,2025-12-11,13,like,Likes and Favorites.Like List.ItemFavoriteList,https://www.tiktokv.com/share/video/7568305317688151327/,
2025-12-11 13:57:49-05:00,2025-12-11,13,like,Likes and Favorites.Like List.ItemFavoriteList,https://www.tiktokv.com/share/video/7566807742388653319/,
2025-12-11 13:56:45-05:00,2025-12-11,13,like,Likes and Favorites.Like List.ItemFavoriteList,https://www.tiktokv.com/share/video/7582356930312654093/,
2025-12-11 13:56:06-05:00,2025-12-11,13,like,Likes and Favorites.Like List.ItemFavoriteList,https://www.tiktokv.com/share/video/7563711554978368781/,
2025-12-11 13:51:17-05:00,2025-12-11,13,like,Likes and Favorites.Like List.ItemFavoriteList,https://www.tiktokv.com/share/video/7576106986480209166/,
2025-12-11 13:49:06-05:00,2025-12-11,13,like,Likes and Favorites.Like List.ItemFavoriteList,https://www.tiktokv.com/share/video/7571091235666922807/,
2025-12-11 13:48:29-05:00,2025-12-11,13,like,Likes and Favorites.Like List.ItemFavoriteList,https://www.tiktokv.com/share/video/7582002189309185311/,
2025-12-11 13:47:51-05:00,2025-12-11,13,like,Likes and Favorites.Like List.ItemFavoriteList,https://www.tiktokv.com/share/video/7582174244038135071/,
2025-12-11 13:46:28-05:00,2025-12-11,13,like,Likes and Favorites.Like List.ItemFavoriteList,https://www.tiktokv.com/share/video/7580133115650231574/,
2025-12-11 13:45:28-05:00,2025-12-11,13,like,Likes and Favorites.Like List.ItemFavoriteList,https://www.tiktokv.com/share/video/7581323780883074334/,
2025-12-11 13:42:57-05:00,2025-12-11,13,like,Likes and Favorites.Like List.ItemFavoriteList,https://www.tiktokv.com/share/video/7563314485163871510/,
2025-12-11 13:40:31-05:00,2025-12-11,13,like,Likes and Favorites.Like List.ItemFavoriteList,https://www.tiktokv.com/share/video/7582162878711565598/,
2025-12-11 13:40:01-05:00,2025-12-11,13,like,Likes and Favorites.Like List.ItemFavoriteList,https://www.tiktokv.com/share/video/7569428085628587295/,
2025-12-11 13:37:37-05:00,2025-12-11,13,like,Likes and Favorites.Like List.ItemFavoriteList,https://www.tiktokv.com/share/video/7582574492887665933/,
2025-12-11 13:36:08-05:00,2025-12-11,13,like,Likes and Favorites.Like List.ItemFavoriteList,https://www.tiktokv.com/share/video/7569123363734523149/,
2025-12-11 13:35:34-05:00,2025-12-11,13,like,Likes and Favorites.Like List.ItemFavoriteList,https://www.tiktokv.com/share/video/7582182935734832406/,
2025-12-11 13:34:40-05:00,2025-12-11,13,like,Likes and Favorites.Like List.ItemFavoriteList,https://www.tiktokv.com/share/video/7582044178146774285/,
2025-12-11 13:33:18-05:00,2025-12-11,13,like,Likes and Favorites.Like List.ItemFavoriteList,https://www.tiktokv.com/share/video/7573824621020024094/,
2025-12-11 13:32:20-05:00,2025-12-11,13,like,Likes and Favorites.Like List.ItemFavoriteList,https://www.tiktokv.com/share/video/7581919625902820621/,
2025-12-11 13:30:38-05:00,2025-12-11,13,like,Likes and Favorites.Like List.ItemFavoriteList,https://www.tiktokv.com/share/video/7581611573018430775/,
2025-12-11 13:29:12-05:00,2025-12-11,13,like,Likes and Favorites.Like List.ItemFavoriteList,https://www.tiktokv.com/share/video/7582341291753622797/,
2025-12-11 13:27:21-05:00,2025-12-11,13,like,Likes and Favorites.Like List.ItemFavoriteList,https://www.tiktokv.com/share/video/7582307704044047647/,
2025-12-11 13:22:28-05:00,2025-12-11,13,like,Likes and Favorites.Like List.ItemFavoriteList,https://www.tiktokv.com/share/video/7582428718946143501/,
2025-12-11 13:18:31-05:00,2025-12-11,13,like,Likes and Favorites.Like List.ItemFavoriteList,https://www.tiktokv.com/share/video/7581616998572920077/,
2025-12-11 13:18:19-05:00,2025-12-11,13,like,Likes and Favorites.Like List.ItemFavoriteList,https://www.tiktokv.com/share/video/7573877921497058591/,
2025-12-11 13:15:36-05:00,2025-12-11,13,like,Likes and Favorites.Like List.ItemFavoriteList,https://www.tiktokv.com/share/video/7582357759409048887/,
2025-12-11 13:12:10-05:00,2025-12-11,13,like,Likes and Favorites.Like List.ItemFavoriteList,https://www.tiktokv.com/share/video/7575389837843369229/,
2025-12-11 13:11:56-05:00,2025-12-11,13,like,Likes and Favorites.Like List.ItemFavoriteList,https://www.tiktokv.com/share/video/7581996724000984334/,
2025-12-11 13:09:50-05:00,2025-12-11,13,like,Likes and Favorites.Like List.ItemFavoriteList,https://www.tiktokv.com/share/video/7581681347647884552/,
2025-12-11 13:09:14-05:00,2025-12-11,13,like,Likes and Favorites.Like List.ItemFavoriteList,https://www.tiktokv.com/share/video/7582422395386907959/,
2025-12-11 13:08:17-05:00,2025-12-11,13,like,Likes and Favorites.Like List.ItemFavoriteList,https://www.tiktokv.com/share/video/7581240626289724694/,
2025-12-11 13:08:05-05:00,2025-12-11,13,like,Likes and Favorites.Like List.ItemFavoriteList,https://www.tiktokv.com/share/video/7570840020966182199/,
2025-12-11 13:06:36-05:00,2025-12-11,13,like,Likes and Favorites.Like List.ItemFavoriteList,https://www.tiktokv.com/share/video/7582214436375530766/,
2025-12-11 13:02:54-05:00,2025-12-11,13,like,Likes and Favorites.Like List.ItemFavoriteList,https://www.tiktokv.com/share/video/7581556385515687199/,
2025-12-11 13:00:18-05:00,2025-12-11,13,like,Likes and Favorites.Like List.ItemFavoriteList,https://www.tiktokv.com/share/video/7581661965559352606/,
2025-12-11 13:00:03-05:00,2025-12-11,13,like,Likes and Favorites.Like List.ItemFavoriteList,https://www.tiktokv.com/share/video/7563280669565029688/,
2025-12-11 12:44:17-05:00,2025-12-11,12,like,Likes and Favorites.Like List.ItemFavoriteList,https://www.tiktokv.com/share/video/7581659885268405534/,
2025-12-11 12:43:07-05:00,2025-12-11,12,like,Likes and Favorites.Like List.ItemFavoriteList,https://www.tiktokv.com/share/video/7579682691088534806/,
2025-12-11 12:36:43-05:00,2025-12-11,12,like,Likes and Favorites.Like List.ItemFavoriteList,https://www.tiktokv.com/share/video/7582263856681012510/,
2025-12-11 12:34:11-05:00,2025-12-11,12,like,Likes and Favorites.Like List.ItemFavoriteList,https://www.tiktokv.com/share/video/7581987372653382925/,
2025-12-11 12:33:41-05:00,2025-12-11,12,like,Likes and Favorites.Like List.ItemFavoriteList,https://www.tiktokv.com/share/video/7582358568066665758/,
2025-12-11 12:30:50-05:00,2025-12-11,12,like,Likes and Favorites.Like List.ItemFavoriteList,https://www.tiktokv.com/share/video/7582634164479085855/,
2025-12-11 12:29:58-05:00,2025-12-11,12,like,Likes and Favorites.Like List.ItemFavoriteList,https://www.tiktokv.com/share/video/7582312893912239374/,
2025-12-11 12:29:45-05:00,2025-12-11,12,like,Likes and Favorites.Like List.ItemFavoriteList,https://www.tiktokv.com/share/video/7581725537383550263/,
2025-12-11 12:28:30-05:00,2025-12-11,12,like,Likes and Favorites.Like List.ItemFavoriteList,https://www.tiktokv.com/share/video/7581989498842582303/,
2025-12-11 12:27:06-05:00,2025-12-11,12,like,Likes and Favorites.Like List.ItemFavoriteList,https://www.tiktokv.com/share/video/7581958631436963086/,
2025-12-11 12:26:27-05:00,2025-12-11,12,like,Likes and Favorites.Like List.ItemFavoriteList,https://www.tiktokv.com/share/video/7560970838992866573/,
2025-12-11 12:25:54-05:00,2025-12-11,12,like,Likes and Favorites.Like List.ItemFavoriteList,https://www.tiktokv.com/share/video/7563047373761416462/,
2025-12-11 12:24:49-05:00,2025-12-11,12,like,Likes and Favorites.Like List.ItemFavoriteList,https://www.tiktokv.com/share/video/7581978261601668382/,
2025-12-11 12:24:24-05:00,2025-12-11,12,like,Likes and Favorites.Like List.ItemFavoriteList,https://www.tiktokv.com/share/video/7566432428303060238/,
2025-12-11 12:23:06-05:00,2025-12-11,12,like,Likes and Favorites.Like List.ItemFavoriteList,https://www.tiktokv.com/share/video/7576557973284211982/,
2025-12-11 12:22:11-05:00,2025-12-11,12,like,Likes and Favorites.Like List.ItemFavoriteList,https://www.tiktokv.com/share/video/7581976519749291319/,
2025-12-11 12:21:04-05:00,2025-12-11,12,like,Likes and Favorites.Like List.ItemFavoriteList,https://www.tiktokv.com/share/video/7578191966530178335/,
2025-12-11 12:20:26-05:00,2025-12-11,12,like,Likes and Favorites.Like List.ItemFavoriteList,https://www.tiktokv.com/share/video/7582639507317476663/,
2025-12-11 12:18:29-05:00,2025-12-11,12,like,Likes and Favorites.Like List.ItemFavoriteList,https://www.tiktokv.com/share/video/7580119676026375438/,
2025-12-11 12:18:11-05:00,2025-12-11,12,like,Likes and Favorites.Like List.ItemFavoriteList,https://www.tiktokv.com/share/video/7581600030478437663/,
2025-12-11 12:14:57-05:00,2025-12-11,12,like,Likes and Favorites.Like List.ItemFavoriteList,https://www.tiktokv.com/share/video/7577866022980537630/,
2025-12-11 12:13:51-05:00,2025-12-11,12,like,Likes and Favorites.Like List.ItemFavoriteList,https://www.tiktokv.com/share/video/7582396260334734606/,
2025-12-11 12:10:27-05:00,2025-12-11,12,like,Likes and Favorites.Like List.ItemFavoriteList,https://www.tiktokv.com/share/video/7582358788338928927/,
2025-12-11 12:09:57-05:00,2025-12-11,12,like,Likes and Favorites.Like List.ItemFavoriteList,https://www.tiktokv.com/share/video/7573407323138411806/,
2025-12-11 11:18:24-05:00,2025-12-11,11,like,Likes and Favorites.Like List.ItemFavoriteList,https://www.tiktokv.com/share/video/7582382207424023863/,
2025-12-11 11:18:00-05:00,2025-12-11,11,like,Likes and Favorites.Like List.ItemFavoriteList,https://www.tiktokv.com/share/video/7578611678099688735/,
2025-12-11 11:16:14-05:00,2025-12-11,11,like,Likes and Favorites.Like List.ItemFavoriteList,https://www.tiktokv.com/share/video/7579385677754780950/,
2025-12-11 11:15:06-05:00,2025-12-11,11,like,Likes and Favorites.Like List.ItemFavoriteList,https://www.tiktokv.com/share/video/7579391635964906766/,
2025-12-11 11:12:03-05:00,2025-12-11,11,like,Likes and Favorites.Like List.ItemFavoriteList,https://www.tiktokv.com/share/video/7582042610454334733/,
2025-12-11 11:11:31-05:00,2025-12-11,11,like,Likes and Favorites.Like List.ItemFavoriteList,https://www.tiktokv.com/share/video/7580147497713077534/,
2025-12-11 11:10:07-05:00,2025-12-11,11,like,Likes and Favorites.Like List.ItemFavoriteList,https://www.tiktokv.com/share/video/7577529533176220941/,
2025-12-11 11:02:53-05:00,2025-12-11,11,like,Likes and Favorites.Like List.ItemFavoriteList,https://www.tiktokv.com/share/video/7582103380353453342/,
2025-12-11 11:00:58-05:00,2025-12-11,11,like,Likes and Favorites.Like List.ItemFavoriteList,https://www.tiktokv.com/share/video/7563515075588312375/,
2025-12-11 10:58:49-05:00,2025-12-11,10,like,Likes and Favorites.Like List.ItemFavoriteList,https://www.tiktokv.com/share/video/7582312529385360654/,
2025-12-11 10:46:21-05:00,2025-12-11,10,like,Likes and Favorites.Like List.ItemFavoriteList,https://www.tiktokv.com/share/video/7582615844669213965/,
2025-12-11 10:44:22-05:00,2025-12-11,10,like,Likes and Favorites.Like List.ItemFavoriteList,https://www.tiktokv.com/share/video/7571564757946240270/,
2025-12-11 10:44:01-05:00,2025-12-11,10,like,Likes and Favorites.Like List.ItemFavoriteList,https://www.tiktokv.com/share/video/7580791877033659678/,
2025-12-11 10:43:00-05:00,2025-12-11,10,like,Likes and Favorites.Like List.ItemFavoriteList,https://www.tiktokv.com/share/video/7572379758441303327/,
2025-12-11 10:40:39-05:00,2025-12-11,10,like,Likes and Favorites.Like List.ItemFavoriteList,https://www.tiktokv.com/share/video/7571944548574776606/,
2025-12-11 10:39:49-05:00,2025-12-11,10,like,Likes and Favorites.Like List.ItemFavoriteList,https://www.tiktokv.com/share/video/7579492845913001246/,
2025-12-11 10:31:10-05:00,2025-12-11,10,like,Likes and Favorites.Like List.ItemFavoriteList,https://www.tiktokv.com/share/video/7573028472172317966/,
2025-12-11 10:24:50-05:00,2025-12-11,10,like,Likes and Favorites.Like List.ItemFavoriteList,https://www.tiktokv.com/share/video/7582144910564871454/,
2025-12-11 10:24:01-05:00,2025-12-11,10,like,Likes and Favorites.Like List.ItemFavoriteList,https://www.tiktokv.com/share/video/7570451931106200887/,
2025-12-11 10:21:56-05:00,2025-12-11,10,like,Likes and Favorites.Like List.ItemFavoriteList,https://www.tiktokv.com/share/video/7582364493800328503/,
2025-12-11 10:18:13-05:00,2025-12-11,10,like,Likes and Favorites.Like List.ItemFavoriteList,https://www.tiktokv.com/share/video/7567200517126901005/,
2025-12-11 10:17:19-05:00,2025-12-11,10,like,Likes and Favorites.Like List.ItemFavoriteList,https://www.tiktokv.com/share/video/7581888817406168350/,
2025-12-11 10:16:00-05:00,2025-12-11,10,like,Likes and Favorites.Like List.ItemFavoriteList,https://www.tiktokv.com/share/video/7581927080057687309/,
2025-12-11 10:15:32-05:00,2025-12-11,10,like,Likes and Favorites.Like List.ItemFavoriteList,https://www.tiktokv.com/share/video/7582264452469230866/,
2025-12-11 10:14:26-05:00,2025-12-11,10,like,Likes and Favorites.Like List.ItemFavoriteList,https://www.tiktokv.com/share/video/7582041090321141006/,
2025-12-11 10:13:24-05:00,2025-12-11,10,like,Likes and Favorites.Like List.ItemFavoriteList,https://www.tiktokv.com/share/video/7581335685467000077/,
2025-12-11 10:09:35-05:00,2025-12-11,10,like,Likes and Favorites.Like List.ItemFavoriteList,https://www.tiktokv.com/share/video/7581926541035064589/,
2025-12-11 10:08:43-05:00,2025-12-11,10,like,Likes and Favorites.Like List.ItemFavoriteList,https://www.tiktokv.com/share/video/7581536425129168150/,
2025-12-11 10:06:26-05:00,2025-12-11,10,like,Likes and Favorites.Like List.ItemFavoriteList,https://www.tiktokv.com/share/video/7581691202106313998/,
2025-12-11 10:03:44-05:00,2025-12-11,10,like,Likes and Favorites.Like List.ItemFavoriteList,https://www.tiktokv.com/share/video/7581953234797923606/,
2025-12-11 09:59:34-05:00,2025-12-11,9,like,Likes and Favorites.Like List.ItemFavoriteList,https://www.tiktokv.com/share/video/7581298543273561358/,
2025-12-11 09:58:25-05:00,2025-12-11,9,like,Likes and Favorites.Like List.ItemFavoriteList,https://www.tiktokv.com/share/video/7581959089245130015/,
2025-12-11 09:48:40-05:00,2025-12-11,9,like,Likes and Favorites.Like List.ItemFavoriteList,https://www.tiktokv.com/share/video/7579546041431772447/,
2025-12-11 09:42:39-05:00,2025-12-11,9,like,Likes and Favorites.Like List.ItemFavoriteList,https://www.tiktokv.com/share/video/7582229827910946103/,
2025-12-11 09:41:08-05:00,2025-12-11,9,like,Likes and Favorites.Like List.ItemFavoriteList,https://www.tiktokv.com/share/video/7582342712855203103/,
2025-12-11 02:52:10-05:00,2025-12-11,2,like,Likes and Favorites.Like List.ItemFavoriteList,https://www.tiktokv.com/share/video/7582033665929039117/,
2025-12-11 02:51:31-05:00,2025-12-11,2,like,Likes and Favorites.Like List.ItemFavoriteList,https://www.tiktokv.com/share/video/7582325391130496311/,
2025-12-11 02:50:28-05:00,2025-12-11,2,like,Likes and Favorites.Like List.ItemFavoriteList,https://www.tiktokv.com/share/video/7582291429439835423/,
2025-12-11 02:49:39-05:00,2025-12-11,2,like,Likes and Favorites.Like List.ItemFavoriteList,https://www.tiktokv.com/share/video/7582315932605893919/,
2025-12-11 02:48:54-05:00,2025-12-11,2,like,Likes and Favorites.Like List.ItemFavoriteList,https://www.tiktokv.com/share/video/7569247477392592150/,
2025-12-10 19:46:38-05:00,2025-12-10,19,like,Likes and Favorites.Like List.ItemFavoriteList,https://www.tiktokv.com/share/video/7582308956601666847/,
2025-12-10 19:45:14-05:00,2025-12-10,19,like,Likes and Favorites.Like List.ItemFavoriteList,https://www.tiktokv.com/share/video/7582002822770707742/,
2025-12-10 19:45:10-05:00,2025-12-10,19,like,Likes and Favorites.Like List.ItemFavoriteList,https://www.tiktokv.com/share/video/7582212291798764802/,
2025-12-10 19:35:10-05:00,2025-12-10,19,like,Likes and Favorites.Like List.ItemFavoriteList,https://www.tiktokv.com/share/video/7211610812631371050/,
2025-12-10 19:34:16-05:00,2025-12-10,19,like,Likes and Favorites.Like List.ItemFavoriteList,https://www.tiktokv.com/share/video/7576327373432392973/,
2025-12-10 19:33:57-05:00,2025-12-10,19,like,Likes and Favorites.Like List.ItemFavoriteList,https://www.tiktokv.com/share/video/7575324269996018974/,
2025-12-10 19:32:13-05:00,2025-12-10,19,like,Likes and Favorites.Like List.ItemFavoriteList,https://www.tiktokv.com/share/video/7572395546774654221/,
2025-12-10 19:25:02-05:00,2025-12-10,19,like,Likes and Favorites.Like List.ItemFavoriteList,https://www.tiktokv.com/share/video/7580079076648422711/,
2025-12-10 18:26:43-05:00,2025-12-10,18,like,Likes and Favorites.Like List.ItemFavoriteList,https://www.tiktokv.com/share/video/7581307291434011934/,
2025-12-10 15:26:02-05:00,2025-12-10,15,like,Likes and Favorites.Like List.ItemFavoriteList,https://www.tiktokv.com/share/video/7573417538185448735/,
2025-12-10 15:25:36-05:00,2025-12-10,15,like,Likes and Favorites.Like List.ItemFavoriteList,https://www.tiktokv.com/share/video/7580569685905657118/,
2025-12-10 15:23:53-05:00,2025-12-10,15,like,Likes and Favorites.Like List.ItemFavoriteList,https://www.tiktokv.com/share/video/7581210520796122398/,
2025-12-10 15:04:28-05:00,2025-12-10,15,like,Likes and Favorites.Like List.ItemFavoriteList,https://www.tiktokv.com/share/video/7563771854935149855/,
2025-12-10 15:00:02-05:00,2025-12-10,15,like,Likes and Favorites.Like List.ItemFavoriteList,https://www.tiktokv.com/share/video/7581538660470902030/,
2025-12-10 14:58:31-05:00,2025-12-10,14,like,Likes and Favorites.Like List.ItemFavoriteList,https://www.tiktokv.com/share/video/7573692315873611029/,
2025-12-10 14:57:25-05:00,2025-12-10,14,like,Likes and Favorites.Like List.ItemFavoriteList,https://www.tiktokv.com/share/video/7519550965331119365/,
2025-12-10 14:51:18-05:00,2025-12-10,14,like,Likes and Favorites.Like List.ItemFavoriteList,https://www.tiktokv.com/share/video/7575977086586866999/,
2025-12-10 14:50:33-05:00,2025-12-10,14,like,Likes and Favorites.Like List.ItemFavoriteList,https://www.tiktokv.com/share/video/7582048442545884446/,
2025-12-10 14:49:51-05:00,2025-12-10,14,like,Likes and Favorites.Like List.ItemFavoriteList,https://www.tiktokv.com/share/video/7579450763160669471/,
2025-12-10 14:49:43-05:00,2025-12-10,14,like,Likes and Favorites.Like List.ItemFavoriteList,https://www.tiktokv.com/share/video/7579585751000648967/,
2025-12-10 14:48:03-05:00,2025-12-10,14,like,Likes and Favorites.Like List.ItemFavoriteList,https://www.tiktokv.com/share/video/7564777057004080406/,
2025-12-10 14:45:35-05:00,2025-12-10,14,like,Likes and Favorites.Like List.ItemFavoriteList,https://www.tiktokv.com/share/video/7574177273956388126/,
2025-12-10 14:44:15-05:00,2025-12-10,14,like,Likes and Favorites.Like List.ItemFavoriteList,https://www.tiktokv.com/share/video/7582075123948064030/,
2025-12-10 14:44:03-05:00,2025-12-10,14,like,Likes and Favorites.Like List.ItemFavoriteList,https://www.tiktokv.com/share/video/7571606844402306327/,
2025-12-10 14:42:44-05:00,2025-12-10,14,like,Likes and Favorites.Like List.ItemFavoriteList,https://www.tiktokv.com/share/video/7581890660345679159/,
2025-12-10 14:38:07-05:00,2025-12-10,14,like,Likes and Favorites.Like List.ItemFavoriteList,https://www.tiktokv.com/share/video/7581925676048076063/,
2025-12-10 14:06:43-05:00,2025-12-10,14,like,Likes and Favorites.Like List.ItemFavoriteList,https://www.tiktokv.com/share/video/7581225290035203349/,
2025-12-10 14:06:29-05:00,2025-12-10,14,like,Likes and Favorites.Like List.ItemFavoriteList,https://www.tiktokv.com/share/video/7561924501932379405/,
2025-12-10 13:49:40-05:00,2025-12-10,13,like,Likes and Favorites.Like List.ItemFavoriteList,https://www.tiktokv.com/share/video/7574609908574833927/,
2025-12-10 13:19:50-05:00,2025-12-10,13,like,Likes and Favorites.Like List.ItemFavoriteList,https://www.tiktokv.com/share/video/7568250188490362167/,
2025-12-10 13:06:33-05:00,2025-12-10,13,like,Likes and Favorites.Like List.ItemFavoriteList,https://www.tiktokv.com/share/video/7561272178440686878/,
2025-12-10 13:06:11-05:00,2025-12-10,13,like,Likes and Favorites.Like List.ItemFavoriteList,https://www.tiktokv.com/share/video/7579917246126984461/,
2025-12-10 12:57:04-05:00,2025-12-10,12,like,Likes and Favorites.Like List.ItemFavoriteList,https://www.tiktokv.com/share/video/7579635900007599373/,
2025-12-10 12:42:55-05:00,2025-12-10,12,like,Likes and Favorites.Like List.ItemFavoriteList,https://www.tiktokv.com/share/video/7581884115805277470/,
2025-12-10 12:41:49-05:00,2025-12-10,12,like,Likes and Favorites.Like List.ItemFavoriteList,https://www.tiktokv.com/share/video/7582115450079776055/,
2025-12-10 12:41:12-05:00,2025-12-10,12,like,Likes and Favorites.Like List.ItemFavoriteList,https://www.tiktokv.com/share/video/7572756625149168951/,
2025-12-10 12:41:04-05:00,2025-12-10,12,like,Likes and Favorites.Like List.ItemFavoriteList,https://www.tiktokv.com/share/video/7580843554877099294/,
2025-12-10 12:33:36-05:00,2025-12-10,12,like,Likes and Favorites.Like List.ItemFavoriteList,https://www.tiktokv.com/share/video/7581492662948187414/,
2025-12-10 12:26:55-05:00,2025-12-10,12,like,Likes and Favorites.Like List.ItemFavoriteList,https://www.tiktokv.com/share/video/7570503341562662157/,
2025-12-10 12:26:24-05:00,2025-12-10,12,like,Likes and Favorites.Like List.ItemFavoriteList,https://www.tiktokv.com/share/video/7574716011363061005/,
2025-12-10 12:22:37-05:00,2025-12-10,12,like,Likes and Favorites.Like List.ItemFavoriteList,https://www.tiktokv.com/share/video/7581900862390291743/,
2025-12-10 12:19:05-05:00,2025-12-10,12,like,Likes and Favorites.Like List.ItemFavoriteList,https://www.tiktokv.com/share/video/7580999449237802270/,
2025-12-10 12:18:36-05:00,2025-12-10,12,like,Likes and Favorites.Like List.ItemFavoriteList,https://www.tiktokv.com/share/video/7581633861906353439/,
2025-12-10 12:16:39-05:00,2025-12-10,12,like,Likes and Favorites.Like List.ItemFavoriteList,https://www.tiktokv.com/share/video/7581588482032798998/,
2025-12-10 12:16:17-05:00,2025-12-10,12,like,Likes and Favorites.Like List.ItemFavoriteList,https://www.tiktokv.com/share/video/7579021857060375863/,
2025-12-10 11:36:06-05:00,2025-12-10,11,like,Likes and Favorites.Like List.ItemFavoriteList,https://www.tiktokv.com/share/video/7581588741937007927/,
2025-12-10 11:25:54-05:00,2025-12-10,11,like,Likes and Favorites.Like List.ItemFavoriteList,https://www.tiktokv.com/share/video/7581692212681903374/,
2025-12-10 11:14:23-05:00,2025-12-10,11,like,Likes and Favorites.Like List.ItemFavoriteList,https://www.tiktokv.com/share/video/7579572637404237086/,
2025-12-10 11:13:37-05:00,2025-12-10,11,like,Likes and Favorites.Like List.ItemFavoriteList,https://www.tiktokv.com/share/video/7576391846147165442/,
2025-12-10 11:12:48-05:00,2025-12-10,11,like,Likes and Favorites.Like List.ItemFavoriteList,https://www.tiktokv.com/share/video/7582173886456909111/,
2025-12-10 11:11:48-05:00,2025-12-10,11,like,Likes and Favorites.Like List.ItemFavoriteList,https://www.tiktokv.com/share/video/7561059486245440799/,
2025-12-10 11:10:07-05:00,2025-12-10,11,like,Likes and Favorites.Like List.ItemFavoriteList,https://www.tiktokv.com/share/video/7575408821405830414/,
2025-12-10 11:05:12-05:00,2025-12-10,11,like,Likes and Favorites.Like List.ItemFavoriteList,https://www.tiktokv.com/share/video/7579836500867583263/,
2025-12-10 11:03:08-05:00,2025-12-10,11,like,Likes and Favorites.Like List.ItemFavoriteList,https://www.tiktokv.com/share/video/7581320728117562654/,
2025-12-10 11:01:05-05:00,2025-12-10,11,like,Likes and Favorites.Like List.ItemFavoriteList,https://www.tiktokv.com/share/video/7566717185888996640/,
2025-12-10 10:56:16-05:00,2025-12-10,10,like,Likes and Favorites.Like List.ItemFavoriteList,https://www.tiktokv.com/share/video/7582063813680205070/,
2025-12-10 10:51:59-05:00,2025-12-10,10,like,Likes and Favorites.Like List.ItemFavoriteList,https://www.tiktokv.com/share/video/7581653576607468831/,
2025-12-10 10:51:29-05:00,2025-12-10,10,like,Likes and Favorites.Like List.ItemFavoriteList,https://www.tiktokv.com/share/video/7562710053849992478/,
2025-12-10 10:50:17-05:00,2025-12-10,10,like,Likes and Favorites.Like List.ItemFavoriteList,https://www.tiktokv.com/share/video/7559933482953198903/,
2025-12-10 10:48:20-05:00,2025-12-10,10,like,Likes and Favorites.Like List.ItemFavoriteList,https://www.tiktokv.com/share/video/7568655041150684438/,
2025-12-10 10:47:46-05:00,2025-12-10,10,like,Likes and Favorites.Like List.ItemFavoriteList,https://www.tiktokv.com/share/video/7582069970532633886/,
2025-12-10 05:27:27-05:00,2025-12-10,5,like,Likes and Favorites.Like List.ItemFavoriteList,https://www.tiktokv.com/share/video/7578577516995087638/,
2025-12-10 05:26:28-05:00,2025-12-10,5,like,Likes and Favorites.Like List.ItemFavoriteList,https://www.tiktokv.com/share/video/7568056666562874679/,
2025-12-10 05:26:11-05:00,2025-12-10,5,like,Likes and Favorites.Like List.ItemFavoriteList,https://www.tiktokv.com/share/video/7565020698066865463/,
2025-12-10 05:25:01-05:00,2025-12-10,5,like,Likes and Favorites.Like List.ItemFavoriteList,https://www.tiktokv.com/share/video/7581624373413432607/,
2025-12-10 05:24:04-05:00,2025-12-10,5,like,Likes and Favorites.Like List.ItemFavoriteList,https://www.tiktokv.com/share/video/7581905628260551957/,
2025-12-10 05:23:27-05:00,2025-12-10,5,like,Likes and Favorites.Like List.ItemFavoriteList,https://www.tiktokv.com/share/video/7576106727603457310/,
2025-12-10 05:20:42-05:00,2025-12-10,5,like,Likes and Favorites.Like List.ItemFavoriteList,https://www.tiktokv.com/share/video/7561623205878811922/,
2025-12-10 05:19:47-05:00,2025-12-10,5,like,Likes and Favorites.Like List.ItemFavoriteList,https://www.tiktokv.com/share/video/7516231380716571935/,
2025-12-10 05:19:29-05:00,2025-12-10,5,like,Likes and Favorites.Like List.ItemFavoriteList,https://www.tiktokv.com/share/video/7574990447349730591/,
2025-12-10 05:19:22-05:00,2025-12-10,5,like,Likes and Favorites.Like List.ItemFavoriteList,https://www.tiktokv.com/share/video/7577813824841977121/,
2025-12-10 05:16:10-05:00,2025-12-10,5,like,Likes and Favorites.Like List.ItemFavoriteList,https://www.tiktokv.com/share/video/7579282064554478861/,
2025-12-10 05:10:59-05:00,2025-12-10,5,like,Likes and Favorites.Like List.ItemFavoriteList,https://www.tiktokv.com/share/video/7580589825292569869/,
2025-12-10 05:09:10-05:00,2025-12-10,5,like,Likes and Favorites.Like List.ItemFavoriteList,https://www.tiktokv.com/share/video/7581567445240958230/,
2025-12-10 05:05:03-05:00,2025-12-10,5,like,Likes and Favorites.Like List.ItemFavoriteList,https://www.tiktokv.com/share/video/7574097431474818359/,
2025-12-10 05:02:25-05:00,2025-12-10,5,like,Likes and Favorites.Like List.ItemFavoriteList,https://www.tiktokv.com/share/video/7572600299710434582/,
2025-12-10 05:00:33-05:00,2025-12-10,5,like,Likes and Favorites.Like List.ItemFavoriteList,https://www.tiktokv.com/share/video/7581244213971406102/,
2025-12-10 04:59:11-05:00,2025-12-10,4,like,Likes and Favorites.Like List.ItemFavoriteList,https://www.tiktokv.com/share/video/7571480240199912726/,
2025-12-10 04:53:16-05:00,2025-12-10,4,like,Likes and Favorites.Like List.ItemFavoriteList,https://www.tiktokv.com/share/video/7581635611728153886/,
2025-12-10 04:51:13-05:00,2025-12-10,4,like,Likes and Favorites.Like List.ItemFavoriteList,https://www.tiktokv.com/share/video/7582034054376197431/,
2025-12-10 04:41:14-05:00,2025-12-10,4,like,Likes and Favorites.Like List.ItemFavoriteList,https://www.tiktokv.com/share/video/7581914711738879262/,
2025-12-10 04:37:10-05:00,2025-12-10,4,like,Likes and Favorites.Like List.ItemFavoriteList,https://www.tiktokv.com/share/video/7582031740596718862/,
2025-12-10 04:36:55-05:00,2025-12-10,4,like,Likes and Favorites.Like List.ItemFavoriteList,https://www.tiktokv.com/share/video/7555666198424227086/,
2025-12-10 02:14:21-05:00,2025-12-10,2,like,Likes and Favorites.Like List.ItemFavoriteList,https://www.tiktokv.com/share/video/7581908917655964958/,
2025-12-10 02:03:09-05:00,2025-12-10,2,like,Likes and Favorites.Like List.ItemFavoriteList,https://www.tiktokv.com/share/video/7575350459616087310/,
2025-12-10 02:00:22-05:00,2025-12-10,2,like,Likes and Favorites.Like List.ItemFavoriteList,https://www.tiktokv.com/share/video/7581621081614617887/,
2025-12-10 01:59:48-05:00,2025-12-10,1,like,Likes and Favorites.Like List.ItemFavoriteList,https://www.tiktokv.com/share/video/7572300567209544983/,
2025-12-09 22:51:30-05:00,2025-12-09,22,like,Likes and Favorites.Like List.ItemFavoriteList,https://www.tiktokv.com/share/video/7581273221341711647/,
2025-12-09 22:51:01-05:00,2025-12-09,22,like,Likes and Favorites.Like List.ItemFavoriteList,https://www.tiktokv.com/share/video/7565973603003469111/,
2025-12-09 22:46:30-05:00,2025-12-09,22,like,Likes and Favorites.Like List.ItemFavoriteList,https://www.tiktokv.com/share/video/7579510548639812877/,
2025-12-09 22:46:23-05:00,2025-12-09,22,like,Likes and Favorites.Like List.ItemFavoriteList,https://www.tiktokv.com/share/video/7581279479419473165/,
2025-12-09 22:45:15-05:00,2025-12-09,22,like,Likes and Favorites.Like List.ItemFavoriteList,https://www.tiktokv.com/share/video/7581921889526828318/,
2025-12-09 22:36:12-05:00,2025-12-09,22,like,Likes and Favorites.Like List.ItemFavoriteList,https://www.tiktokv.com/share/video/7561693070966803725/,
2025-12-09 22:36:01-05:00,2025-12-09,22,like,Likes and Favorites.Like List.ItemFavoriteList,https://www.tiktokv.com/share/video/7581771695069924663/,
2025-12-09 22:30:34-05:00,2025-12-09,22,like,Likes and Favorites.Like List.ItemFavoriteList,https://www.tiktokv.com/share/video/7580077817904254230/,
2025-12-09 22:27:03-05:00,2025-12-09,22,like,Likes and Favorites.Like List.ItemFavoriteList,https://www.tiktokv.com/share/video/7581627626414968095/,
2025-12-09 22:26:18-05:00,2025-12-09,22,like,Likes and Favorites.Like List.ItemFavoriteList,https://www.tiktokv.com/share/video/7582042953665842487/,
2025-12-09 22:25:49-05:00,2025-12-09,22,like,Likes and Favorites.Like List.ItemFavoriteList,https://www.tiktokv.com/share/video/7581196059100187912/,
2025-12-09 22:19:13-05:00,2025-12-09,22,like,Likes and Favorites.Like List.ItemFavoriteList,https://www.tiktokv.com/share/video/7581929223573605687/,
2025-12-09 22:17:36-05:00,2025-12-09,22,like,Likes and Favorites.Like List.ItemFavoriteList,https://www.tiktokv.com/share/video/7570763180998216982/,
2025-12-09 22:16:57-05:00,2025-12-09,22,like,Likes and Favorites.Like List.ItemFavoriteList,https://www.tiktokv.com/share/video/7581489436584643895/,
2025-12-09 22:16:29-05:00,2025-12-09,22,like,Likes and Favorites.Like List.ItemFavoriteList,https://www.tiktokv.com/share/video/7580847088829861175/,
2025-12-09 22:16:20-05:00,2025-12-09,22,like,Likes and Favorites.Like List.ItemFavoriteList,https://www.tiktokv.com/share/video/7581228588117003551/,
2025-12-09 22:14:32-05:00,2025-12-09,22,like,Likes and Favorites.Like List.ItemFavoriteList,https://www.tiktokv.com/share/video/7581570776533339422/,
2025-12-09 22:14:06-05:00,2025-12-09,22,like,Likes and Favorites.Like List.ItemFavoriteList,https://www.tiktokv.com/share/video/7573866070549859614/,
2025-12-09 22:12:56-05:00,2025-12-09,22,like,Likes and Favorites.Like List.ItemFavoriteList,https://www.tiktokv.com/share/video/7581891299184315703/,
2025-12-09 22:12:36-05:00,2025-12-09,22,like,Likes and Favorites.Like List.ItemFavoriteList,https://www.tiktokv.com/share/video/7577899073781468447/,
2025-12-09 22:12:18-05:00,2025-12-09,22,like,Likes and Favorites.Like List.ItemFavoriteList,https://www.tiktokv.com/share/video/7580862688125881630/,
2025-12-09 22:09:16-05:00,2025-12-09,22,like,Likes and Favorites.Like List.ItemFavoriteList,https://www.tiktokv.com/share/video/7581937551183842574/,
2025-12-09 22:08:26-05:00,2025-12-09,22,like,Likes and Favorites.Like List.ItemFavoriteList,https://www.tiktokv.com/share/video/7581483900116012318/,
2025-12-09 22:07:58-05:00,2025-12-09,22,like,Likes and Favorites.Like List.ItemFavoriteList,https://www.tiktokv.com/share/video/7581729222037638431/,
2025-12-09 22:07:17-05:00,2025-12-09,22,like,Likes and Favorites.Like List.ItemFavoriteList,https://www.tiktokv.com/share/video/7581410923747855647/,
2025-12-09 22:06:07-05:00,2025-12-09,22,like,Likes and Favorites.Like List.ItemFavoriteList,https://www.tiktokv.com/share/video/7581486568301448461/,
2025-12-09 22:05:26-05:00,2025-12-09,22,like,Likes and Favorites.Like List.ItemFavoriteList,https://www.tiktokv.com/share/video/7581580650768043277/,
2025-12-09 22:04:37-05:00,2025-12-09,22,like,Likes and Favorites.Like List.ItemFavoriteList,https://www.tiktokv.com/share/video/7581565129758706958/,
2025-12-09 22:03:06-05:00,2025-12-09,22,like,Likes and Favorites.Like List.ItemFavoriteList,https://www.tiktokv.com/share/video/7581618173431024909/,
2025-12-09 18:47:58-05:00,2025-12-09,18,like,Likes and Favorites.Like List.ItemFavoriteList,https://www.tiktokv.com/share/video/7581316227113422093/,
2025-12-09 18:45:41-05:00,2025-12-09,18,like,Likes and Favorites.Like List.ItemFavoriteList,https://www.tiktokv.com/share/video/7566682382393232670/,
2025-12-09 18:44:45-05:00,2025-12-09,18,like,Likes and Favorites.Like List.ItemFavoriteList,https://www.tiktokv.com/share/video/7578326696214990111/,
2025-12-09 18:44:19-05:00,2025-12-09,18,like,Likes and Favorites.Like List.ItemFavoriteList,https://www.tiktokv.com/share/video/7580724794895731981/,
2025-12-09 18:43:52-05:00,2025-12-09,18,like,Likes and Favorites.Like List.ItemFavoriteList,https://www.tiktokv.com/share/video/7577885928128072982/,
2025-12-09 18:43:19-05:00,2025-12-09,18,like,Likes and Favorites.Like List.ItemFavoriteList,https://www.tiktokv.com/share/video/7575859973087972639/,
2025-12-09 18:41:02-05:00,2025-12-09,18,like,Likes and Favorites.Like List.ItemFavoriteList,https://www.tiktokv.com/share/video/7581105347939683606/,
2025-12-09 18:39:51-05:00,2025-12-09,18,like,Likes and Favorites.Like List.ItemFavoriteList,https://www.tiktokv.com/share/video/7581642760902544670/,
2025-12-09 18:39:07-05:00,2025-12-09,18,like,Likes and Favorites.Like List.ItemFavoriteList,https://www.tiktokv.com/share/video/7581064866551565598/,
2025-12-09 18:37:04-05:00,2025-12-09,18,like,Likes and Favorites.Like List.ItemFavoriteList,https://www.tiktokv.com/share/video/7578671219709316382/,
2025-12-09 18:36:16-05:00,2025-12-09,18,like,Likes and Favorites.Like List.ItemFavoriteList,https://www.tiktokv.com/share/video/7578670081018842389/,
2025-12-09 18:33:54-05:00,2025-12-09,18,like,Likes and Favorites.Like List.ItemFavoriteList,https://www.tiktokv.com/share/video/7581002815233854727/,
2025-12-09 18:32:25-05:00,2025-12-09,18,like,Likes and Favorites.Like List.ItemFavoriteList,https://www.tiktokv.com/share/video/7581337113048763679/,
2025-12-09 18:31:52-05:00,2025-12-09,18,like,Likes and Favorites.Like List.ItemFavoriteList,https://www.tiktokv.com/share/video/7573747881811741965/,
2025-12-09 18:29:00-05:00,2025-12-09,18,like,Likes and Favorites.Like List.ItemFavoriteList,https://www.tiktokv.com/share/video/7581940876398562574/,
2025-12-09 18:27:39-05:00,2025-12-09,18,like,Likes and Favorites.Like List.ItemFavoriteList,https://www.tiktokv.com/share/video/7581395727784447262/,
2025-12-09 18:26:11-05:00,2025-12-09,18,like,Likes and Favorites.Like List.ItemFavoriteList,https://www.tiktokv.com/share/video/7574170854922177823/,
2025-12-09 18:25:46-05:00,2025-12-09,18,like,Likes and Favorites.Like List.ItemFavoriteList,https://www.tiktokv.com/share/video/7580588498562977037/,
2025-12-09 18:24:29-05:00,2025-12-09,18,like,Likes and Favorites.Like List.ItemFavoriteList,https://www.tiktokv.com/share/video/7581591098993200397/,
2025-12-09 18:16:06-05:00,2025-12-09,18,like,Likes and Favorites.Like List.ItemFavoriteList,https://www.tiktokv.com/share/video/7581896261737925918/,
2025-12-09 18:15:24-05:00,2025-12-09,18,like,Likes and Favorites.Like List.ItemFavoriteList,https://www.tiktokv.com/share/video/7564205398782250270/,
2025-12-09 17:50:30-05:00,2025-12-09,17,like,Likes and Favorites.Like List.ItemFavoriteList,https://www.tiktokv.com/share/video/7573399161496816918/,
2025-12-09 16:18:23-05:00,2025-12-09,16,like,Likes and Favorites.Like List.ItemFavoriteList,https://www.tiktokv.com/share/video/7581595157737344287/,
2025-12-09 16:15:57-05:00,2025-12-09,16,like,Likes and Favorites.Like List.ItemFavoriteList,https://www.tiktokv.com/share/video/7579112888221076766/,
2025-12-09 16:14:17-05:00,2025-12-09,16,like,Likes and Favorites.Like List.ItemFavoriteList,https://www.tiktokv.com/share/video/7581876734581099806/,
2025-12-09 16:13:24-05:00,2025-12-09,16,like,Likes and Favorites.Like List.ItemFavoriteList,https://www.tiktokv.com/share/video/7581176978489822477/,
2025-12-09 14:26:05-05:00,2025-12-09,14,like,Likes and Favorites.Like List.ItemFavoriteList,https://www.tiktokv.com/share/video/7560028176500542734/,
2025-12-09 14:25:02-05:00,2025-12-09,14,like,Likes and Favorites.Like List.ItemFavoriteList,https://www.tiktokv.com/share/video/7570003513653120286/,
2025-12-09 14:22:47-05:00,2025-12-09,14,like,Likes and Favorites.Like List.ItemFavoriteList,https://www.tiktokv.com/share/video/7580569039030750495/,
2025-12-09 14:22:16-05:00,2025-12-09,14,like,Likes and Favorites.Like List.ItemFavoriteList,https://www.tiktokv.com/share/video/7575188389264100630/,
2025-12-09 14:21:37-05:00,2025-12-09,14,like,Likes and Favorites.Like List.ItemFavoriteList,https://www.tiktokv.com/share/video/7581295430730845471/,
2025-12-09 14:20:58-05:00,2025-12-09,14,like,Likes and Favorites.Like List.ItemFavoriteList,https://www.tiktokv.com/share/video/7579435427635940639/,
2025-12-09 14:19:15-05:00,2025-12-09,14,like,Likes and Favorites.Like List.ItemFavoriteList,https://www.tiktokv.com/share/video/7525590420743556383/,
2025-12-09 14:18:55-05:00,2025-12-09,14,like,Likes and Favorites.Like List.ItemFavoriteList,https://www.tiktokv.com/share/video/7572488200913014030/,
2025-12-09 14:18:51-05:00,2025-12-09,14,like,Likes and Favorites.Like List.ItemFavoriteList,https://www.tiktokv.com/share/video/7580887499434757407/,
2025-12-09 14:18:24-05:00,2025-12-09,14,like,Likes and Favorites.Like List.ItemFavoriteList,https://www.tiktokv.com/share/video/7577270584329964830/,
2025-12-09 14:16:15-05:00,2025-12-09,14,like,Likes and Favorites.Like List.ItemFavoriteList,https://www.tiktokv.com/share/video/7562079402176138499/,
2025-12-09 14:15:58-05:00,2025-12-09,14,like,Likes and Favorites.Like List.ItemFavoriteList,https://www.tiktokv.com/share/video/7559723080277347614/,
2025-12-09 14:14:44-05:00,2025-12-09,14,like,Likes and Favorites.Like List.ItemFavoriteList,https://www.tiktokv.com/share/video/7562618238262201655/,
2025-12-09 14:14:30-05:00,2025-12-09,14,like,Likes and Favorites.Like List.ItemFavoriteList,https://www.tiktokv.com/share/video/7581721459739856159/,
2025-12-09 14:13:53-05:00,2025-12-09,14,like,Likes and Favorites.Like List.ItemFavoriteList,https://www.tiktokv.com/share/video/7560473762777337106/,
2025-12-09 14:13:08-05:00,2025-12-09,14,like,Likes and Favorites.Like List.ItemFavoriteList,https://www.tiktokv.com/share/video/7580341912649944350/,
2025-12-09 14:10:40-05:00,2025-12-09,14,like,Likes and Favorites.Like List.ItemFavoriteList,https://www.tiktokv.com/share/video/7570062866439474487/,
2025-12-09 14:08:45-05:00,2025-12-09,14,like,Likes and Favorites.Like List.ItemFavoriteList,https://www.tiktokv.com/share/video/7580792014447381774/,
2025-12-09 14:08:09-05:00,2025-12-09,14,like,Likes and Favorites.Like List.ItemFavoriteList,https://www.tiktokv.com/share/video/7581679498542845239/,
2025-12-09 14:07:24-05:00,2025-12-09,14,like,Likes and Favorites.Like List.ItemFavoriteList,https://www.tiktokv.com/share/video/7579831169286540565/,
2025-12-09 14:07:01-05:00,2025-12-09,14,like,Likes and Favorites.Like List.ItemFavoriteList,https://www.tiktokv.com/share/video/7570776464170274081/,
2025-12-09 14:04:49-05:00,2025-12-09,14,like,Likes and Favorites.Like List.ItemFavoriteList,https://www.tiktokv.com/share/video/7564055322441141526/,
2025-12-09 14:03:20-05:00,2025-12-09,14,like,Likes and Favorites.Like List.ItemFavoriteList,https://www.tiktokv.com/share/video/7566121080847420703/,
2025-12-09 14:02:38-05:00,2025-12-09,14,like,Likes and Favorites.Like List.ItemFavoriteList,https://www.tiktokv.com/share/video/7581538072945249550/,
2025-12-09 14:01:42-05:00,2025-12-09,14,like,Likes and Favorites.Like List.ItemFavoriteList,https://www.tiktokv.com/share/video/7581196190834822430/,
2025-12-09 14:01:01-05:00,2025-12-09,14,like,Likes and Favorites.Like List.ItemFavoriteList,https://www.tiktokv.com/share/video/7581219191710125326/,
2025-12-09 14:00:49-05:00,2025-12-09,14,like,Likes and Favorites.Like List.ItemFavoriteList,https://www.tiktokv.com/share/video/7580834163993988383/,
2025-12-09 13:59:49-05:00,2025-12-09,13,like,Likes and Favorites.Like List.ItemFavoriteList,https://www.tiktokv.com/share/video/7563646847928077599/,
2025-12-09 13:57:34-05:00,2025-12-09,13,like,Likes and Favorites.Like List.ItemFavoriteList,https://www.tiktokv.com/share/video/7579693427139398926/,
2025-12-09 08:58:17-05:00,2025-12-09,8,like,Likes and Favorites.Like List.ItemFavoriteList,https://www.tiktokv.com/share/video/7581636487826001183/,
2025-12-09 08:56:33-05:00,2025-12-09,8,like,Likes and Favorites.Like List.ItemFavoriteList,https://www.tiktokv.com/share/video/7581211748758293790/,
2025-12-09 03:26:57-05:00,2025-12-09,3,like,Likes and Favorites.Like List.ItemFavoriteList,https://www.tiktokv.com/share/video/7580641892468116749/,
2025-12-09 03:26:21-05:00,2025-12-09,3,like,Likes and Favorites.Like List.ItemFavoriteList,https://www.tiktokv.com/share/video/7563554744455679253/,
2025-12-09 03:10:49-05:00,2025-12-09,3,like,Likes and Favorites.Like List.ItemFavoriteList,https://www.tiktokv.com/share/video/7577145415674531095/,
2025-12-09 03:08:28-05:00,2025-12-09,3,like,Likes and Favorites.Like List.ItemFavoriteList,https://www.tiktokv.com/share/video/7574440213657718029/,
2025-12-09 03:08:11-05:00,2025-12-09,3,like,Likes and Favorites.Like List.ItemFavoriteList,https://www.tiktokv.com/share/video/7581091951315799318/,
2025-12-09 03:01:11-05:00,2025-12-09,3,like,Likes and Favorites.Like List.ItemFavoriteList,https://www.tiktokv.com/share/video/7580025790281075999/,
2025-12-09 02:59:41-05:00,2025-12-09,2,like,Likes and Favorites.Like List.ItemFavoriteList,https://www.tiktokv.com/share/video/7580980276864552222/,
2025-12-09 02:57:46-05:00,2025-12-09,2,like,Likes and Favorites.Like List.ItemFavoriteList,https://www.tiktokv.com/share/video/7566071840569838861/,
2025-12-09 02:56:08-05:00,2025-12-09,2,like,Likes and Favorites.Like List.ItemFavoriteList,https://www.tiktokv.com/share/video/7573537372294450445/,
2025-12-09 02:54:35-05:00,2025-12-09,2,like,Likes and Favorites.Like List.ItemFavoriteList,https://www.tiktokv.com/share/video/7574014512202779934/,
2025-12-09 02:53:39-05:00,2025-12-09,2,like,Likes and Favorites.Like List.ItemFavoriteList,https://www.tiktokv.com/share/video/7581582854824480014/,
2025-12-09 02:51:15-05:00,2025-12-09,2,like,Likes and Favorites.Like List.ItemFavoriteList,https://www.tiktokv.com/share/video/7562488684667309334/,
2025-12-09 02:50:50-05:00,2025-12-09,2,like,Likes and Favorites.Like List.ItemFavoriteList,https://www.tiktokv.com/share/video/7580939030737521950/,
2025-12-09 02:49:37-05:00,2025-12-09,2,like,Likes and Favorites.Like List.ItemFavoriteList,https://www.tiktokv.com/share/video/7580831756534811926/,
2025-12-09 02:48:28-05:00,2025-12-09,2,like,Likes and Favorites.Like List.ItemFavoriteList,https://www.tiktokv.com/share/video/7564812990160194830/,
2025-12-09 02:48:17-05:00,2025-12-09,2,like,Likes and Favorites.Like List.ItemFavoriteList,https://www.tiktokv.com/share/video/7578983868569554189/,
2025-12-09 02:46:26-05:00,2025-12-09,2,like,Likes and Favorites.Like List.ItemFavoriteList,https://www.tiktokv.com/share/video/7581530882050149662/,
2025-12-09 02:44:08-05:00,2025-12-09,2,like,Likes and Favorites.Like List.ItemFavoriteList,https://www.tiktokv.com/share/video/7581308768651201822/,
2025-12-09 02:43:46-05:00,2025-12-09,2,like,Likes and Favorites.Like List.ItemFavoriteList,https://www.tiktokv.com/share/video/7580914958775471391/,
2025-12-09 02:43:12-05:00,2025-12-09,2,like,Likes and Favorites.Like List.ItemFavoriteList,https://www.tiktokv.com/share/video/7581630673526607118/,
2025-12-09 02:20:09-05:00,2025-12-09,2,like,Likes and Favorites.Like List.ItemFavoriteList,https://www.tiktokv.com/share/video/7579347073754008845/,
2025-12-09 02:04:46-05:00,2025-12-09,2,like,Likes and Favorites.Like List.ItemFavoriteList,https://www.tiktokv.com/share/video/7581219992151018766/,
2025-12-09 01:23:51-05:00,2025-12-09,1,like,Likes and Favorites.Like List.ItemFavoriteList,https://www.tiktokv.com/share/video/7559937358729252118/,
2025-12-09 01:23:38-05:00,2025-12-09,1,like,Likes and Favorites.Like List.ItemFavoriteList,https://www.tiktokv.com/share/video/7566299124677610774/,
2025-12-09 01:21:54-05:00,2025-12-09,1,like,Likes and Favorites.Like List.ItemFavoriteList,https://www.tiktokv.com/share/video/7579097053695921463/,
2025-12-09 01:21:43-05:00,2025-12-09,1,like,Likes and Favorites.Like List.ItemFavoriteList,https://www.tiktokv.com/share/video/7581292239096220942/,
2025-12-09 01:20:39-05:00,2025-12-09,1,like,Likes and Favorites.Like List.ItemFavoriteList,https://www.tiktokv.com/share/video/7581287773093645598/,
2025-12-09 01:18:55-05:00,2025-12-09,1,like,Likes and Favorites.Like List.ItemFavoriteList,https://www.tiktokv.com/share/video/7580957500569062686/,
2025-12-09 01:18:15-05:00,2025-12-09,1,like,Likes and Favorites.Like List.ItemFavoriteList,https://www.tiktokv.com/share/video/7580819541039582478/,
2025-12-09 00:52:09-05:00,2025-12-09,0,like,Likes and Favorites.Like List.ItemFavoriteList,https://www.tiktokv.com/share/video/7580563758053952799/,
2025-12-09 00:44:23-05:00,2025-12-09,0,like,Likes and Favorites.Like List.ItemFavoriteList,https://www.tiktokv.com/share/video/7581300280537419039/,
2025-12-08 16:35:50-05:00,2025-12-08,16,like,Likes and Favorites.Like List.ItemFavoriteList,https://www.tiktokv.com/share/video/7580985091317370142/,
2025-12-08 16:35:35-05:00,2025-12-08,16,like,Likes and Favorites.Like List.ItemFavoriteList,https://www.tiktokv.com/share/video/7581186987525246222/,
2025-12-08 16:28:46-05:00,2025-12-08,16,like,Likes and Favorites.Like List.ItemFavoriteList,https://www.tiktokv.com/share/video/7581272764011662606/,
2025-12-08 16:28:29-05:00,2025-12-08,16,like,Likes and Favorites.Like List.ItemFavoriteList,https://www.tiktokv.com/share/video/7560580237776456978/,
2025-12-08 16:27:54-05:00,2025-12-08,16,like,Likes and Favorites.Like List.ItemFavoriteList,https://www.tiktokv.com/share/video/7581254358835236126/,
2025-12-08 16:27:14-05:00,2025-12-08,16,like,Likes and Favorites.Like List.ItemFavoriteList,https://www.tiktokv.com/share/video/7580900798515662110/,
2025-12-08 16:23:25-05:00,2025-12-08,16,like,Likes and Favorites.Like List.ItemFavoriteList,https://www.tiktokv.com/share/video/7565532516157852958/,
2025-12-08 16:23:06-05:00,2025-12-08,16,like,Likes and Favorites.Like List.ItemFavoriteList,https://www.tiktokv.com/share/video/7580188980583435534/,
2025-12-08 15:49:36-05:00,2025-12-08,15,like,Likes and Favorites.Like List.ItemFavoriteList,https://www.tiktokv.com/share/video/7532297668043803917/,
2025-12-08 15:48:17-05:00,2025-12-08,15,like,Likes and Favorites.Like List.ItemFavoriteList,https://www.tiktokv.com/share/video/7580155255757802807/,
2025-12-08 15:46:41-05:00,2025-12-08,15,like,Likes and Favorites.Like List.ItemFavoriteList,https://www.tiktokv.com/share/video/7581541608986905886/,
2025-12-08 15:27:43-05:00,2025-12-08,15,like,Likes and Favorites.Like List.ItemFavoriteList,https://www.tiktokv.com/share/video/7581241092570418487/,
2025-12-08 15:00:00-05:00,2025-12-08,15,like,Likes and Favorites.Like List.ItemFavoriteList,https://www.tiktokv.com/share/video/7580839027717229837/,
2025-12-08 14:58:04-05:00,2025-12-08,14,like,Likes and Favorites.Like List.ItemFavoriteList,https://www.tiktokv.com/share/video/7579998365530787079/,
2025-12-08 14:55:59-05:00,2025-12-08,14,like,Likes and Favorites.Like List.ItemFavoriteList,https://www.tiktokv.com/share/video/7580770665066761486/,
2025-12-08 14:54:47-05:00,2025-12-08,14,like,Likes and Favorites.Like List.ItemFavoriteList,https://www.tiktokv.com/share/video/7581141923885288717/,
2025-12-08 14:52:25-05:00,2025-12-08,14,like,Likes and Favorites.Like List.ItemFavoriteList,https://www.tiktokv.com/share/video/7581256874197044535/,
2025-12-08 14:52:05-05:00,2025-12-08,14,like,Likes and Favorites.Like List.ItemFavoriteList,https://www.tiktokv.com/share/video/7579339074306198815/,
2025-12-08 14:51:33-05:00,2025-12-08,14,like,Likes and Favorites.Like List.ItemFavoriteList,https://www.tiktokv.com/share/video/7581494487336111390/,
2025-12-08 14:51:16-05:00,2025-12-08,14,like,Likes and Favorites.Like List.ItemFavoriteList,https://www.tiktokv.com/share/video/7581493596327513375/,
2025-12-08 14:50:18-05:00,2025-12-08,14,like,Likes and Favorites.Like List.ItemFavoriteList,https://www.tiktokv.com/share/video/7580814256136834311/,
2025-12-08 14:47:21-05:00,2025-12-08,14,like,Likes and Favorites.Like List.ItemFavoriteList,https://www.tiktokv.com/share/video/7580406285372312862/,
2025-12-08 14:33:35-05:00,2025-12-08,14,like,Likes and Favorites.Like List.ItemFavoriteList,https://www.tiktokv.com/share/video/7580522408084245790/,
2025-12-08 14:32:04-05:00,2025-12-08,14,like,Likes and Favorites.Like List.ItemFavoriteList,https://www.tiktokv.com/share/video/7580536775802686775/,
2025-12-08 12:09:04-05:00,2025-12-08,12,like,Likes and Favorites.Like List.ItemFavoriteList,https://www.tiktokv.com/share/video/7579828868152921358/,
2025-12-08 12:08:21-05:00,2025-12-08,12,like,Likes and Favorites.Like List.ItemFavoriteList,https://www.tiktokv.com/share/video/7580697860446981398/,
2025-12-08 12:06:34-05:00,2025-12-08,12,like,Likes and Favorites.Like List.ItemFavoriteList,https://www.tiktokv.com/share/video/7580999560416234782/,
2025-12-08 12:02:12-05:00,2025-12-08,12,like,Likes and Favorites.Like List.ItemFavoriteList,https://www.tiktokv.com/share/video/7580448782056312078/,
2025-12-08 12:01:55-05:00,2025-12-08,12,like,Likes and Favorites.Like List.ItemFavoriteList,https://www.tiktokv.com/share/video/7580729911757884694/,
2025-12-08 12:00:55-05:00,2025-12-08,12,like,Likes and Favorites.Like List.ItemFavoriteList,https://www.tiktokv.com/share/video/7580601061744987422/,
2025-12-08 11:26:07-05:00,2025-12-08,11,like,Likes and Favorites.Like List.ItemFavoriteList,https://www.tiktokv.com/share/video/7558264675771665695/,
2025-12-08 11:21:54-05:00,2025-12-08,11,like,Likes and Favorites.Like List.ItemFavoriteList,https://www.tiktokv.com/share/video/7566403748378053943/,
2025-12-08 11:15:41-05:00,2025-12-08,11,like,Likes and Favorites.Like List.ItemFavoriteList,https://www.tiktokv.com/share/video/7580410275191426326/,
2025-12-07 11:45:39-05:00,2025-12-07,11,like,Likes and Favorites.Like List.ItemFavoriteList,https://www.tiktokv.com/share/video/7580058686370876690/,
2025-12-07 11:44:40-05:00,2025-12-07,11,like,Likes and Favorites.Like List.ItemFavoriteList,https://www.tiktokv.com/share/video/7552005369954979079/,
2025-12-07 11:43:41-05:00,2025-12-07,11,like,Likes and Favorites.Like List.ItemFavoriteList,https://www.tiktokv.com/share/video/7578566829694520607/,
2025-12-07 00:03:03-05:00,2025-12-07,0,like,Likes and Favorites.Like List.ItemFavoriteList,https://www.tiktokv.com/share/video/7578872755899190536/,
2025-12-07 00:02:36-05:00,2025-12-07,0,like,Likes and Favorites.Like List.ItemFavoriteList,https://www.tiktokv.com/share/video/7579032609523600670/,
2025-12-07 00:02:03-05:00,2025-12-07,0,like,Likes and Favorites.Like List.ItemFavoriteList,https://www.tiktokv.com/share/video/7575684930294779166/,
2025-12-07 00:01:46-05:00,2025-12-07,0,like,Likes and Favorites.Like List.ItemFavoriteList,https://www.tiktokv.com/share/video/7579868089148394765/,
2025-12-06 23:58:24-05:00,2025-12-06,23,like,Likes and Favorites.Like List.ItemFavoriteList,https://www.tiktokv.com/share/video/7570090231718776095/,
2025-12-06 23:57:02-05:00,2025-12-06,23,like,Likes and Favorites.Like List.ItemFavoriteList,https://www.tiktokv.com/share/video/7563463924830440726/,
2025-12-06 23:56:42-05:00,2025-12-06,23,like,Likes and Favorites.Like List.ItemFavoriteList,https://www.tiktokv.com/share/video/7578005964037705015/,
2025-12-06 23:46:51-05:00,2025-12-06,23,like,Likes and Favorites.Like List.ItemFavoriteList,https://www.tiktokv.com/share/video/7580897601742966047/,
2025-12-06 23:39:54-05:00,2025-12-06,23,like,Likes and Favorites.Like List.ItemFavoriteList,https://www.tiktokv.com/share/video/7564255544165420343/,
2025-12-06 23:39:03-05:00,2025-12-06,23,like,Likes and Favorites.Like List.ItemFavoriteList,https://www.tiktokv.com/share/video/7557131208145014046/,
2025-12-06 23:34:18-05:00,2025-12-06,23,like,Likes and Favorites.Like List.ItemFavoriteList,https://www.tiktokv.com/share/video/7560529734820580622/,
2025-12-06 23:34:09-05:00,2025-12-06,23,like,Likes and Favorites.Like List.ItemFavoriteList,https://www.tiktokv.com/share/video/7580496497842654494/,
2025-12-06 23:16:52-05:00,2025-12-06,23,like,Likes and Favorites.Like List.ItemFavoriteList,https://www.tiktokv.com/share/video/7580938056430030093/,
2025-12-06 23:14:15-05:00,2025-12-06,23,like,Likes and Favorites.Like List.ItemFavoriteList,https://www.tiktokv.com/share/video/7580474302290562359/,
2025-12-06 20:45:56-05:00,2025-12-06,20,like,Likes and Favorites.Like List.ItemFavoriteList,https://www.tiktokv.com/share/video/7525219232024399117/,
2025-12-06 20:08:23-05:00,2025-12-06,20,like,Likes and Favorites.Like List.ItemFavoriteList,https://www.tiktokv.com/share/video/7568857583247936775/,
2025-12-06 20:08:18-05:00,2025-12-06,20,like,Likes and Favorites.Like List.ItemFavoriteList,https://www.tiktokv.com/share/video/7571091690124021023/,
2025-12-06 20:07:10-05:00,2025-12-06,20,like,Likes and Favorites.Like List.ItemFavoriteList,https://www.tiktokv.com/share/video/7580294186021178655/,
2025-12-06 20:06:44-05:00,2025-12-06,20,like,Likes and Favorites.Like List.ItemFavoriteList,https://www.tiktokv.com/share/video/7580124805563796769/,
2025-12-06 20:06:19-05:00,2025-12-06,20,like,Likes and Favorites.Like List.ItemFavoriteList,https://www.tiktokv.com/share/video/7567756571317488910/,
2025-12-06 00:52:09-05:00,2025-12-06,0,like,Likes and Favorites.Like List.ItemFavoriteList,https://www.tiktokv.com/share/video/7579472470009285901/,
2025-12-06 00:51:04-05:00,2025-12-06,0,like,Likes and Favorites.Like List.ItemFavoriteList,https://www.tiktokv.com/share/video/7580543607451569463/,
2025-12-06 00:50:51-05:00,2025-12-06,0,like,Likes and Favorites.Like List.ItemFavoriteList,https://www.tiktokv.com/share/video/7549291332926328095/,
2025-12-06 00:49:44-05:00,2025-12-06,0,like,Likes and Favorites.Like List.ItemFavoriteList,https://www.tiktokv.com/share/video/7576743924073549070/,
2025-12-06 00:43:27-05:00,2025-12-06,0,like,Likes and Favorites.Like List.ItemFavoriteList,https://www.tiktokv.com/share/video/7574819583295556886/,
2025-12-06 00:42:30-05:00,2025-12-06,0,like,Likes and Favorites.Like List.ItemFavoriteList,https://www.tiktokv.com/share/video/7580455833797020941/,
2025-12-05 22:32:10-05:00,2025-12-05,22,like,Likes and Favorites.Like List.ItemFavoriteList,https://www.tiktokv.com/share/video/7579503198977658132/,
2025-12-05 22:31:29-05:00,2025-12-05,22,like,Likes and Favorites.Like List.ItemFavoriteList,https://www.tiktokv.com/share/video/7580451789531647245/,
2025-12-05 22:17:01-05:00,2025-12-05,22,like,Likes and Favorites.Like List.ItemFavoriteList,https://www.tiktokv.com/share/video/7565679360229772575/,
2025-12-05 20:31:15-05:00,2025-12-05,20,like,Likes and Favorites.Like List.ItemFavoriteList,https://www.tiktokv.com/share/video/7580175724011638030/,
2025-12-05 17:52:52-05:00,2025-12-05,17,like,Likes and Favorites.Like List.ItemFavoriteList,https://www.tiktokv.com/share/video/7580131069710667022/,
2025-12-05 17:16:55-05:00,2025-12-05,17,like,Likes and Favorites.Like List.ItemFavoriteList,https://www.tiktokv.com/share/video/7576045161436777759/,
2025-12-05 17:15:43-05:00,2025-12-05,17,like,Likes and Favorites.Like List.ItemFavoriteList,https://www.tiktokv.com/share/video/7575643859384896799/,
2025-12-05 17:14:58-05:00,2025-12-05,17,like,Likes and Favorites.Like List.ItemFavoriteList,https://www.tiktokv.com/share/video/7580229574802394398/,
2025-12-05 17:08:45-05:00,2025-12-05,17,like,Likes and Favorites.Like List.ItemFavoriteList,https://www.tiktokv.com/share/video/7579813959356665101/,
2025-12-05 15:04:11-05:00,2025-12-05,15,like,Likes and Favorites.Like List.ItemFavoriteList,https://www.tiktokv.com/share/video/7575329563815857441/,
2025-12-05 15:03:37-05:00,2025-12-05,15,like,Likes and Favorites.Like List.ItemFavoriteList,https://www.tiktokv.com/share/video/7568609260221795597/,
2025-12-05 15:02:26-05:00,2025-12-05,15,like,Likes and Favorites.Like List.ItemFavoriteList,https://www.tiktokv.com/share/video/7579775758101515551/,
2025-12-05 15:00:35-05:00,2025-12-05,15,like,Likes and Favorites.Like List.ItemFavoriteList,https://www.tiktokv.com/share/video/7580206957290589470/,
2025-12-05 14:59:28-05:00,2025-12-05,14,like,Likes and Favorites.Like List.ItemFavoriteList,https://www.tiktokv.com/share/video/7579868931276492062/,
2025-12-05 14:59:10-05:00,2025-12-05,14,like,Likes and Favorites.Like List.ItemFavoriteList,https://www.tiktokv.com/share/video/7576535700913278239/,
2025-12-05 11:28:54-05:00,2025-12-05,11,like,Likes and Favorites.Like List.ItemFavoriteList,https://www.tiktokv.com/share/video/7571179337911667998/,
2025-12-05 11:28:09-05:00,2025-12-05,11,like,Likes and Favorites.Like List.ItemFavoriteList,https://www.tiktokv.com/share/video/7578493244355513622/,
2025-12-05 11:27:41-05:00,2025-12-05,11,like,Likes and Favorites.Like List.ItemFavoriteList,https://www.tiktokv.com/share/video/7577753161838972215/,
2025-12-05 11:27:38-05:00,2025-12-05,11,like,Likes and Favorites.Like List.ItemFavoriteList,https://www.tiktokv.com/share/video/7579399824215133454/,
2025-12-05 11:26:34-05:00,2025-12-05,11,like,Likes and Favorites.Like List.ItemFavoriteList,https://www.tiktokv.com/share/video/7577836385302859030/,
2025-12-05 11:13:50-05:00,2025-12-05,11,like,Likes and Favorites.Like List.ItemFavoriteList,https://www.tiktokv.com/share/video/7579750531640478989/,
2025-12-05 11:12:12-05:00,2025-12-05,11,like,Likes and Favorites.Like List.ItemFavoriteList,https://www.tiktokv.com/share/video/7573186278959648020/,
2025-12-05 11:11:56-05:00,2025-12-05,11,like,Likes and Favorites.Like List.ItemFavoriteList,https://www.tiktokv.com/share/video/7578011482407980319/,
2025-12-05 11:08:01-05:00,2025-12-05,11,like,Likes and Favorites.Like List.ItemFavoriteList,https://www.tiktokv.com/share/video/7580123382402845983/,
2025-12-05 11:07:31-05:00,2025-12-05,11,like,Likes and Favorites.Like List.ItemFavoriteList,https://www.tiktokv.com/share/video/7579611128918019342/,
2025-12-05 11:02:20-05:00,2025-12-05,11,like,Likes and Favorites.Like List.ItemFavoriteList,https://www.tiktokv.com/share/video/7579073531183369527/,
2025-12-05 11:01:29-05:00,2025-12-05,11,like,Likes and Favorites.Like List.ItemFavoriteList,https://www.tiktokv.com/share/video/7579507236376956173/,
2025-12-05 00:31:09-05:00,2025-12-05,0,like,Likes and Favorites.Like List.ItemFavoriteList,https://www.tiktokv.com/share/video/7565272371498700087/,
2025-12-05 00:29:52-05:00,2025-12-05,0,like,Likes and Favorites.Like List.ItemFavoriteList,https://www.tiktokv.com/share/video/7564154889174125837/,
2025-12-05 00:29:15-05:00,2025-12-05,0,like,Likes and Favorites.Like List.ItemFavoriteList,https://www.tiktokv.com/share/video/7571726799265123615/,
2025-12-05 00:26:36-05:00,2025-12-05,0,like,Likes and Favorites.Like List.ItemFavoriteList,https://www.tiktokv.com/share/video/7579837017001938189/,
2025-12-05 00:23:54-05:00,2025-12-05,0,like,Likes and Favorites.Like List.ItemFavoriteList,https://www.tiktokv.com/share/video/7579342415966801165/,
2025-12-04 23:44:53-05:00,2025-12-04,23,like,Likes and Favorites.Like List.ItemFavoriteList,https://www.tiktokv.com/share/video/7579812158452567310/,
2025-12-04 23:43:19-05:00,2025-12-04,23,like,Likes and Favorites.Like List.ItemFavoriteList,https://www.tiktokv.com/share/video/7358263176430931205/,
2025-12-04 23:43:05-05:00,2025-12-04,23,like,Likes and Favorites.Like List.ItemFavoriteList,https://www.tiktokv.com/share/video/7576431066257313054/,
2025-12-04 23:42:31-05:00,2025-12-04,23,like,Likes and Favorites.Like List.ItemFavoriteList,https://www.tiktokv.com/share/video/7579822878577659158/,
2025-12-04 23:40:30-05:00,2025-12-04,23,like,Likes and Favorites.Like List.ItemFavoriteList,https://www.tiktokv.com/share/video/7577313503661296926/,
2025-12-04 23:40:14-05:00,2025-12-04,23,like,Likes and Favorites.Like List.ItemFavoriteList,https://www.tiktokv.com/share/video/7579809250814283063/,
2025-12-04 23:39:52-05:00,2025-12-04,23,like,Likes and Favorites.Like List.ItemFavoriteList,https://www.tiktokv.com/share/video/7579678696374586654/,
2025-12-04 23:26:21-05:00,2025-12-04,23,like,Likes and Favorites.Like List.ItemFavoriteList,https://www.tiktokv.com/share/video/7578583919554022687/,
2025-12-04 23:25:34-05:00,2025-12-04,23,like,Likes and Favorites.Like List.ItemFavoriteList,https://www.tiktokv.com/share/video/7579891898718997790/,
2025-12-04 23:24:57-05:00,2025-12-04,23,like,Likes and Favorites.Like List.ItemFavoriteList,https://www.tiktokv.com/share/video/7579527277478808845/,
2025-12-04 16:07:00-05:00,2025-12-04,16,like,Likes and Favorites.Like List.ItemFavoriteList,https://www.tiktokv.com/share/video/7579510817838648590/,
2025-12-04 16:00:51-05:00,2025-12-04,16,like,Likes and Favorites.Like List.ItemFavoriteList,https://www.tiktokv.com/share/video/7579547379653676318/,
2025-12-04 15:59:44-05:00,2025-12-04,15,like,Likes and Favorites.Like List.ItemFavoriteList,https://www.tiktokv.com/share/video/7578625970014358815/,
2025-12-03 21:51:02-05:00,2025-12-03,21,like,Likes and Favorites.Like List.ItemFavoriteList,https://www.tiktokv.com/share/video/7579752144618655006/,
2025-12-03 21:47:12-05:00,2025-12-03,21,like,Likes and Favorites.Like List.ItemFavoriteList,https://www.tiktokv.com/share/video/7579311442671783198/,
2025-12-03 19:27:21-05:00,2025-12-03,19,like,Likes and Favorites.Like List.ItemFavoriteList,https://www.tiktokv.com/share/video/7577451469062884628/,
2025-12-03 19:25:54-05:00,2025-12-03,19,like,Likes and Favorites.Like List.ItemFavoriteList,https://www.tiktokv.com/share/video/7579071073250053406/,
2025-12-03 19:25:37-05:00,2025-12-03,19,like,Likes and Favorites.Like List.ItemFavoriteList,https://www.tiktokv.com/share/video/7578093563435552033/,
2025-12-03 19:25:31-05:00,2025-12-03,19,like,Likes and Favorites.Like List.ItemFavoriteList,https://www.tiktokv.com/share/video/7578951929909316894/,
2025-12-03 19:25:03-05:00,2025-12-03,19,like,Likes and Favorites.Like List.ItemFavoriteList,https://www.tiktokv.com/share/video/7578405071461960991/,
2025-12-03 19:23:36-05:00,2025-12-03,19,like,Likes and Favorites.Like List.ItemFavoriteList,https://www.tiktokv.com/share/video/7579016337276603679/,
2025-12-03 18:50:14-05:00,2025-12-03,18,like,Likes and Favorites.Like List.ItemFavoriteList,https://www.tiktokv.com/share/video/7577153067200613654/,
2025-12-03 18:50:02-05:00,2025-12-03,18,like,Likes and Favorites.Like List.ItemFavoriteList,https://www.tiktokv.com/share/video/7572497878459895053/,
2025-12-03 18:49:30-05:00,2025-12-03,18,like,Likes and Favorites.Like List.ItemFavoriteList,https://www.tiktokv.com/share/video/7572912845986286870/,
2025-12-03 18:39:17-05:00,2025-12-03,18,like,Likes and Favorites.Like List.ItemFavoriteList,https://www.tiktokv.com/share/video/7579324373153221901/,
2025-12-03 18:32:16-05:00,2025-12-03,18,like,Likes and Favorites.Like List.ItemFavoriteList,https://www.tiktokv.com/share/video/7579435125683899678/,
2025-12-03 18:32:05-05:00,2025-12-03,18,like,Likes and Favorites.Like List.ItemFavoriteList,https://www.tiktokv.com/share/video/7578974123720772877/,
2025-12-03 18:31:24-05:00,2025-12-03,18,like,Likes and Favorites.Like List.ItemFavoriteList,https://www.tiktokv.com/share/video/7573741942949891358/,
2025-12-03 18:30:59-05:00,2025-12-03,18,like,Likes and Favorites.Like List.ItemFavoriteList,https://www.tiktokv.com/share/video/7578594999189769486/,
2025-12-03 18:30:41-05:00,2025-12-03,18,like,Likes and Favorites.Like List.ItemFavoriteList,https://www.tiktokv.com/share/video/7579424492598856990/,
2025-12-03 18:30:35-05:00,2025-12-03,18,like,Likes and Favorites.Like List.ItemFavoriteList,https://www.tiktokv.com/share/video/7578893445335354646/,
2025-12-03 00:21:55-05:00,2025-12-03,0,like,Likes and Favorites.Like List.ItemFavoriteList,https://www.tiktokv.com/share/video/7576849946159140127/,
2025-12-02 21:00:07-05:00,2025-12-02,21,like,Likes and Favorites.Like List.ItemFavoriteList,https://www.tiktokv.com/share/video/7578674848965168402/,
2025-12-02 20:57:24-05:00,2025-12-02,20,like,Likes and Favorites.Like List.ItemFavoriteList,https://www.tiktokv.com/share/video/7578980536467590414/,
2025-12-02 20:51:33-05:00,2025-12-02,20,like,Likes and Favorites.Like List.ItemFavoriteList,https://www.tiktokv.com/share/video/7578282059681058103/,
2025-12-02 20:50:56-05:00,2025-12-02,20,like,Likes and Favorites.Like List.ItemFavoriteList,https://www.tiktokv.com/share/video/7574213273525013767/,
2025-12-02 20:49:43-05:00,2025-12-02,20,like,Likes and Favorites.Like List.ItemFavoriteList,https://www.tiktokv.com/share/video/7578702532273376543/,
2025-12-02 20:49:32-05:00,2025-12-02,20,like,Likes and Favorites.Like List.ItemFavoriteList,https://www.tiktokv.com/share/video/7576374154149072159/,
2025-12-02 20:45:12-05:00,2025-12-02,20,like,Likes and Favorites.Like List.ItemFavoriteList,https://www.tiktokv.com/share/video/7578532088375233822/,
2025-12-02 00:39:50-05:00,2025-12-02,0,like,Likes and Favorites.Like List.ItemFavoriteList,https://www.tiktokv.com/share/video/7571980973106023702/,
2025-12-02 00:39:40-05:00,2025-12-02,0,like,Likes and Favorites.Like List.ItemFavoriteList,https://www.tiktokv.com/share/video/7524608389456874782/,
2025-12-02 00:38:24-05:00,2025-12-02,0,like,Likes and Favorites.Like List.ItemFavoriteList,https://www.tiktokv.com/share/video/7578944216257072415/,
2025-12-01 23:52:20-05:00,2025-12-01,23,like,Likes and Favorites.Like List.ItemFavoriteList,https://www.tiktokv.com/share/video/7578720650794241335/,
2025-12-01 21:23:07-05:00,2025-12-01,21,like,Likes and Favorites.Like List.ItemFavoriteList,https://www.tiktokv.com/share/video/7578863088611364110/,
2025-12-01 21:22:54-05:00,2025-12-01,21,like,Likes and Favorites.Like List.ItemFavoriteList,https://www.tiktokv.com/share/video/7578288791597714743/,
2025-12-01 21:17:25-05:00,2025-12-01,21,like,Likes and Favorites.Like List.ItemFavoriteList,https://www.tiktokv.com/share/video/7573789730886700302/,
2025-12-01 17:26:54-05:00,2025-12-01,17,like,Likes and Favorites.Like List.ItemFavoriteList,https://www.tiktokv.com/share/video/7579017351631211790/,
2025-12-01 17:23:30-05:00,2025-12-01,17,like,Likes and Favorites.Like List.ItemFavoriteList,https://www.tiktokv.com/share/video/7578696025037163807/,
2025-12-01 17:21:25-05:00,2025-12-01,17,like,Likes and Favorites.Like List.ItemFavoriteList,https://www.tiktokv.com/share/video/7562935367985351966/,
2025-12-01 17:14:00-05:00,2025-12-01,17,like,Likes and Favorites.Like List.ItemFavoriteList,https://www.tiktokv.com/share/video/7578807934159818014/,
2025-12-01 17:13:15-05:00,2025-12-01,17,like,Likes and Favorites.Like List.ItemFavoriteList,https://www.tiktokv.com/share/video/7566029071549746446/,
2025-12-01 16:05:13-05:00,2025-12-01,16,like,Likes and Favorites.Like List.ItemFavoriteList,https://www.tiktokv.com/share/video/7565135518233529613/,
2025-12-01 16:02:33-05:00,2025-12-01,16,like,Likes and Favorites.Like List.ItemFavoriteList,https://www.tiktokv.com/share/video/7578397520406088973/,
2025-12-01 16:02:12-05:00,2025-12-01,16,like,Likes and Favorites.Like List.ItemFavoriteList,https://www.tiktokv.com/share/video/7571232379210173727/,
2025-12-01 15:59:10-05:00,2025-12-01,15,like,Likes and Favorites.Like List.ItemFavoriteList,https://www.tiktokv.com/share/video/7578605104606072119/,
2025-12-01 15:58:46-05:00,2025-12-01,15,like,Likes and Favorites.Like List.ItemFavoriteList,https://www.tiktokv.com/share/video/7577550857881832734/,
2025-12-01 15:57:54-05:00,2025-12-01,15,like,Likes and Favorites.Like List.ItemFavoriteList,https://www.tiktokv.com/share/video/7573742067243846926/,
2025-12-01 15:53:33-05:00,2025-12-01,15,like,Likes and Favorites.Like List.ItemFavoriteList,https://www.tiktokv.com/share/video/7568326933918813470/,
2025-12-01 15:52:07-05:00,2025-12-01,15,like,Likes and Favorites.Like List.ItemFavoriteList,https://www.tiktokv.com/share/video/7578636216669703455/,
2025-12-01 15:48:23-05:00,2025-12-01,15,like,Likes and Favorites.Like List.ItemFavoriteList,https://www.tiktokv.com/share/video/7562652665784569119/,
2025-12-01 15:14:46-05:00,2025-12-01,15,like,Likes and Favorites.Like List.ItemFavoriteList,https://www.tiktokv.com/share/video/7571987022202670366/,
2025-12-01 15:14:26-05:00,2025-12-01,15,like,Likes and Favorites.Like List.ItemFavoriteList,https://www.tiktokv.com/share/video/7571582780321058078/,
2025-12-01 15:11:34-05:00,2025-12-01,15,like,Likes and Favorites.Like List.ItemFavoriteList,https://www.tiktokv.com/share/video/7578674476355800350/,
2025-12-01 15:10:44-05:00,2025-12-01,15,like,Likes and Favorites.Like List.ItemFavoriteList,https://www.tiktokv.com/share/video/7567343400211467550/,
2025-12-01 15:09:24-05:00,2025-12-01,15,like,Likes and Favorites.Like List.ItemFavoriteList,https://www.tiktokv.com/share/video/7516637334939438350/,
2025-12-01 15:08:56-05:00,2025-12-01,15,like,Likes and Favorites.Like List.ItemFavoriteList,https://www.tiktokv.com/share/video/7510366594086882606/,
2025-12-01 15:07:11-05:00,2025-12-01,15,like,Likes and Favorites.Like List.ItemFavoriteList,https://www.tiktokv.com/share/video/7508155134250208554/,
2025-12-01 15:06:55-05:00,2025-12-01,15,like,Likes and Favorites.Like List.ItemFavoriteList,https://www.tiktokv.com/share/video/7510073236496059694/,
2025-12-01 14:59:32-05:00,2025-12-01,14,like,Likes and Favorites.Like List.ItemFavoriteList,https://www.tiktokv.com/share/video/7574179007835507982/,
2025-12-01 14:58:11-05:00,2025-12-01,14,like,Likes and Favorites.Like List.ItemFavoriteList,https://www.tiktokv.com/share/video/7577832749222890765/,
2025-12-01 14:54:15-05:00,2025-12-01,14,like,Likes and Favorites.Like List.ItemFavoriteList,https://www.tiktokv.com/share/video/7578752770056916279/,
2025-12-01 14:49:59-05:00,2025-12-01,14,like,Likes and Favorites.Like List.ItemFavoriteList,https://www.tiktokv.com/share/video/7566295906966867231/,
2025-12-01 14:48:38-05:00,2025-12-01,14,like,Likes and Favorites.Like List.ItemFavoriteList,https://www.tiktokv.com/share/video/7564373501872852255/,
2025-12-01 14:47:34-05:00,2025-12-01,14,like,Likes and Favorites.Like List.ItemFavoriteList,https://www.tiktokv.com/share/video/7576357838914735374/,
2025-12-01 14:46:43-05:00,2025-12-01,14,like,Likes and Favorites.Like List.ItemFavoriteList,https://www.tiktokv.com/share/video/7575959248878718238/,
2025-12-01 14:42:47-05:00,2025-12-01,14,like,Likes and Favorites.Like List.ItemFavoriteList,https://www.tiktokv.com/share/video/7570773291082796302/,
2025-12-01 14:32:13-05:00,2025-12-01,14,like,Likes and Favorites.Like List.ItemFavoriteList,https://www.tiktokv.com/share/video/7556707777071025420/,
2025-12-01 14:24:24-05:00,2025-12-01,14,like,Likes and Favorites.Like List.ItemFavoriteList,https://www.tiktokv.com/share/video/7569812629565345079/,
2025-12-01 14:22:00-05:00,2025-12-01,14,like,Likes and Favorites.Like List.ItemFavoriteList,https://www.tiktokv.com/share/video/7578742561205013790/,
2025-12-01 14:20:57-05:00,2025-12-01,14,like,Likes and Favorites.Like List.ItemFavoriteList,https://www.tiktokv.com/share/video/7560817753217682719/,
2025-12-01 14:20:41-05:00,2025-12-01,14,like,Likes and Favorites.Like List.ItemFavoriteList,https://www.tiktokv.com/share/video/7562319384564239629/,
2025-12-01 14:20:04-05:00,2025-12-01,14,like,Likes and Favorites.Like List.ItemFavoriteList,https://www.tiktokv.com/share/video/7576102874711657742/,
2025-12-01 14:17:05-05:00,2025-12-01,14,like,Likes and Favorites.Like List.ItemFavoriteList,https://www.tiktokv.com/share/video/7564522582872050957/,
2025-12-01 14:14:47-05:00,2025-12-01,14,like,Likes and Favorites.Like List.ItemFavoriteList,https://www.tiktokv.com/share/video/7578052754174741774/,
2025-12-01 14:10:53-05:00,2025-12-01,14,like,Likes and Favorites.Like List.ItemFavoriteList,https://www.tiktokv.com/share/video/7578671602217258271/,
2025-12-01 14:06:15-05:00,2025-12-01,14,like,Likes and Favorites.Like List.ItemFavoriteList,https://www.tiktokv.com/share/video/7578192480340839735/,
2025-12-01 14:05:33-05:00,2025-12-01,14,like,Likes and Favorites.Like List.ItemFavoriteList,https://www.tiktokv.com/share/video/7577670855736429854/,
2025-12-01 14:04:13-05:00,2025-12-01,14,like,Likes and Favorites.Like List.ItemFavoriteList,https://www.tiktokv.com/share/video/7578210584408247607/,
2025-12-01 14:03:14-05:00,2025-12-01,14,like,Likes and Favorites.Like List.ItemFavoriteList,https://www.tiktokv.com/share/video/7564307738403130654/,
2025-12-01 14:01:17-05:00,2025-12-01,14,like,Likes and Favorites.Like List.ItemFavoriteList,https://www.tiktokv.com/share/video/7572701182586555678/,
2025-12-01 14:00:27-05:00,2025-12-01,14,like,Likes and Favorites.Like List.ItemFavoriteList,https://www.tiktokv.com/share/video/7567152067240889630/,
2025-12-01 13:58:45-05:00,2025-12-01,13,like,Likes and Favorites.Like List.ItemFavoriteList,https://www.tiktokv.com/share/video/7566700011896016141/,
2025-12-01 13:56:58-05:00,2025-12-01,13,like,Likes and Favorites.Like List.ItemFavoriteList,https://www.tiktokv.com/share/video/7576612638877175095/,
2025-12-01 13:55:53-05:00,2025-12-01,13,like,Likes and Favorites.Like List.ItemFavoriteList,https://www.tiktokv.com/share/video/7428710834500652319/,
2025-12-01 13:54:29-05:00,2025-12-01,13,like,Likes and Favorites.Like List.ItemFavoriteList,https://www.tiktokv.com/share/video/7578642535078268190/,
2025-12-01 13:53:10-05:00,2025-12-01,13,like,Likes and Favorites.Like List.ItemFavoriteList,https://www.tiktokv.com/share/video/7577808081078324502/,
2025-12-01 13:51:33-05:00,2025-12-01,13,like,Likes and Favorites.Like List.ItemFavoriteList,https://www.tiktokv.com/share/video/7578783340724063519/,
2025-12-01 13:50:40-05:00,2025-12-01,13,like,Likes and Favorites.Like List.ItemFavoriteList,https://www.tiktokv.com/share/video/7577514155763059971/,
2025-12-01 13:47:35-05:00,2025-12-01,13,like,Likes and Favorites.Like List.ItemFavoriteList,https://www.tiktokv.com/share/video/7578698075057786143/,
2025-12-01 11:46:11-05:00,2025-12-01,11,like,Likes and Favorites.Like List.ItemFavoriteList,https://www.tiktokv.com/share/video/7578351929848302861/,
2025-12-01 00:52:23-05:00,2025-12-01,0,like,Likes and Favorites.Like List.ItemFavoriteList,https://www.tiktokv.com/share/video/7574881850313706765/,
2025-12-01 00:52:09-05:00,2025-12-01,0,like,Likes and Favorites.Like List.ItemFavoriteList,https://www.tiktokv.com/share/video/7578327680953765151/,
2025-12-01 00:46:40-05:00,2025-12-01,0,like,Likes and Favorites.Like List.ItemFavoriteList,https://www.tiktokv.com/share/video/7560508869647076663/,
2025-12-01 00:41:52-05:00,2025-12-01,0,like,Likes and Favorites.Like List.ItemFavoriteList,https://www.tiktokv.com/share/video/7578243514333498637/,
2025-12-01 00:12:05-05:00,2025-12-01,0,like,Likes and Favorites.Like List.ItemFavoriteList,https://www.tiktokv.com/share/video/7569731423058283789/,
2025-11-30 20:34:05-05:00,2025-11-30,20,like,Likes and Favorites.Like List.ItemFavoriteList,https://www.tiktokv.com/share/video/7578688740416097591/,
2025-11-30 20:14:55-05:00,2025-11-30,20,like,Likes and Favorites.Like List.ItemFavoriteList,https://www.tiktokv.com/share/video/7563415610613304598/,
2025-11-30 20:14:41-05:00,2025-11-30,20,like,Likes and Favorites.Like List.ItemFavoriteList,https://www.tiktokv.com/share/video/7566703354307546381/,
2025-11-30 20:14:35-05:00,2025-11-30,20,like,Likes and Favorites.Like List.ItemFavoriteList,https://www.tiktokv.com/share/video/7574222559160339726/,
2025-11-30 20:13:36-05:00,2025-11-30,20,like,Likes and Favorites.Like List.ItemFavoriteList,https://www.tiktokv.com/share/video/7563224854430797076/,
2025-11-30 20:13:22-05:00,2025-11-30,20,like,Likes and Favorites.Like List.ItemFavoriteList,https://www.tiktokv.com/share/video/7577927643740327199/,
2025-11-30 20:07:46-05:00,2025-11-30,20,like,Likes and Favorites.Like List.ItemFavoriteList,https://www.tiktokv.com/share/video/7577446984538131734/,
2025-11-30 20:06:39-05:00,2025-11-30,20,like,Likes and Favorites.Like List.ItemFavoriteList,https://www.tiktokv.com/share/video/7578674704400059662/,
2025-11-30 20:05:20-05:00,2025-11-30,20,like,Likes and Favorites.Like List.ItemFavoriteList,https://www.tiktokv.com/share/video/7577429450246180126/,
2025-11-30 20:04:49-05:00,2025-11-30,20,like,Likes and Favorites.Like List.ItemFavoriteList,https://www.tiktokv.com/share/video/7577294196109856032/,
2025-11-30 19:55:40-05:00,2025-11-30,19,like,Likes and Favorites.Like List.ItemFavoriteList,https://www.tiktokv.com/share/video/7577825142793964814/,
2025-11-30 19:55:19-05:00,2025-11-30,19,like,Likes and Favorites.Like List.ItemFavoriteList,https://www.tiktokv.com/share/video/7577958141011283214/,
2025-11-30 19:08:54-05:00,2025-11-30,19,like,Likes and Favorites.Like List.ItemFavoriteList,https://www.tiktokv.com/share/video/7578144812164025622/,
2025-11-30 12:22:09-05:00,2025-11-30,12,like,Likes and Favorites.Like List.ItemFavoriteList,https://www.tiktokv.com/share/video/7578000909297405239/,
2025-11-30 12:21:18-05:00,2025-11-30,12,like,Likes and Favorites.Like List.ItemFavoriteList,https://www.tiktokv.com/share/video/7567445104277884215/,
2025-11-30 00:55:43-05:00,2025-11-30,0,like,Likes and Favorites.Like List.ItemFavoriteList,https://www.tiktokv.com/share/video/7577906544168258871/,
2025-11-30 00:49:16-05:00,2025-11-30,0,like,Likes and Favorites.Like List.ItemFavoriteList,https://www.tiktokv.com/share/video/7565682022635621663/,
2025-11-30 00:49:05-05:00,2025-11-30,0,like,Likes and Favorites.Like List.ItemFavoriteList,https://www.tiktokv.com/share/video/7546264484919233814/,
2025-11-29 23:59:39-05:00,2025-11-29,23,like,Likes and Favorites.Like List.ItemFavoriteList,https://www.tiktokv.com/share/video/7577558125322980621/,
2025-11-29 23:59:36-05:00,2025-11-29,23,like,Likes and Favorites.Like List.ItemFavoriteList,https://www.tiktokv.com/share/video/7578350642385685791/,
2025-11-29 23:57:50-05:00,2025-11-29,23,like,Likes and Favorites.Like List.ItemFavoriteList,https://www.tiktokv.com/share/video/7576001852764900639/,
2025-11-29 23:53:47-05:00,2025-11-29,23,like,Likes and Favorites.Like List.ItemFavoriteList,https://www.tiktokv.com/share/video/7557167625206369547/,
2025-11-29 22:20:42-05:00,2025-11-29,22,like,Likes and Favorites.Like List.ItemFavoriteList,https://www.tiktokv.com/share/video/7578185533269101855/,
2025-11-29 22:19:47-05:00,2025-11-29,22,like,Likes and Favorites.Like List.ItemFavoriteList,https://www.tiktokv.com/share/video/7576468918231944479/,
2025-11-29 22:18:23-05:00,2025-11-29,22,like,Likes and Favorites.Like List.ItemFavoriteList,https://www.tiktokv.com/share/video/7578229009079651606/,
2025-11-29 22:17:27-05:00,2025-11-29,22,like,Likes and Favorites.Like List.ItemFavoriteList,https://www.tiktokv.com/share/video/7576371720366427405/,
2025-11-29 22:17:14-05:00,2025-11-29,22,like,Likes and Favorites.Like List.ItemFavoriteList,https://www.tiktokv.com/share/video/7577567547357252895/,
2025-11-29 18:57:18-05:00,2025-11-29,18,like,Likes and Favorites.Like List.ItemFavoriteList,https://www.tiktokv.com/share/video/7558274342614781215/,
2025-11-29 15:58:09-05:00,2025-11-29,15,like,Likes and Favorites.Like List.ItemFavoriteList,https://www.tiktokv.com/share/video/7577765859230223638/,
2025-11-29 15:57:47-05:00,2025-11-29,15,like,Likes and Favorites.Like List.ItemFavoriteList,https://www.tiktokv.com/share/video/7578008180983106829/,
2025-11-29 15:16:57-05:00,2025-11-29,15,like,Likes and Favorites.Like List.ItemFavoriteList,https://www.tiktokv.com/share/video/7577741935373323575/,
2025-11-29 14:39:42-05:00,2025-11-29,14,like,Likes and Favorites.Like List.ItemFavoriteList,https://www.tiktokv.com/share/video/7574560349228240158/,
2025-11-29 11:49:02-05:00,2025-11-29,11,like,Likes and Favorites.Like List.ItemFavoriteList,https://www.tiktokv.com/share/video/7577941722890620191/,
2025-11-29 11:47:55-05:00,2025-11-29,11,like,Likes and Favorites.Like List.ItemFavoriteList,https://www.tiktokv.com/share/video/7561107404335680798/,
2025-11-29 11:46:53-05:00,2025-11-29,11,like,Likes and Favorites.Like List.ItemFavoriteList,https://www.tiktokv.com/share/video/7577905201961651470/,
2025-11-29 11:46:47-05:00,2025-11-29,11,like,Likes and Favorites.Like List.ItemFavoriteList,https://www.tiktokv.com/share/video/7577231757494242574/,
2025-11-29 11:46:18-05:00,2025-11-29,11,like,Likes and Favorites.Like List.ItemFavoriteList,https://www.tiktokv.com/share/video/7577566520520281375/,
2025-11-29 11:44:53-05:00,2025-11-29,11,like,Likes and Favorites.Like List.ItemFavoriteList,https://www.tiktokv.com/share/video/7561506394311118102/,
2025-11-29 00:34:33-05:00,2025-11-29,0,like,Likes and Favorites.Like List.ItemFavoriteList,https://www.tiktokv.com/share/video/7557625885570960671/,
2025-11-28 23:28:43-05:00,2025-11-28,23,like,Likes and Favorites.Like List.ItemFavoriteList,https://www.tiktokv.com/share/video/7567767332089613624/,
2025-11-28 22:36:39-05:00,2025-11-28,22,like,Likes and Favorites.Like List.ItemFavoriteList,https://www.tiktokv.com/share/video/7569468153156160782/,
2025-11-28 20:49:04-05:00,2025-11-28,20,like,Likes and Favorites.Like List.ItemFavoriteList,https://www.tiktokv.com/share/video/7558231946057256206/,
2025-11-28 20:47:57-05:00,2025-11-28,20,like,Likes and Favorites.Like List.ItemFavoriteList,https://www.tiktokv.com/share/video/7577800209162390815/,
2025-11-28 20:46:21-05:00,2025-11-28,20,like,Likes and Favorites.Like List.ItemFavoriteList,https://www.tiktokv.com/share/video/7576432051935612174/,
2025-11-28 20:45:47-05:00,2025-11-28,20,like,Likes and Favorites.Like List.ItemFavoriteList,https://www.tiktokv.com/share/video/7576401147569720606/,
2025-11-28 20:44:22-05:00,2025-11-28,20,like,Likes and Favorites.Like List.ItemFavoriteList,https://www.tiktokv.com/share/video/7565260826009931022/,
2025-11-28 20:22:34-05:00,2025-11-28,20,like,Likes and Favorites.Like List.ItemFavoriteList,https://www.tiktokv.com/share/video/7558228989618195767/,
2025-11-28 18:24:31-05:00,2025-11-28,18,like,Likes and Favorites.Like List.ItemFavoriteList,https://www.tiktokv.com/share/video/7568514388433374494/,
2025-11-28 17:45:17-05:00,2025-11-28,17,like,Likes and Favorites.Like List.ItemFavoriteList,https://www.tiktokv.com/share/video/7563361889028246815/,
2025-11-28 17:15:24-05:00,2025-11-28,17,like,Likes and Favorites.Like List.ItemFavoriteList,https://www.tiktokv.com/share/video/7577506298388843831/,
2025-11-28 17:13:00-05:00,2025-11-28,17,like,Likes and Favorites.Like List.ItemFavoriteList,https://www.tiktokv.com/share/video/7576845046482308366/,
2025-11-28 17:10:56-05:00,2025-11-28,17,like,Likes and Favorites.Like List.ItemFavoriteList,https://www.tiktokv.com/share/video/7574126331278003478/,
2025-11-28 17:10:48-05:00,2025-11-28,17,like,Likes and Favorites.Like List.ItemFavoriteList,https://www.tiktokv.com/share/video/7545214931231067423/,
2025-11-28 17:07:40-05:00,2025-11-28,17,like,Likes and Favorites.Like List.ItemFavoriteList,https://www.tiktokv.com/share/video/7577148479445781774/,
2025-11-28 15:18:03-05:00,2025-11-28,15,like,Likes and Favorites.Like List.ItemFavoriteList,https://www.tiktokv.com/share/video/7577189349607869710/,
2025-11-28 15:14:10-05:00,2025-11-28,15,like,Likes and Favorites.Like List.ItemFavoriteList,https://www.tiktokv.com/share/video/7575891621737139512/,
2025-11-28 15:02:00-05:00,2025-11-28,15,like,Likes and Favorites.Like List.ItemFavoriteList,https://www.tiktokv.com/share/video/7577519722044886286/,
2025-11-28 15:01:16-05:00,2025-11-28,15,like,Likes and Favorites.Like List.ItemFavoriteList,https://www.tiktokv.com/share/video/7576701854839491854/,
2025-11-28 15:00:08-05:00,2025-11-28,15,like,Likes and Favorites.Like List.ItemFavoriteList,https://www.tiktokv.com/share/video/7573085672056114463/,
2025-11-28 14:59:26-05:00,2025-11-28,14,like,Likes and Favorites.Like List.ItemFavoriteList,https://www.tiktokv.com/share/video/7569443055292419341/,
2025-11-28 14:33:39-05:00,2025-11-28,14,like,Likes and Favorites.Like List.ItemFavoriteList,https://www.tiktokv.com/share/video/7576980793193483534/,
2025-11-28 14:30:55-05:00,2025-11-28,14,like,Likes and Favorites.Like List.ItemFavoriteList,https://www.tiktokv.com/share/video/7575564845932760350/,
2025-11-28 14:29:02-05:00,2025-11-28,14,like,Likes and Favorites.Like List.ItemFavoriteList,https://www.tiktokv.com/share/video/7574574590307962125/,
2025-11-28 14:10:16-05:00,2025-11-28,14,like,Likes and Favorites.Like List.ItemFavoriteList,https://www.tiktokv.com/share/video/7576890292855409942/,
2025-11-28 14:09:02-05:00,2025-11-28,14,like,Likes and Favorites.Like List.ItemFavoriteList,https://www.tiktokv.com/share/video/7565520487296584991/,
2025-11-28 14:08:34-05:00,2025-11-28,14,like,Likes and Favorites.Like List.ItemFavoriteList,https://www.tiktokv.com/share/video/7569958760785923345/,
2025-11-28 14:03:40-05:00,2025-11-28,14,like,Likes and Favorites.Like List.ItemFavoriteList,https://www.tiktokv.com/share/video/7575658281117568269/,
2025-11-28 13:57:54-05:00,2025-11-28,13,like,Likes and Favorites.Like List.ItemFavoriteList,https://www.tiktokv.com/share/video/7577118258365599007/,
2025-11-28 13:56:17-05:00,2025-11-28,13,like,Likes and Favorites.Like List.ItemFavoriteList,https://www.tiktokv.com/share/video/7577261662185540877/,
2025-11-28 13:54:42-05:00,2025-11-28,13,like,Likes and Favorites.Like List.ItemFavoriteList,https://www.tiktokv.com/share/video/7577158528691899662/,
2025-11-28 13:53:52-05:00,2025-11-28,13,like,Likes and Favorites.Like List.ItemFavoriteList,https://www.tiktokv.com/share/video/7577446392587635999/,
2025-11-28 13:53:02-05:00,2025-11-28,13,like,Likes and Favorites.Like List.ItemFavoriteList,https://www.tiktokv.com/share/video/7577773092567616823/,
2025-11-28 13:52:19-05:00,2025-11-28,13,like,Likes and Favorites.Like List.ItemFavoriteList,https://www.tiktokv.com/share/video/7576140964864019743/,
2025-11-27 16:31:27-05:00,2025-11-27,16,like,Likes and Favorites.Like List.ItemFavoriteList,https://www.tiktokv.com/share/video/7575759595113647390/,
2025-11-27 16:30:24-05:00,2025-11-27,16,like,Likes and Favorites.Like List.ItemFavoriteList,https://www.tiktokv.com/share/video/7576683853985615118/,
2025-11-27 16:29:33-05:00,2025-11-27,16,like,Likes and Favorites.Like List.ItemFavoriteList,https://www.tiktokv.com/share/video/7575348111250378039/,
2025-11-27 16:27:27-05:00,2025-11-27,16,like,Likes and Favorites.Like List.ItemFavoriteList,https://www.tiktokv.com/share/video/7576840198613454111/,
2025-11-27 16:27:13-05:00,2025-11-27,16,like,Likes and Favorites.Like List.ItemFavoriteList,https://www.tiktokv.com/share/video/7577202568955170066/,
2025-11-27 16:26:02-05:00,2025-11-27,16,like,Likes and Favorites.Like List.ItemFavoriteList,https://www.tiktokv.com/share/video/7573419483675593997/,
2025-11-27 16:25:51-05:00,2025-11-27,16,like,Likes and Favorites.Like List.ItemFavoriteList,https://www.tiktokv.com/share/video/7576196609478888735/,
2025-11-27 16:25:31-05:00,2025-11-27,16,like,Likes and Favorites.Like List.ItemFavoriteList,https://www.tiktokv.com/share/video/7576486657625509151/,
2025-11-27 16:24:47-05:00,2025-11-27,16,like,Likes and Favorites.Like List.ItemFavoriteList,https://www.tiktokv.com/share/video/7574940573182872862/,
2025-11-27 16:24:29-05:00,2025-11-27,16,like,Likes and Favorites.Like List.ItemFavoriteList,https://www.tiktokv.com/share/video/7576886833603382558/,
2025-11-27 16:23:23-05:00,2025-11-27,16,like,Likes and Favorites.Like List.ItemFavoriteList,https://www.tiktokv.com/share/video/7575690159216184606/,
2025-11-27 10:53:23-05:00,2025-11-27,10,like,Likes and Favorites.Like List.ItemFavoriteList,https://www.tiktokv.com/share/video/7570417620751502610/,
2025-11-27 10:52:56-05:00,2025-11-27,10,like,Likes and Favorites.Like List.ItemFavoriteList,https://www.tiktokv.com/share/video/7576314657472777485/,
2025-11-27 10:52:12-05:00,2025-11-27,10,like,Likes and Favorites.Like List.ItemFavoriteList,https://www.tiktokv.com/share/video/7558881486913539341/,
2025-11-27 10:51:07-05:00,2025-11-27,10,like,Likes and Favorites.Like List.ItemFavoriteList,https://www.tiktokv.com/share/video/7558322539357883681/,
2025-11-27 10:50:43-05:00,2025-11-27,10,like,Likes and Favorites.Like List.ItemFavoriteList,https://www.tiktokv.com/share/video/7576827140713352479/,
2025-11-27 10:49:45-05:00,2025-11-27,10,like,Likes and Favorites.Like List.ItemFavoriteList,https://www.tiktokv.com/share/video/7577203437973065015/,
2025-11-27 10:47:52-05:00,2025-11-27,10,like,Likes and Favorites.Like List.ItemFavoriteList,https://www.tiktokv.com/share/video/7577147344047688991/,
2025-11-27 09:15:34-05:00,2025-11-27,9,like,Likes and Favorites.Like List.ItemFavoriteList,https://www.tiktokv.com/share/video/7576465748374113591/,
2025-11-26 16:16:07-05:00,2025-11-26,16,like,Likes and Favorites.Like List.ItemFavoriteList,https://www.tiktokv.com/share/video/7576751504183299383/,
2025-11-26 16:15:30-05:00,2025-11-26,16,like,Likes and Favorites.Like List.ItemFavoriteList,https://www.tiktokv.com/share/video/7576392870282743053/,
2025-11-26 16:14:46-05:00,2025-11-26,16,like,Likes and Favorites.Like List.ItemFavoriteList,https://www.tiktokv.com/share/video/7576128845204425997/,
2025-11-26 16:14:11-05:00,2025-11-26,16,like,Likes and Favorites.Like List.ItemFavoriteList,https://www.tiktokv.com/share/video/7573386391996960030/,
2025-11-26 12:52:31-05:00,2025-11-26,12,like,Likes and Favorites.Like List.ItemFavoriteList,https://www.tiktokv.com/share/video/7576757176400645431/,
2025-11-26 12:52:08-05:00,2025-11-26,12,like,Likes and Favorites.Like List.ItemFavoriteList,https://www.tiktokv.com/share/video/7576407873853459742/,
2025-11-26 12:51:08-05:00,2025-11-26,12,like,Likes and Favorites.Like List.ItemFavoriteList,https://www.tiktokv.com/share/video/7576478884368043295/,
2025-11-26 12:50:35-05:00,2025-11-26,12,like,Likes and Favorites.Like List.ItemFavoriteList,https://www.tiktokv.com/share/video/7576144866015530271/,
2025-11-26 12:49:59-05:00,2025-11-26,12,like,Likes and Favorites.Like List.ItemFavoriteList,https://www.tiktokv.com/share/video/7562405061180149005/,
2025-11-26 12:49:22-05:00,2025-11-26,12,like,Likes and Favorites.Like List.ItemFavoriteList,https://www.tiktokv.com/share/video/7576785288891092279/,
2025-11-26 12:48:38-05:00,2025-11-26,12,like,Likes and Favorites.Like List.ItemFavoriteList,https://www.tiktokv.com/share/video/7572600852116966686/,
2025-11-26 12:48:08-05:00,2025-11-26,12,like,Likes and Favorites.Like List.ItemFavoriteList,https://www.tiktokv.com/share/video/7576716525562891551/,
2025-11-26 12:46:52-05:00,2025-11-26,12,like,Likes and Favorites.Like List.ItemFavoriteList,https://www.tiktokv.com/share/video/7576674957648842014/,
2025-11-26 12:46:04-05:00,2025-11-26,12,like,Likes and Favorites.Like List.ItemFavoriteList,https://www.tiktokv.com/share/video/7576018954976628023/,
2025-11-26 12:44:04-05:00,2025-11-26,12,like,Likes and Favorites.Like List.ItemFavoriteList,https://www.tiktokv.com/share/video/7575924565914717458/,
2025-11-26 12:43:19-05:00,2025-11-26,12,like,Likes and Favorites.Like List.ItemFavoriteList,https://www.tiktokv.com/share/video/7576368023825599758/,
2025-11-26 12:42:58-05:00,2025-11-26,12,like,Likes and Favorites.Like List.ItemFavoriteList,https://www.tiktokv.com/share/video/7568303185329179934/,
2025-11-26 12:41:29-05:00,2025-11-26,12,like,Likes and Favorites.Like List.ItemFavoriteList,https://www.tiktokv.com/share/video/7576772022118681887/,
2025-11-26 12:40:17-05:00,2025-11-26,12,like,Likes and Favorites.Like List.ItemFavoriteList,https://www.tiktokv.com/share/video/7576419052491394335/,
2025-11-26 12:40:06-05:00,2025-11-26,12,like,Likes and Favorites.Like List.ItemFavoriteList,https://www.tiktokv.com/share/video/7566400831013113110/,
2025-11-26 12:39:04-05:00,2025-11-26,12,like,Likes and Favorites.Like List.ItemFavoriteList,https://www.tiktokv.com/share/video/7576397660391820575/,
2025-11-26 12:37:16-05:00,2025-11-26,12,like,Likes and Favorites.Like List.ItemFavoriteList,https://www.tiktokv.com/share/video/7575968389051583775/,
2025-11-26 12:35:48-05:00,2025-11-26,12,like,Likes and Favorites.Like List.ItemFavoriteList,https://www.tiktokv.com/share/video/7576892139246832910/,
2025-11-26 12:34:29-05:00,2025-11-26,12,like,Likes and Favorites.Like List.ItemFavoriteList,https://www.tiktokv.com/share/video/7576270324526877974/,
2025-11-26 12:25:02-05:00,2025-11-26,12,like,Likes and Favorites.Like List.ItemFavoriteList,https://www.tiktokv.com/share/video/7576390315771251998/,
2025-11-26 12:24:19-05:00,2025-11-26,12,like,Likes and Favorites.Like List.ItemFavoriteList,https://www.tiktokv.com/share/video/7576484130049821982/,
2025-11-26 11:25:03-05:00,2025-11-26,11,like,Likes and Favorites.Like List.ItemFavoriteList,https://www.tiktokv.com/share/video/7575718423263579400/,
2025-11-26 11:13:29-05:00,2025-11-26,11,like,Likes and Favorites.Like List.ItemFavoriteList,https://www.tiktokv.com/share/video/7576411964868480287/,
2025-11-25 23:01:56-05:00,2025-11-25,23,like,Likes and Favorites.Like List.ItemFavoriteList,https://www.tiktokv.com/share/video/7576050675017157910/,
2025-11-25 23:00:24-05:00,2025-11-25,23,like,Likes and Favorites.Like List.ItemFavoriteList,https://www.tiktokv.com/share/video/7576371712057478430/,
2025-11-25 22:55:22-05:00,2025-11-25,22,like,Likes and Favorites.Like List.ItemFavoriteList,https://www.tiktokv.com/share/video/7576463737838636302/,
2025-11-25 22:55:10-05:00,2025-11-25,22,like,Likes and Favorites.Like List.ItemFavoriteList,https://www.tiktokv.com/share/video/7558139414048738578/,
2025-11-25 13:14:27-05:00,2025-11-25,13,like,Likes and Favorites.Like List.ItemFavoriteList,https://www.tiktokv.com/share/video/7569961699046853896/,
2025-11-25 13:12:49-05:00,2025-11-25,13,like,Likes and Favorites.Like List.ItemFavoriteList,https://www.tiktokv.com/share/video/7576163203265105207/,
2025-11-25 13:07:27-05:00,2025-11-25,13,like,Likes and Favorites.Like List.ItemFavoriteList,https://www.tiktokv.com/share/video/7576119048983825719/,
2025-11-25 13:06:53-05:00,2025-11-25,13,like,Likes and Favorites.Like List.ItemFavoriteList,https://www.tiktokv.com/share/video/7576308365740068151/,
2025-11-25 13:06:27-05:00,2025-11-25,13,like,Likes and Favorites.Like List.ItemFavoriteList,https://www.tiktokv.com/share/video/7576425938574068995/,
2025-11-25 10:55:19-05:00,2025-11-25,10,like,Likes and Favorites.Like List.ItemFavoriteList,https://www.tiktokv.com/share/video/7576339091827068190/,
2025-11-25 01:09:53-05:00,2025-11-25,1,like,Likes and Favorites.Like List.ItemFavoriteList,https://www.tiktokv.com/share/video/7575170912199249207/,
2025-11-24 20:41:54-05:00,2025-11-24,20,like,Likes and Favorites.Like List.ItemFavoriteList,https://www.tiktokv.com/share/video/7574818683546078494/,
2025-11-24 20:41:11-05:00,2025-11-24,20,like,Likes and Favorites.Like List.ItemFavoriteList,https://www.tiktokv.com/share/video/7568838509046402322/,
2025-11-24 19:39:40-05:00,2025-11-24,19,like,Likes and Favorites.Like List.ItemFavoriteList,https://www.tiktokv.com/share/video/7555395452477197580/,
2025-11-24 15:39:53-05:00,2025-11-24,15,like,Likes and Favorites.Like List.ItemFavoriteList,https://www.tiktokv.com/share/video/7558250894849019166/,
2025-11-24 15:39:47-05:00,2025-11-24,15,like,Likes and Favorites.Like List.ItemFavoriteList,https://www.tiktokv.com/share/video/7560873076045401358/,
2025-11-24 15:37:14-05:00,2025-11-24,15,like,Likes and Favorites.Like List.ItemFavoriteList,https://www.tiktokv.com/share/video/7457909524423298346/,
2025-11-24 15:36:10-05:00,2025-11-24,15,like,Likes and Favorites.Like List.ItemFavoriteList,https://www.tiktokv.com/share/video/7535210772935314718/,
2025-11-24 15:35:11-05:00,2025-11-24,15,like,Likes and Favorites.Like List.ItemFavoriteList,https://www.tiktokv.com/share/video/7539546775930162463/,
2025-11-24 15:34:42-05:00,2025-11-24,15,like,Likes and Favorites.Like List.ItemFavoriteList,https://www.tiktokv.com/share/video/7564015440230403344/,
2025-11-24 15:33:50-05:00,2025-11-24,15,like,Likes and Favorites.Like List.ItemFavoriteList,https://www.tiktokv.com/share/video/7555925056111660318/,
2025-11-24 15:33:16-05:00,2025-11-24,15,like,Likes and Favorites.Like List.ItemFavoriteList,https://www.tiktokv.com/share/video/7576142411143925047/,
2025-11-24 15:31:46-05:00,2025-11-24,15,like,Likes and Favorites.Like List.ItemFavoriteList,https://www.tiktokv.com/share/video/7576104277584710933/,
2025-11-24 15:30:05-05:00,2025-11-24,15,like,Likes and Favorites.Like List.ItemFavoriteList,https://www.tiktokv.com/share/video/7575205659054984461/,
2025-11-24 15:29:49-05:00,2025-11-24,15,like,Likes and Favorites.Like List.ItemFavoriteList,https://www.tiktokv.com/share/video/7571976585247558926/,
2025-11-24 15:26:53-05:00,2025-11-24,15,like,Likes and Favorites.Like List.ItemFavoriteList,https://www.tiktokv.com/share/video/7564104921377738015/,
2025-11-24 15:26:39-05:00,2025-11-24,15,like,Likes and Favorites.Like List.ItemFavoriteList,https://www.tiktokv.com/share/video/7575473518712769823/,
2025-11-24 15:26:14-05:00,2025-11-24,15,like,Likes and Favorites.Like List.ItemFavoriteList,https://www.tiktokv.com/share/video/7575775731171462413/,
2025-11-24 15:22:39-05:00,2025-11-24,15,like,Likes and Favorites.Like List.ItemFavoriteList,https://www.tiktokv.com/share/video/7576239613086272790/,
2025-11-24 15:22:04-05:00,2025-11-24,15,like,Likes and Favorites.Like List.ItemFavoriteList,https://www.tiktokv.com/share/video/7563678499429584130/,
2025-11-24 15:21:52-05:00,2025-11-24,15,like,Likes and Favorites.Like List.ItemFavoriteList,https://www.tiktokv.com/share/video/7576030629834362125/,
2025-11-24 15:21:01-05:00,2025-11-24,15,like,Likes and Favorites.Like List.ItemFavoriteList,https://www.tiktokv.com/share/video/7576339155341430071/,
2025-11-24 15:20:41-05:00,2025-11-24,15,like,Likes and Favorites.Like List.ItemFavoriteList,https://www.tiktokv.com/share/video/7576087335100550455/,
2025-11-24 15:20:09-05:00,2025-11-24,15,like,Likes and Favorites.Like List.ItemFavoriteList,https://www.tiktokv.com/share/video/7576374767029210398/,
2025-11-24 15:19:36-05:00,2025-11-24,15,like,Likes and Favorites.Like List.ItemFavoriteList,https://www.tiktokv.com/share/video/7576128781501353230/,
2025-11-24 15:19:01-05:00,2025-11-24,15,like,Likes and Favorites.Like List.ItemFavoriteList,https://www.tiktokv.com/share/video/7576079499494804749/,
2025-11-24 15:18:38-05:00,2025-11-24,15,like,Likes and Favorites.Like List.ItemFavoriteList,https://www.tiktokv.com/share/video/7576365465291787551/,
2025-11-24 15:17:56-05:00,2025-11-24,15,like,Likes and Favorites.Like List.ItemFavoriteList,https://www.tiktokv.com/share/video/7575986222133169439/,
2025-11-24 13:07:13-05:00,2025-11-24,13,like,Likes and Favorites.Like List.ItemFavoriteList,https://www.tiktokv.com/share/video/7575923935649271054/,
2025-11-24 13:07:05-05:00,2025-11-24,13,like,Likes and Favorites.Like List.ItemFavoriteList,https://www.tiktokv.com/share/video/7576101240136944926/,
2025-11-24 13:05:25-05:00,2025-11-24,13,like,Likes and Favorites.Like List.ItemFavoriteList,https://www.tiktokv.com/share/video/7575454004533136670/,
2025-11-24 13:04:06-05:00,2025-11-24,13,like,Likes and Favorites.Like List.ItemFavoriteList,https://www.tiktokv.com/share/video/7561927682552794398/,
2025-11-24 13:03:59-05:00,2025-11-24,13,like,Likes and Favorites.Like List.ItemFavoriteList,https://www.tiktokv.com/share/video/7570161220729179447/,
2025-11-24 13:01:13-05:00,2025-11-24,13,like,Likes and Favorites.Like List.ItemFavoriteList,https://www.tiktokv.com/share/video/7564339947524590870/,
2025-11-24 13:00:58-05:00,2025-11-24,13,like,Likes and Favorites.Like List.ItemFavoriteList,https://www.tiktokv.com/share/video/7573953911636102455/,
2025-11-24 12:58:49-05:00,2025-11-24,12,like,Likes and Favorites.Like List.ItemFavoriteList,https://www.tiktokv.com/share/video/7575436204909301005/,
2025-11-24 12:56:45-05:00,2025-11-24,12,like,Likes and Favorites.Like List.ItemFavoriteList,https://www.tiktokv.com/share/video/7575713300156042510/,
2025-11-24 12:56:12-05:00,2025-11-24,12,like,Likes and Favorites.Like List.ItemFavoriteList,https://www.tiktokv.com/share/video/7573618464628231454/,
2025-11-24 12:53:42-05:00,2025-11-24,12,like,Likes and Favorites.Like List.ItemFavoriteList,https://www.tiktokv.com/share/video/7573900282027986206/,
2025-11-24 12:50:16-05:00,2025-11-24,12,like,Likes and Favorites.Like List.ItemFavoriteList,https://www.tiktokv.com/share/video/7575535355005275423/,
2025-11-24 12:49:40-05:00,2025-11-24,12,like,Likes and Favorites.Like List.ItemFavoriteList,https://www.tiktokv.com/share/video/7576296797723839766/,
2025-11-24 12:43:57-05:00,2025-11-24,12,like,Likes and Favorites.Like List.ItemFavoriteList,https://www.tiktokv.com/share/video/7575778225092037943/,
2025-11-24 12:39:14-05:00,2025-11-24,12,like,Likes and Favorites.Like List.ItemFavoriteList,https://www.tiktokv.com/share/video/7576053077145324855/,
2025-11-24 12:39:11-05:00,2025-11-24,12,like,Likes and Favorites.Like List.ItemFavoriteList,https://www.tiktokv.com/share/video/7472095489119341867/,
2025-11-24 12:38:59-05:00,2025-11-24,12,like,Likes and Favorites.Like List.ItemFavoriteList,https://www.tiktokv.com/share/video/7575732842630614285/,
2025-11-24 12:34:44-05:00,2025-11-24,12,like,Likes and Favorites.Like List.ItemFavoriteList,https://www.tiktokv.com/share/video/7576045217699106078/,
2025-11-24 12:32:06-05:00,2025-11-24,12,like,Likes and Favorites.Like List.ItemFavoriteList,https://www.tiktokv.com/share/video/7575921516970331423/,
2025-11-24 12:28:26-05:00,2025-11-24,12,like,Likes and Favorites.Like List.ItemFavoriteList,https://www.tiktokv.com/share/video/7561817867734322454/,
2025-11-24 12:27:50-05:00,2025-11-24,12,like,Likes and Favorites.Like List.ItemFavoriteList,https://www.tiktokv.com/share/video/7575228464400321847/,
2025-11-24 12:27:23-05:00,2025-11-24,12,like,Likes and Favorites.Like List.ItemFavoriteList,https://www.tiktokv.com/share/video/7571642305485065503/,
2025-11-24 12:26:03-05:00,2025-11-24,12,like,Likes and Favorites.Like List.ItemFavoriteList,https://www.tiktokv.com/share/video/7575712763419430175/,
2025-11-24 01:39:18-05:00,2025-11-24,1,like,Likes and Favorites.Like List.ItemFavoriteList,https://www.tiktokv.com/share/video/7576121127882313015/,
2025-11-24 01:38:02-05:00,2025-11-24,1,like,Likes and Favorites.Like List.ItemFavoriteList,https://www.tiktokv.com/share/video/7572628195422276895/,
2025-11-24 01:23:46-05:00,2025-11-24,1,like,Likes and Favorites.Like List.ItemFavoriteList,https://www.tiktokv.com/share/video/7574210983485312270/,
2025-11-24 00:29:19-05:00,2025-11-24,0,like,Likes and Favorites.Like List.ItemFavoriteList,https://www.tiktokv.com/share/video/7575793765491805471/,
2025-11-24 00:29:06-05:00,2025-11-24,0,like,Likes and Favorites.Like List.ItemFavoriteList,https://www.tiktokv.com/share/video/7573909583652031775/,
2025-11-24 00:28:52-05:00,2025-11-24,0,like,Likes and Favorites.Like List.ItemFavoriteList,https://www.tiktokv.com/share/video/7576094980217916702/,
2025-11-24 00:27:49-05:00,2025-11-24,0,like,Likes and Favorites.Like List.ItemFavoriteList,https://www.tiktokv.com/share/video/7575699372545969439/,
2025-11-23 22:16:16-05:00,2025-11-23,22,like,Likes and Favorites.Like List.ItemFavoriteList,https://www.tiktokv.com/share/video/7575845283616001310/,
2025-11-23 21:56:47-05:00,2025-11-23,21,like,Likes and Favorites.Like List.ItemFavoriteList,https://www.tiktokv.com/share/video/7575770037030604045/,
2025-11-23 21:53:15-05:00,2025-11-23,21,like,Likes and Favorites.Like List.ItemFavoriteList,https://www.tiktokv.com/share/video/7575826014878682382/,
2025-11-23 18:25:39-05:00,2025-11-23,18,like,Likes and Favorites.Like List.ItemFavoriteList,https://www.tiktokv.com/share/video/7568199602935958797/,
2025-11-23 18:24:42-05:00,2025-11-23,18,like,Likes and Favorites.Like List.ItemFavoriteList,https://www.tiktokv.com/share/video/7573815345752952119/,
2025-11-23 18:24:31-05:00,2025-11-23,18,like,Likes and Favorites.Like List.ItemFavoriteList,https://www.tiktokv.com/share/video/7574370858248981815/,
2025-11-23 18:22:54-05:00,2025-11-23,18,like,Likes and Favorites.Like List.ItemFavoriteList,https://www.tiktokv.com/share/video/7574845794180664594/,
2025-11-23 12:59:37-05:00,2025-11-23,12,like,Likes and Favorites.Like List.ItemFavoriteList,https://www.tiktokv.com/share/video/7575568003366931734/,
2025-11-23 12:21:24-05:00,2025-11-23,12,like,Likes and Favorites.Like List.ItemFavoriteList,https://www.tiktokv.com/share/video/7571141957666344206/,
2025-11-23 12:19:59-05:00,2025-11-23,12,like,Likes and Favorites.Like List.ItemFavoriteList,https://www.tiktokv.com/share/video/7572892067668544782/,
2025-11-23 12:19:32-05:00,2025-11-23,12,like,Likes and Favorites.Like List.ItemFavoriteList,https://www.tiktokv.com/share/video/7575962859029449997/,
2025-11-23 12:16:41-05:00,2025-11-23,12,like,Likes and Favorites.Like List.ItemFavoriteList,https://www.tiktokv.com/share/video/7563023532116987191/,
2025-11-23 12:16:01-05:00,2025-11-23,12,like,Likes and Favorites.Like List.ItemFavoriteList,https://www.tiktokv.com/share/video/7572172237948636438/,
2025-11-23 12:14:54-05:00,2025-11-23,12,like,Likes and Favorites.Like List.ItemFavoriteList,https://www.tiktokv.com/share/video/7571743927603039495/,
2025-11-23 12:13:04-05:00,2025-11-23,12,like,Likes and Favorites.Like List.ItemFavoriteList,https://www.tiktokv.com/share/video/7573726724282748215/,
2025-11-23 12:12:00-05:00,2025-11-23,12,like,Likes and Favorites.Like List.ItemFavoriteList,https://www.tiktokv.com/share/video/7574884002935426335/,
2025-11-23 12:11:24-05:00,2025-11-23,12,like,Likes and Favorites.Like List.ItemFavoriteList,https://www.tiktokv.com/share/video/7575783110139202836/,
2025-11-23 12:10:45-05:00,2025-11-23,12,like,Likes and Favorites.Like List.ItemFavoriteList,https://www.tiktokv.com/share/video/7555603818126265614/,
2025-11-23 12:09:57-05:00,2025-11-23,12,like,Likes and Favorites.Like List.ItemFavoriteList,https://www.tiktokv.com/share/video/7575209423862369591/,
2025-11-23 12:09:01-05:00,2025-11-23,12,like,Likes and Favorites.Like List.ItemFavoriteList,https://www.tiktokv.com/share/video/7568617516042358047/,
2025-11-23 12:08:27-05:00,2025-11-23,12,like,Likes and Favorites.Like List.ItemFavoriteList,https://www.tiktokv.com/share/video/7571611258735054094/,
2025-11-23 12:07:59-05:00,2025-11-23,12,like,Likes and Favorites.Like List.ItemFavoriteList,https://www.tiktokv.com/share/video/7575250408524860686/,
2025-11-23 12:06:31-05:00,2025-11-23,12,like,Likes and Favorites.Like List.ItemFavoriteList,https://www.tiktokv.com/share/video/7574245747906940190/,
2025-11-23 12:03:44-05:00,2025-11-23,12,like,Likes and Favorites.Like List.ItemFavoriteList,https://www.tiktokv.com/share/video/7574936737839926558/,
2025-11-23 12:02:41-05:00,2025-11-23,12,like,Likes and Favorites.Like List.ItemFavoriteList,https://www.tiktokv.com/share/video/7573842840661363982/,
2025-11-23 12:00:07-05:00,2025-11-23,12,like,Likes and Favorites.Like List.ItemFavoriteList,https://www.tiktokv.com/share/video/7574904228368469303/,
2025-11-23 11:59:22-05:00,2025-11-23,11,like,Likes and Favorites.Like List.ItemFavoriteList,https://www.tiktokv.com/share/video/7575947057802775838/,
2025-11-23 11:57:57-05:00,2025-11-23,11,like,Likes and Favorites.Like List.ItemFavoriteList,https://www.tiktokv.com/share/video/7575906780748713246/,
2025-11-23 11:57:21-05:00,2025-11-23,11,like,Likes and Favorites.Like List.ItemFavoriteList,https://www.tiktokv.com/share/video/7574094624550128927/,
2025-11-23 00:58:21-05:00,2025-11-23,0,like,Likes and Favorites.Like List.ItemFavoriteList,https://www.tiktokv.com/share/video/7575277577258945806/,
2025-11-23 00:57:50-05:00,2025-11-23,0,like,Likes and Favorites.Like List.ItemFavoriteList,https://www.tiktokv.com/share/video/7575775311745387831/,
2025-11-23 00:54:34-05:00,2025-11-23,0,like,Likes and Favorites.Like List.ItemFavoriteList,https://www.tiktokv.com/share/video/7567486184117570847/,
2025-11-23 00:52:37-05:00,2025-11-23,0,like,Likes and Favorites.Like List.ItemFavoriteList,https://www.tiktokv.com/share/video/7575177526159346966/,
2025-11-23 00:51:44-05:00,2025-11-23,0,like,Likes and Favorites.Like List.ItemFavoriteList,https://www.tiktokv.com/share/video/7575319765497990455/,
2025-11-23 00:51:24-05:00,2025-11-23,0,like,Likes and Favorites.Like List.ItemFavoriteList,https://www.tiktokv.com/share/video/7572698670206815510/,
2025-11-22 22:42:16-05:00,2025-11-22,22,like,Likes and Favorites.Like List.ItemFavoriteList,https://www.tiktokv.com/share/video/7575339937839566110/,
2025-11-22 22:40:56-05:00,2025-11-22,22,like,Likes and Favorites.Like List.ItemFavoriteList,https://www.tiktokv.com/share/video/7570277172645022994/,
2025-11-22 22:30:30-05:00,2025-11-22,22,like,Likes and Favorites.Like List.ItemFavoriteList,https://www.tiktokv.com/share/video/7571741321031929106/,
2025-11-22 22:29:04-05:00,2025-11-22,22,like,Likes and Favorites.Like List.ItemFavoriteList,https://www.tiktokv.com/share/video/7572728060387003662/,
2025-11-22 22:27:07-05:00,2025-11-22,22,like,Likes and Favorites.Like List.ItemFavoriteList,https://www.tiktokv.com/share/video/7574848906593324301/,
2025-11-22 22:26:43-05:00,2025-11-22,22,like,Likes and Favorites.Like List.ItemFavoriteList,https://www.tiktokv.com/share/video/7572663808490097942/,
2025-11-22 22:25:31-05:00,2025-11-22,22,like,Likes and Favorites.Like List.ItemFavoriteList,https://www.tiktokv.com/share/video/7544000477512453398/,
2025-11-22 22:24:44-05:00,2025-11-22,22,like,Likes and Favorites.Like List.ItemFavoriteList,https://www.tiktokv.com/share/video/7574352386215464205/,
2025-11-22 22:23:31-05:00,2025-11-22,22,like,Likes and Favorites.Like List.ItemFavoriteList,https://www.tiktokv.com/share/video/7572035333987093790/,
2025-11-22 22:22:45-05:00,2025-11-22,22,like,Likes and Favorites.Like List.ItemFavoriteList,https://www.tiktokv.com/share/video/7574291157157416210/,
2025-11-22 22:22:34-05:00,2025-11-22,22,like,Likes and Favorites.Like List.ItemFavoriteList,https://www.tiktokv.com/share/video/7572581316374416671/,
2025-11-22 22:21:51-05:00,2025-11-22,22,like,Likes and Favorites.Like List.ItemFavoriteList,https://www.tiktokv.com/share/video/7574155555686632759/,
2025-11-22 22:21:07-05:00,2025-11-22,22,like,Likes and Favorites.Like List.ItemFavoriteList,https://www.tiktokv.com/share/video/7573570449855057183/,
2025-11-22 22:19:33-05:00,2025-11-22,22,like,Likes and Favorites.Like List.ItemFavoriteList,https://www.tiktokv.com/share/video/7575545181210971423/,
2025-11-22 22:19:08-05:00,2025-11-22,22,like,Likes and Favorites.Like List.ItemFavoriteList,https://www.tiktokv.com/share/video/7575013964929682718/,
2025-11-22 21:57:26-05:00,2025-11-22,21,like,Likes and Favorites.Like List.ItemFavoriteList,https://www.tiktokv.com/share/video/7575386545780313374/,
2025-11-22 21:56:36-05:00,2025-11-22,21,like,Likes and Favorites.Like List.ItemFavoriteList,https://www.tiktokv.com/share/video/7571044736287460621/,
2025-11-22 21:55:58-05:00,2025-11-22,21,like,Likes and Favorites.Like List.ItemFavoriteList,https://www.tiktokv.com/share/video/7563819909227056406/,
2025-11-22 21:55:13-05:00,2025-11-22,21,like,Likes and Favorites.Like List.ItemFavoriteList,https://www.tiktokv.com/share/video/7573112783982562574/,
2025-11-22 21:54:55-05:00,2025-11-22,21,like,Likes and Favorites.Like List.ItemFavoriteList,https://www.tiktokv.com/share/video/7567162836925943071/,
2025-11-22 21:52:55-05:00,2025-11-22,21,like,Likes and Favorites.Like List.ItemFavoriteList,https://www.tiktokv.com/share/video/7567317051262487811/,
2025-11-22 21:52:14-05:00,2025-11-22,21,like,Likes and Favorites.Like List.ItemFavoriteList,https://www.tiktokv.com/share/video/7574929751337438478/,
2025-11-22 21:51:50-05:00,2025-11-22,21,like,Likes and Favorites.Like List.ItemFavoriteList,https://www.tiktokv.com/share/video/7563738144718327095/,
2025-11-22 21:50:26-05:00,2025-11-22,21,like,Likes and Favorites.Like List.ItemFavoriteList,https://www.tiktokv.com/share/video/7574831542711700766/,
2025-11-22 21:49:19-05:00,2025-11-22,21,like,Likes and Favorites.Like List.ItemFavoriteList,https://www.tiktokv.com/share/video/7560768878809189662/,
2025-11-22 21:48:19-05:00,2025-11-22,21,like,Likes and Favorites.Like List.ItemFavoriteList,https://www.tiktokv.com/share/video/7574608362759802167/,
2025-11-22 21:47:43-05:00,2025-11-22,21,like,Likes and Favorites.Like List.ItemFavoriteList,https://www.tiktokv.com/share/video/7565762287496154398/,
2025-11-22 21:47:25-05:00,2025-11-22,21,like,Likes and Favorites.Like List.ItemFavoriteList,https://www.tiktokv.com/share/video/7572318322054794509/,
2025-11-22 19:55:25-05:00,2025-11-22,19,like,Likes and Favorites.Like List.ItemFavoriteList,https://www.tiktokv.com/share/video/7575715894307867959/,
2025-11-22 19:54:38-05:00,2025-11-22,19,like,Likes and Favorites.Like List.ItemFavoriteList,https://www.tiktokv.com/share/video/7574942966247116046/,
2025-11-22 19:53:17-05:00,2025-11-22,19,like,Likes and Favorites.Like List.ItemFavoriteList,https://www.tiktokv.com/share/video/7572094983541476621/,
2025-11-22 17:28:59-05:00,2025-11-22,17,like,Likes and Favorites.Like List.ItemFavoriteList,https://www.tiktokv.com/share/video/7570755283341888790/,
2025-11-22 17:28:54-05:00,2025-11-22,17,like,Likes and Favorites.Like List.ItemFavoriteList,https://www.tiktokv.com/share/video/7572798063333477663/,
2025-11-22 17:28:38-05:00,2025-11-22,17,like,Likes and Favorites.Like List.ItemFavoriteList,https://www.tiktokv.com/share/video/7566244122286214407/,
2025-11-22 17:28:16-05:00,2025-11-22,17,like,Likes and Favorites.Like List.ItemFavoriteList,https://www.tiktokv.com/share/video/7573170916687908126/,
2025-11-22 17:25:18-05:00,2025-11-22,17,like,Likes and Favorites.Like List.ItemFavoriteList,https://www.tiktokv.com/share/video/7570938385431399735/,
2025-11-22 17:22:50-05:00,2025-11-22,17,like,Likes and Favorites.Like List.ItemFavoriteList,https://www.tiktokv.com/share/video/7572683286858698015/,
2025-11-22 17:18:06-05:00,2025-11-22,17,like,Likes and Favorites.Like List.ItemFavoriteList,https://www.tiktokv.com/share/video/7566868561575169294/,
2025-11-22 17:16:33-05:00,2025-11-22,17,like,Likes and Favorites.Like List.ItemFavoriteList,https://www.tiktokv.com/share/video/7575351467557637394/,
2025-11-22 17:15:32-05:00,2025-11-22,17,like,Likes and Favorites.Like List.ItemFavoriteList,https://www.tiktokv.com/share/video/7562474183028935949/,
2025-11-22 17:15:13-05:00,2025-11-22,17,like,Likes and Favorites.Like List.ItemFavoriteList,https://www.tiktokv.com/share/video/7574619180608130359/,
2025-11-22 17:15:05-05:00,2025-11-22,17,like,Likes and Favorites.Like List.ItemFavoriteList,https://www.tiktokv.com/share/video/7574817810342317343/,
2025-11-22 17:14:23-05:00,2025-11-22,17,like,Likes and Favorites.Like List.ItemFavoriteList,https://www.tiktokv.com/share/video/7575601141262716191/,
2025-11-22 17:13:48-05:00,2025-11-22,17,like,Likes and Favorites.Like List.ItemFavoriteList,https://www.tiktokv.com/share/video/7566335644491042079/,
2025-11-22 17:13:09-05:00,2025-11-22,17,like,Likes and Favorites.Like List.ItemFavoriteList,https://www.tiktokv.com/share/video/7574691762682350861/,
2025-11-22 17:12:29-05:00,2025-11-22,17,like,Likes and Favorites.Like List.ItemFavoriteList,https://www.tiktokv.com/share/video/7570443526836669709/,
2025-11-22 17:12:09-05:00,2025-11-22,17,like,Likes and Favorites.Like List.ItemFavoriteList,https://www.tiktokv.com/share/video/7573139508074499342/,
2025-11-22 17:11:56-05:00,2025-11-22,17,like,Likes and Favorites.Like List.ItemFavoriteList,https://www.tiktokv.com/share/video/7574121894996167950/,
2025-11-22 17:11:45-05:00,2025-11-22,17,like,Likes and Favorites.Like List.ItemFavoriteList,https://www.tiktokv.com/share/video/7573173356636261662/,
2025-11-22 17:10:41-05:00,2025-11-22,17,like,Likes and Favorites.Like List.ItemFavoriteList,https://www.tiktokv.com/share/video/7574485108976127245/,
2025-11-22 17:09:59-05:00,2025-11-22,17,like,Likes and Favorites.Like List.ItemFavoriteList,https://www.tiktokv.com/share/video/7574957315812642061/,
2025-11-22 17:09:50-05:00,2025-11-22,17,like,Likes and Favorites.Like List.ItemFavoriteList,https://www.tiktokv.com/share/video/7574647996411825415/,
2025-11-22 16:42:33-05:00,2025-11-22,16,like,Likes and Favorites.Like List.ItemFavoriteList,https://www.tiktokv.com/share/video/7572747636751502623/,
2025-11-22 16:41:37-05:00,2025-11-22,16,like,Likes and Favorites.Like List.ItemFavoriteList,https://www.tiktokv.com/share/video/7573506026205416718/,
2025-11-22 16:41:13-05:00,2025-11-22,16,like,Likes and Favorites.Like List.ItemFavoriteList,https://www.tiktokv.com/share/video/7574671429938056478/,
2025-11-22 16:02:02-05:00,2025-11-22,16,like,Likes and Favorites.Like List.ItemFavoriteList,https://www.tiktokv.com/share/video/7574560695417589005/,
2025-11-22 16:01:54-05:00,2025-11-22,16,like,Likes and Favorites.Like List.ItemFavoriteList,https://www.tiktokv.com/share/video/7574966324712000799/,
2025-11-22 13:52:39-05:00,2025-11-22,13,like,Likes and Favorites.Like List.ItemFavoriteList,https://www.tiktokv.com/share/video/7575360652311629070/,
2025-11-22 11:53:59-05:00,2025-11-22,11,like,Likes and Favorites.Like List.ItemFavoriteList,https://www.tiktokv.com/share/video/7575070140220460319/,
2025-11-22 11:52:07-05:00,2025-11-22,11,like,Likes and Favorites.Like List.ItemFavoriteList,https://www.tiktokv.com/share/video/7575330420938657054/,
2025-11-22 11:49:34-05:00,2025-11-22,11,like,Likes and Favorites.Like List.ItemFavoriteList,https://www.tiktokv.com/share/video/7575053763275279629/,
2025-11-22 11:49:11-05:00,2025-11-22,11,like,Likes and Favorites.Like List.ItemFavoriteList,https://www.tiktokv.com/share/video/7574206864808742157/,
2025-11-22 11:47:10-05:00,2025-11-22,11,like,Likes and Favorites.Like List.ItemFavoriteList,https://www.tiktokv.com/share/video/7575336822528658705/,
2025-11-22 11:45:55-05:00,2025-11-22,11,like,Likes and Favorites.Like List.ItemFavoriteList,https://www.tiktokv.com/share/video/7574948614007426334/,
2025-11-22 09:12:41-05:00,2025-11-22,9,like,Likes and Favorites.Like List.ItemFavoriteList,https://www.tiktokv.com/share/video/7575244336460303629/,
2025-11-22 09:11:09-05:00,2025-11-22,9,like,Likes and Favorites.Like List.ItemFavoriteList,https://www.tiktokv.com/share/video/7571717707964468510/,
2025-11-22 08:45:34-05:00,2025-11-22,8,like,Likes and Favorites.Like List.ItemFavoriteList,https://www.tiktokv.com/share/video/7574711077821238583/,
2025-11-22 08:45:09-05:00,2025-11-22,8,like,Likes and Favorites.Like List.ItemFavoriteList,https://www.tiktokv.com/share/video/7567816075140713750/,
2025-11-22 08:44:42-05:00,2025-11-22,8,like,Likes and Favorites.Like List.ItemFavoriteList,https://www.tiktokv.com/share/video/7574234925402983735/,
2025-11-22 07:21:01-05:00,2025-11-22,7,like,Likes and Favorites.Like List.ItemFavoriteList,https://www.tiktokv.com/share/video/7574287881028652309/,
2025-11-22 07:19:44-05:00,2025-11-22,7,like,Likes and Favorites.Like List.ItemFavoriteList,https://www.tiktokv.com/share/video/7574884281055464715/,
2025-11-22 07:19:18-05:00,2025-11-22,7,like,Likes and Favorites.Like List.ItemFavoriteList,https://www.tiktokv.com/share/video/7575197293016550711/,
2025-11-22 07:18:39-05:00,2025-11-22,7,like,Likes and Favorites.Like List.ItemFavoriteList,https://www.tiktokv.com/share/video/7575195451268320542/,
2025-11-21 12:26:43-05:00,2025-11-21,12,like,Likes and Favorites.Like List.ItemFavoriteList,https://www.tiktokv.com/share/video/7574838583907912982/,
2025-11-21 02:01:51-05:00,2025-11-21,2,like,Likes and Favorites.Like List.ItemFavoriteList,https://www.tiktokv.com/share/video/7573803705137450253/,
2025-11-20 22:24:15-05:00,2025-11-20,22,like,Likes and Favorites.Like List.ItemFavoriteList,https://www.tiktokv.com/share/video/7574498386557144334/,
2025-11-20 21:21:46-05:00,2025-11-20,21,like,Likes and Favorites.Like List.ItemFavoriteList,https://www.tiktokv.com/share/video/7574603737453399327/,
2025-11-20 18:06:17-05:00,2025-11-20,18,like,Likes and Favorites.Like List.ItemFavoriteList,https://www.tiktokv.com/share/video/7552165461408894229/,
2025-11-20 18:05:19-05:00,2025-11-20,18,like,Likes and Favorites.Like List.ItemFavoriteList,https://www.tiktokv.com/share/video/7574592704743476511/,
2025-11-20 18:04:42-05:00,2025-11-20,18,like,Likes and Favorites.Like List.ItemFavoriteList,https://www.tiktokv.com/share/video/7573762321814736141/,
2025-11-20 11:38:23-05:00,2025-11-20,11,like,Likes and Favorites.Like List.ItemFavoriteList,https://www.tiktokv.com/share/video/7574551850272165150/,
2025-11-20 11:37:27-05:00,2025-11-20,11,like,Likes and Favorites.Like List.ItemFavoriteList,https://www.tiktokv.com/share/video/7573924081033039159/,
2025-11-20 11:36:54-05:00,2025-11-20,11,like,Likes and Favorites.Like List.ItemFavoriteList,https://www.tiktokv.com/share/video/7574212685504548110/,
2025-11-20 11:34:26-05:00,2025-11-20,11,like,Likes and Favorites.Like List.ItemFavoriteList,https://www.tiktokv.com/share/video/7574809816519019794/,
2025-11-20 11:30:57-05:00,2025-11-20,11,like,Likes and Favorites.Like List.ItemFavoriteList,https://www.tiktokv.com/share/video/7563041819744029974/,
2025-11-20 11:30:31-05:00,2025-11-20,11,like,Likes and Favorites.Like List.ItemFavoriteList,https://www.tiktokv.com/share/video/7573845038275251487/,
2025-11-20 11:29:39-05:00,2025-11-20,11,like,Likes and Favorites.Like List.ItemFavoriteList,https://www.tiktokv.com/share/video/7574251822185991479/,
2025-11-20 09:37:55-05:00,2025-11-20,9,like,Likes and Favorites.Like List.ItemFavoriteList,https://www.tiktokv.com/share/video/7573464348929035533/,
2025-11-20 09:23:42-05:00,2025-11-20,9,like,Likes and Favorites.Like List.ItemFavoriteList,https://www.tiktokv.com/share/video/7574079393111280926/,
2025-11-20 09:22:42-05:00,2025-11-20,9,like,Likes and Favorites.Like List.ItemFavoriteList,https://www.tiktokv.com/share/video/7573850910246456583/,
2025-11-20 03:05:01-05:00,2025-11-20,3,like,Likes and Favorites.Like List.ItemFavoriteList,https://www.tiktokv.com/share/video/7562230770887036173/,
2025-11-20 03:02:19-05:00,2025-11-20,3,like,Likes and Favorites.Like List.ItemFavoriteList,https://www.tiktokv.com/share/video/7574304597687389470/,
2025-11-20 03:01:36-05:00,2025-11-20,3,like,Likes and Favorites.Like List.ItemFavoriteList,https://www.tiktokv.com/share/video/7568652501289930039/,
2025-11-20 03:01:05-05:00,2025-11-20,3,like,Likes and Favorites.Like List.ItemFavoriteList,https://www.tiktokv.com/share/video/7571467054474202399/,
2025-11-20 02:59:43-05:00,2025-11-20,2,like,Likes and Favorites.Like List.ItemFavoriteList,https://www.tiktokv.com/share/video/7574160467548048695/,
2025-11-20 01:54:30-05:00,2025-11-20,1,like,Likes and Favorites.Like List.ItemFavoriteList,https://www.tiktokv.com/share/video/7572439554037173534/,
2025-11-20 01:49:37-05:00,2025-11-20,1,like,Likes and Favorites.Like List.ItemFavoriteList,https://www.tiktokv.com/share/video/7573476686738509087/,
2025-11-20 01:49:07-05:00,2025-11-20,1,like,Likes and Favorites.Like List.ItemFavoriteList,https://www.tiktokv.com/share/video/7565392688460172566/,
2025-11-20 01:48:24-05:00,2025-11-20,1,like,Likes and Favorites.Like List.ItemFavoriteList,https://www.tiktokv.com/share/video/7573832659189648654/,
2025-11-20 01:38:12-05:00,2025-11-20,1,like,Likes and Favorites.Like List.ItemFavoriteList,https://www.tiktokv.com/share/video/7573805537121373453/,
2025-11-20 01:11:20-05:00,2025-11-20,1,like,Likes and Favorites.Like List.ItemFavoriteList,https://www.tiktokv.com/share/video/7519556287269440781/,
2025-11-19 23:14:36-05:00,2025-11-19,23,like,Likes and Favorites.Like List.ItemFavoriteList,https://www.tiktokv.com/share/video/7493141323428547895/,
2025-11-19 23:13:57-05:00,2025-11-19,23,like,Likes and Favorites.Like List.ItemFavoriteList,https://www.tiktokv.com/share/video/7561381388545592598/,
2025-11-19 23:13:36-05:00,2025-11-19,23,like,Likes and Favorites.Like List.ItemFavoriteList,https://www.tiktokv.com/share/video/7574062885442276639/,
2025-11-19 15:58:03-05:00,2025-11-19,15,like,Likes and Favorites.Like List.ItemFavoriteList,https://www.tiktokv.com/share/video/7573912735826595102/,
2025-11-19 15:56:20-05:00,2025-11-19,15,like,Likes and Favorites.Like List.ItemFavoriteList,https://www.tiktokv.com/share/video/7573819874288422175/,
2025-11-19 09:19:54-05:00,2025-11-19,9,like,Likes and Favorites.Like List.ItemFavoriteList,https://www.tiktokv.com/share/video/7573847989727546638/,
2025-11-19 09:19:03-05:00,2025-11-19,9,like,Likes and Favorites.Like List.ItemFavoriteList,https://www.tiktokv.com/share/video/7572830210643545374/,
2025-11-19 01:09:49-05:00,2025-11-19,1,like,Likes and Favorites.Like List.ItemFavoriteList,https://www.tiktokv.com/share/video/7573848437364509965/,
2025-11-19 00:41:35-05:00,2025-11-19,0,like,Likes and Favorites.Like List.ItemFavoriteList,https://www.tiktokv.com/share/video/7561558488355278111/,
2025-11-19 00:27:08-05:00,2025-11-19,0,like,Likes and Favorites.Like List.ItemFavoriteList,https://www.tiktokv.com/share/video/7573235685788880158/,
2025-11-18 23:51:52-05:00,2025-11-18,23,like,Likes and Favorites.Like List.ItemFavoriteList,https://www.tiktokv.com/share/video/7380785907663637803/,
2025-11-18 23:49:42-05:00,2025-11-18,23,like,Likes and Favorites.Like List.ItemFavoriteList,https://www.tiktokv.com/share/video/7573229260006051103/,
2025-11-18 23:41:56-05:00,2025-11-18,23,like,Likes and Favorites.Like List.ItemFavoriteList,https://www.tiktokv.com/share/video/7570418824353451286/,
2025-11-18 23:41:49-05:00,2025-11-18,23,like,Likes and Favorites.Like List.ItemFavoriteList,https://www.tiktokv.com/share/video/7573066806135491871/,
2025-11-18 23:40:49-05:00,2025-11-18,23,like,Likes and Favorites.Like List.ItemFavoriteList,https://www.tiktokv.com/share/video/7573913933447269650/,
2025-11-18 23:30:44-05:00,2025-11-18,23,like,Likes and Favorites.Like List.ItemFavoriteList,https://www.tiktokv.com/share/video/7568927209054932238/,
2025-11-18 15:52:02-05:00,2025-11-18,15,like,Likes and Favorites.Like List.ItemFavoriteList,https://www.tiktokv.com/share/video/7573776266625699085/,
2025-11-18 14:34:25-05:00,2025-11-18,14,like,Likes and Favorites.Like List.ItemFavoriteList,https://www.tiktokv.com/share/video/7573291902229957918/,
2025-11-18 14:33:21-05:00,2025-11-18,14,like,Likes and Favorites.Like List.ItemFavoriteList,https://www.tiktokv.com/share/video/7573812689441525023/,
2025-11-18 14:32:25-05:00,2025-11-18,14,like,Likes and Favorites.Like List.ItemFavoriteList,https://www.tiktokv.com/share/video/7573791086456392974/,
2025-11-18 14:31:37-05:00,2025-11-18,14,like,Likes and Favorites.Like List.ItemFavoriteList,https://www.tiktokv.com/share/video/7574036336823356685/,
2025-11-18 14:30:21-05:00,2025-11-18,14,like,Likes and Favorites.Like List.ItemFavoriteList,https://www.tiktokv.com/share/video/7573872647495240991/,
2025-11-18 14:28:23-05:00,2025-11-18,14,like,Likes and Favorites.Like List.ItemFavoriteList,https://www.tiktokv.com/share/video/7572900424143867191/,
2025-11-18 14:27:18-05:00,2025-11-18,14,like,Likes and Favorites.Like List.ItemFavoriteList,https://www.tiktokv.com/share/video/7573118960028175646/,
2025-11-18 14:26:26-05:00,2025-11-18,14,like,Likes and Favorites.Like List.ItemFavoriteList,https://www.tiktokv.com/share/video/7573875605876362509/,
2025-11-18 14:26:02-05:00,2025-11-18,14,like,Likes and Favorites.Like List.ItemFavoriteList,https://www.tiktokv.com/share/video/7573532623209811214/,
2025-11-18 14:24:52-05:00,2025-11-18,14,like,Likes and Favorites.Like List.ItemFavoriteList,https://www.tiktokv.com/share/video/7573538565875846413/,
2025-11-18 14:24:31-05:00,2025-11-18,14,like,Likes and Favorites.Like List.ItemFavoriteList,https://www.tiktokv.com/share/video/7573408104910572813/,
2025-11-18 14:17:37-05:00,2025-11-18,14,like,Likes and Favorites.Like List.ItemFavoriteList,https://www.tiktokv.com/share/video/7573726732012883213/,
2025-11-18 14:16:18-05:00,2025-11-18,14,like,Likes and Favorites.Like List.ItemFavoriteList,https://www.tiktokv.com/share/video/7571107438192086302/,
2025-11-18 14:15:26-05:00,2025-11-18,14,like,Likes and Favorites.Like List.ItemFavoriteList,https://www.tiktokv.com/share/video/7573432449426918711/,
2025-11-18 14:12:48-05:00,2025-11-18,14,like,Likes and Favorites.Like List.ItemFavoriteList,https://www.tiktokv.com/share/video/7573840397538037023/,
2025-11-18 14:12:19-05:00,2025-11-18,14,like,Likes and Favorites.Like List.ItemFavoriteList,https://www.tiktokv.com/share/video/7573951870238985480/,
2025-11-18 14:11:02-05:00,2025-11-18,14,like,Likes and Favorites.Like List.ItemFavoriteList,https://www.tiktokv.com/share/video/7573359582353919262/,
2025-11-18 14:10:13-05:00,2025-11-18,14,like,Likes and Favorites.Like List.ItemFavoriteList,https://www.tiktokv.com/share/video/7573512466991205646/,
2025-11-18 14:08:57-05:00,2025-11-18,14,like,Likes and Favorites.Like List.ItemFavoriteList,https://www.tiktokv.com/share/video/7573460905703378207/,
2025-11-18 14:05:20-05:00,2025-11-18,14,like,Likes and Favorites.Like List.ItemFavoriteList,https://www.tiktokv.com/share/video/7570866725831462174/,
2025-11-18 14:04:27-05:00,2025-11-18,14,like,Likes and Favorites.Like List.ItemFavoriteList,https://www.tiktokv.com/share/video/7550655465810709793/,
2025-11-18 14:03:04-05:00,2025-11-18,14,like,Likes and Favorites.Like List.ItemFavoriteList,https://www.tiktokv.com/share/video/7573548994740096270/,
2025-11-18 13:57:22-05:00,2025-11-18,13,like,Likes and Favorites.Like List.ItemFavoriteList,https://www.tiktokv.com/share/video/7574107448710008094/,
2025-11-18 13:56:08-05:00,2025-11-18,13,like,Likes and Favorites.Like List.ItemFavoriteList,https://www.tiktokv.com/share/video/7564048763380174111/,
2025-11-18 13:20:15-05:00,2025-11-18,13,like,Likes and Favorites.Like List.ItemFavoriteList,https://www.tiktokv.com/share/video/7548962452914867470/,
2025-11-18 13:18:52-05:00,2025-11-18,13,like,Likes and Favorites.Like List.ItemFavoriteList,https://www.tiktokv.com/share/video/7434841516062887186/,
2025-11-17 17:42:40-05:00,2025-11-17,17,like,Likes and Favorites.Like List.ItemFavoriteList,https://www.tiktokv.com/share/video/7573345366813330719/,
2025-11-17 17:33:40-05:00,2025-11-17,17,like,Likes and Favorites.Like List.ItemFavoriteList,https://www.tiktokv.com/share/video/7573820035534261534/,
2025-11-17 17:23:51-05:00,2025-11-17,17,like,Likes and Favorites.Like List.ItemFavoriteList,https://www.tiktokv.com/share/video/7564230528220532023/,
2025-11-17 17:21:37-05:00,2025-11-17,17,like,Likes and Favorites.Like List.ItemFavoriteList,https://www.tiktokv.com/share/video/7572933596298611988/,
2025-11-17 17:20:56-05:00,2025-11-17,17,like,Likes and Favorites.Like List.ItemFavoriteList,https://www.tiktokv.com/share/video/7573313502941580566/,
2025-11-17 17:16:00-05:00,2025-11-17,17,like,Likes and Favorites.Like List.ItemFavoriteList,https://www.tiktokv.com/share/video/7572894412506729759/,
2025-11-17 17:15:49-05:00,2025-11-17,17,like,Likes and Favorites.Like List.ItemFavoriteList,https://www.tiktokv.com/share/video/7573090130207001911/,
2025-11-17 17:12:25-05:00,2025-11-17,17,like,Likes and Favorites.Like List.ItemFavoriteList,https://www.tiktokv.com/share/video/7573746369605700871/,
2025-11-17 17:08:29-05:00,2025-11-17,17,like,Likes and Favorites.Like List.ItemFavoriteList,https://www.tiktokv.com/share/video/7562007605690813727/,
2025-11-17 17:06:54-05:00,2025-11-17,17,like,Likes and Favorites.Like List.ItemFavoriteList,https://www.tiktokv.com/share/video/7566751000195796237/,
2025-11-17 17:06:29-05:00,2025-11-17,17,like,Likes and Favorites.Like List.ItemFavoriteList,https://www.tiktokv.com/share/video/7572702291447270669/,
2025-11-17 17:03:08-05:00,2025-11-17,17,like,Likes and Favorites.Like List.ItemFavoriteList,https://www.tiktokv.com/share/video/7572213752255302943/,
2025-11-17 17:01:41-05:00,2025-11-17,17,like,Likes and Favorites.Like List.ItemFavoriteList,https://www.tiktokv.com/share/video/7573400324455599382/,
2025-11-17 15:22:11-05:00,2025-11-17,15,like,Likes and Favorites.Like List.ItemFavoriteList,https://www.tiktokv.com/share/video/7573613082006637879/,
2025-11-17 15:21:56-05:00,2025-11-17,15,like,Likes and Favorites.Like List.ItemFavoriteList,https://www.tiktokv.com/share/video/7568066776093969667/,
2025-11-17 15:19:16-05:00,2025-11-17,15,like,Likes and Favorites.Like List.ItemFavoriteList,https://www.tiktokv.com/share/video/7572985818994822422/,
2025-11-17 15:17:20-05:00,2025-11-17,15,like,Likes and Favorites.Like List.ItemFavoriteList,https://www.tiktokv.com/share/video/7571454185238138135/,
2025-11-17 15:17:02-05:00,2025-11-17,15,like,Likes and Favorites.Like List.ItemFavoriteList,https://www.tiktokv.com/share/video/7573440131831516429/,
2025-11-17 15:16:58-05:00,2025-11-17,15,like,Likes and Favorites.Like List.ItemFavoriteList,https://www.tiktokv.com/share/video/7496180510574562603/,
2025-11-17 15:15:45-05:00,2025-11-17,15,like,Likes and Favorites.Like List.ItemFavoriteList,https://www.tiktokv.com/share/video/7571641026473889055/,
2025-11-17 15:14:38-05:00,2025-11-17,15,like,Likes and Favorites.Like List.ItemFavoriteList,https://www.tiktokv.com/share/video/7573202097903127838/,
2025-11-17 14:52:04-05:00,2025-11-17,14,like,Likes and Favorites.Like List.ItemFavoriteList,https://www.tiktokv.com/share/video/7570546535172279607/,
2025-11-17 14:51:08-05:00,2025-11-17,14,like,Likes and Favorites.Like List.ItemFavoriteList,https://www.tiktokv.com/share/video/7563483601174564151/,
2025-11-17 13:04:47-05:00,2025-11-17,13,like,Likes and Favorites.Like List.ItemFavoriteList,https://www.tiktokv.com/share/video/7573467980340792590/,
2025-11-17 13:02:48-05:00,2025-11-17,13,like,Likes and Favorites.Like List.ItemFavoriteList,https://www.tiktokv.com/share/video/7567167218937629983/,
2025-11-17 13:02:23-05:00,2025-11-17,13,like,Likes and Favorites.Like List.ItemFavoriteList,https://www.tiktokv.com/share/video/7571935131825360141/,
2025-11-17 13:01:37-05:00,2025-11-17,13,like,Likes and Favorites.Like List.ItemFavoriteList,https://www.tiktokv.com/share/video/7572375726461095182/,
2025-11-17 13:00:18-05:00,2025-11-17,13,like,Likes and Favorites.Like List.ItemFavoriteList,https://www.tiktokv.com/share/video/7572792148182011150/,
2025-11-17 12:59:32-05:00,2025-11-17,12,like,Likes and Favorites.Like List.ItemFavoriteList,https://www.tiktokv.com/share/video/7573132209679371534/,
2025-11-17 12:57:47-05:00,2025-11-17,12,like,Likes and Favorites.Like List.ItemFavoriteList,https://www.tiktokv.com/share/video/7570724179876515127/,
2025-11-17 12:55:38-05:00,2025-11-17,12,like,Likes and Favorites.Like List.ItemFavoriteList,https://www.tiktokv.com/share/video/7571946204523711765/,
2025-11-17 01:05:24-05:00,2025-11-17,1,like,Likes and Favorites.Like List.ItemFavoriteList,https://www.tiktokv.com/share/video/7573026710283767070/,
2025-11-17 01:03:52-05:00,2025-11-17,1,like,Likes and Favorites.Like List.ItemFavoriteList,https://www.tiktokv.com/share/video/7573230407823543583/,
2025-11-17 01:02:30-05:00,2025-11-17,1,like,Likes and Favorites.Like List.ItemFavoriteList,https://www.tiktokv.com/share/video/7572635874580614422/,
2025-11-17 01:02:11-05:00,2025-11-17,1,like,Likes and Favorites.Like List.ItemFavoriteList,https://www.tiktokv.com/share/video/7556105848095886623/,
2025-11-17 01:01:45-05:00,2025-11-17,1,like,Likes and Favorites.Like List.ItemFavoriteList,https://www.tiktokv.com/share/video/7567476921584340246/,
2025-11-17 01:01:23-05:00,2025-11-17,1,like,Likes and Favorites.Like List.ItemFavoriteList,https://www.tiktokv.com/share/video/7572774611914476818/,
2025-11-17 01:00:07-05:00,2025-11-17,1,like,Likes and Favorites.Like List.ItemFavoriteList,https://www.tiktokv.com/share/video/7572802257033514295/,
2025-11-16 12:44:39-05:00,2025-11-16,12,like,Likes and Favorites.Like List.ItemFavoriteList,https://www.tiktokv.com/share/video/7572941415706119455/,
2025-11-16 02:48:32-05:00,2025-11-16,2,like,Likes and Favorites.Like List.ItemFavoriteList,https://www.tiktokv.com/share/video/7570200691264851231/,
2025-11-16 02:48:23-05:00,2025-11-16,2,like,Likes and Favorites.Like List.ItemFavoriteList,https://www.tiktokv.com/share/video/7572570765883723063/,
2025-11-16 02:45:31-05:00,2025-11-16,2,like,Likes and Favorites.Like List.ItemFavoriteList,https://www.tiktokv.com/share/video/7571998678701870391/,
2025-11-16 00:57:01-05:00,2025-11-16,0,like,Likes and Favorites.Like List.ItemFavoriteList,https://www.tiktokv.com/share/video/7571962874541657374/,
2025-11-15 14:44:29-05:00,2025-11-15,14,like,Likes and Favorites.Like List.ItemFavoriteList,https://www.tiktokv.com/share/video/7572845455747337503/,
2025-11-15 14:43:04-05:00,2025-11-15,14,like,Likes and Favorites.Like List.ItemFavoriteList,https://www.tiktokv.com/share/video/7571279247701069111/,
2025-11-15 14:34:41-05:00,2025-11-15,14,like,Likes and Favorites.Like List.ItemFavoriteList,https://www.tiktokv.com/share/video/7571469788879277334/,
2025-11-15 09:55:55-05:00,2025-11-15,9,like,Likes and Favorites.Like List.ItemFavoriteList,https://www.tiktokv.com/share/video/7571839863276752159/,
2025-11-15 09:55:41-05:00,2025-11-15,9,like,Likes and Favorites.Like List.ItemFavoriteList,https://www.tiktokv.com/share/video/7572022911855299871/,
2025-11-15 00:31:02-05:00,2025-11-15,0,like,Likes and Favorites.Like List.ItemFavoriteList,https://www.tiktokv.com/share/video/7572658435896904974/,
2025-11-15 00:30:26-05:00,2025-11-15,0,like,Likes and Favorites.Like List.ItemFavoriteList,https://www.tiktokv.com/share/video/7572690970513345822/,
2025-11-14 16:31:10-05:00,2025-11-14,16,like,Likes and Favorites.Like List.ItemFavoriteList,https://www.tiktokv.com/share/video/7571291320245964045/,
2025-11-14 16:30:48-05:00,2025-11-14,16,like,Likes and Favorites.Like List.ItemFavoriteList,https://www.tiktokv.com/share/video/7556322061916900640/,
2025-11-14 16:30:29-05:00,2025-11-14,16,like,Likes and Favorites.Like List.ItemFavoriteList,https://www.tiktokv.com/share/video/7572284859150912823/,
2025-11-14 11:36:13-05:00,2025-11-14,11,like,Likes and Favorites.Like List.ItemFavoriteList,https://www.tiktokv.com/share/video/7556703043723578642/,
2025-11-14 11:35:08-05:00,2025-11-14,11,like,Likes and Favorites.Like List.ItemFavoriteList,https://www.tiktokv.com/share/video/7572353159671188791/,
2025-11-14 11:33:00-05:00,2025-11-14,11,like,Likes and Favorites.Like List.ItemFavoriteList,https://www.tiktokv.com/share/video/7571511229609413918/,
2025-11-14 11:31:24-05:00,2025-11-14,11,like,Likes and Favorites.Like List.ItemFavoriteList,https://www.tiktokv.com/share/video/7572183186252303630/,
2025-11-14 11:31:08-05:00,2025-11-14,11,like,Likes and Favorites.Like List.ItemFavoriteList,https://www.tiktokv.com/share/video/7568892526279642398/,
2025-11-14 11:30:23-05:00,2025-11-14,11,like,Likes and Favorites.Like List.ItemFavoriteList,https://www.tiktokv.com/share/video/7572031116622826782/,
2025-11-14 11:28:31-05:00,2025-11-14,11,like,Likes and Favorites.Like List.ItemFavoriteList,https://www.tiktokv.com/share/video/7555878451492818198/,
2025-11-14 11:27:53-05:00,2025-11-14,11,like,Likes and Favorites.Like List.ItemFavoriteList,https://www.tiktokv.com/share/video/7572364501375405343/,
2025-11-14 11:27:37-05:00,2025-11-14,11,like,Likes and Favorites.Like List.ItemFavoriteList,https://www.tiktokv.com/share/video/7571657254315789598/,
2025-11-14 11:26:35-05:00,2025-11-14,11,like,Likes and Favorites.Like List.ItemFavoriteList,https://www.tiktokv.com/share/video/7571630830985006349/,
2025-11-14 10:07:59-05:00,2025-11-14,10,like,Likes and Favorites.Like List.ItemFavoriteList,https://www.tiktokv.com/share/video/7571565085500476727/,
2025-11-14 10:04:28-05:00,2025-11-14,10,like,Likes and Favorites.Like List.ItemFavoriteList,https://www.tiktokv.com/share/video/7571994209222200607/,
2025-11-14 10:02:41-05:00,2025-11-14,10,like,Likes and Favorites.Like List.ItemFavoriteList,https://www.tiktokv.com/share/video/7558475604727811358/,
2025-11-14 10:02:20-05:00,2025-11-14,10,like,Likes and Favorites.Like List.ItemFavoriteList,https://www.tiktokv.com/share/video/7572031267483421983/,
2025-11-14 10:02:03-05:00,2025-11-14,10,like,Likes and Favorites.Like List.ItemFavoriteList,https://www.tiktokv.com/share/video/7571622628683730190/,
2025-11-14 10:01:07-05:00,2025-11-14,10,like,Likes and Favorites.Like List.ItemFavoriteList,https://www.tiktokv.com/share/video/7572334558692101406/,
2025-11-14 09:59:24-05:00,2025-11-14,9,like,Likes and Favorites.Like List.ItemFavoriteList,https://www.tiktokv.com/share/video/7571583989245414687/,
2025-11-14 09:58:50-05:00,2025-11-14,9,like,Likes and Favorites.Like List.ItemFavoriteList,https://www.tiktokv.com/share/video/7567151221509754134/,
2025-11-13 11:34:48-05:00,2025-11-13,11,like,Likes and Favorites.Like List.ItemFavoriteList,https://www.tiktokv.com/share/video/7571647972920806687/,
2025-11-13 11:33:55-05:00,2025-11-13,11,like,Likes and Favorites.Like List.ItemFavoriteList,https://www.tiktokv.com/share/video/7571936488384908552/,
2025-11-13 11:28:14-05:00,2025-11-13,11,like,Likes and Favorites.Like List.ItemFavoriteList,https://www.tiktokv.com/share/video/7563366306351697182/,
2025-11-13 11:25:40-05:00,2025-11-13,11,like,Likes and Favorites.Like List.ItemFavoriteList,https://www.tiktokv.com/share/video/7560157554588929293/,
2025-11-13 11:24:23-05:00,2025-11-13,11,like,Likes and Favorites.Like List.ItemFavoriteList,https://www.tiktokv.com/share/video/7570783640897031479/,
2025-11-13 11:23:17-05:00,2025-11-13,11,like,Likes and Favorites.Like List.ItemFavoriteList,https://www.tiktokv.com/share/video/7572108914289069326/,
2025-11-13 10:19:36-05:00,2025-11-13,10,like,Likes and Favorites.Like List.ItemFavoriteList,https://www.tiktokv.com/share/video/7571632630618180895/,
2025-11-13 09:17:28-05:00,2025-11-13,9,like,Likes and Favorites.Like List.ItemFavoriteList,https://www.tiktokv.com/share/video/7571942695732645151/,
2025-11-13 08:14:32-05:00,2025-11-13,8,like,Likes and Favorites.Like List.ItemFavoriteList,https://www.tiktokv.com/share/video/7527832367784807710/,
2025-11-13 00:51:52-05:00,2025-11-13,0,like,Likes and Favorites.Like List.ItemFavoriteList,https://www.tiktokv.com/share/video/7565441959687458080/,
2025-11-13 00:50:37-05:00,2025-11-13,0,like,Likes and Favorites.Like List.ItemFavoriteList,https://www.tiktokv.com/share/video/7556991785428438286/,
2025-11-13 00:50:03-05:00,2025-11-13,0,like,Likes and Favorites.Like List.ItemFavoriteList,https://www.tiktokv.com/share/video/7571857738427419912/,
2025-11-13 00:48:57-05:00,2025-11-13,0,like,Likes and Favorites.Like List.ItemFavoriteList,https://www.tiktokv.com/share/video/7553735904322407694/,
2025-11-13 00:45:36-05:00,2025-11-13,0,like,Likes and Favorites.Like List.ItemFavoriteList,https://www.tiktokv.com/share/video/7555785251973385485/,
2025-11-13 00:43:42-05:00,2025-11-13,0,like,Likes and Favorites.Like List.ItemFavoriteList,https://www.tiktokv.com/share/video/7558984484335488286/,
2025-11-13 00:42:22-05:00,2025-11-13,0,like,Likes and Favorites.Like List.ItemFavoriteList,https://www.tiktokv.com/share/video/7557089005808946454/,
2025-11-13 00:39:58-05:00,2025-11-13,0,like,Likes and Favorites.Like List.ItemFavoriteList,https://www.tiktokv.com/share/video/7571536679509527830/,
2025-11-13 00:38:39-05:00,2025-11-13,0,like,Likes and Favorites.Like List.ItemFavoriteList,https://www.tiktokv.com/share/video/7561689998936821047/,
2025-11-13 00:38:28-05:00,2025-11-13,0,like,Likes and Favorites.Like List.ItemFavoriteList,https://www.tiktokv.com/share/video/7568961570542259478/,
2025-11-13 00:37:50-05:00,2025-11-13,0,like,Likes and Favorites.Like List.ItemFavoriteList,https://www.tiktokv.com/share/video/7572062074730269965/,
2025-11-13 00:36:50-05:00,2025-11-13,0,like,Likes and Favorites.Like List.ItemFavoriteList,https://www.tiktokv.com/share/video/7553905729204145416/,
2025-11-13 00:36:06-05:00,2025-11-13,0,like,Likes and Favorites.Like List.ItemFavoriteList,https://www.tiktokv.com/share/video/7561414622746594582/,
2025-11-13 00:35:25-05:00,2025-11-13,0,like,Likes and Favorites.Like List.ItemFavoriteList,https://www.tiktokv.com/share/video/7571715772876197150/,
2025-11-13 00:35:02-05:00,2025-11-13,0,like,Likes and Favorites.Like List.ItemFavoriteList,https://www.tiktokv.com/share/video/7571819763807063326/,
2025-11-13 00:34:34-05:00,2025-11-13,0,like,Likes and Favorites.Like List.ItemFavoriteList,https://www.tiktokv.com/share/video/7553996704165465358/,
2025-11-13 00:33:36-05:00,2025-11-13,0,like,Likes and Favorites.Like List.ItemFavoriteList,https://www.tiktokv.com/share/video/7571177047096069407/,
2025-11-13 00:33:07-05:00,2025-11-13,0,like,Likes and Favorites.Like List.ItemFavoriteList,https://www.tiktokv.com/share/video/7539094362148392214/,
2025-11-12 16:39:53-05:00,2025-11-12,16,like,Likes and Favorites.Like List.ItemFavoriteList,https://www.tiktokv.com/share/video/7555350746774949141/,
2025-11-12 16:39:46-05:00,2025-11-12,16,like,Likes and Favorites.Like List.ItemFavoriteList,https://www.tiktokv.com/share/video/7555214163363007774/,
2025-11-12 16:13:11-05:00,2025-11-12,16,like,Likes and Favorites.Like List.ItemFavoriteList,https://www.tiktokv.com/share/video/7554878654463986975/,
2025-11-12 16:11:53-05:00,2025-11-12,16,like,Likes and Favorites.Like List.ItemFavoriteList,https://www.tiktokv.com/share/video/7570816003974647054/,
2025-11-12 16:10:58-05:00,2025-11-12,16,like,Likes and Favorites.Like List.ItemFavoriteList,https://www.tiktokv.com/share/video/7567255418964118814/,
2025-11-12 16:08:24-05:00,2025-11-12,16,like,Likes and Favorites.Like List.ItemFavoriteList,https://www.tiktokv.com/share/video/7571710305042976031/,
2025-11-12 16:05:38-05:00,2025-11-12,16,like,Likes and Favorites.Like List.ItemFavoriteList,https://www.tiktokv.com/share/video/7571587358030695693/,
2025-11-12 15:03:48-05:00,2025-11-12,15,like,Likes and Favorites.Like List.ItemFavoriteList,https://www.tiktokv.com/share/video/7570383330517208323/,
2025-11-12 15:02:39-05:00,2025-11-12,15,like,Likes and Favorites.Like List.ItemFavoriteList,https://www.tiktokv.com/share/video/7570557565487025416/,
2025-11-12 15:02:17-05:00,2025-11-12,15,like,Likes and Favorites.Like List.ItemFavoriteList,https://www.tiktokv.com/share/video/7570859772312882450/,
2025-11-12 13:57:31-05:00,2025-11-12,13,like,Likes and Favorites.Like List.ItemFavoriteList,https://www.tiktokv.com/share/video/7571204466800692493/,
2025-11-12 13:54:12-05:00,2025-11-12,13,like,Likes and Favorites.Like List.ItemFavoriteList,https://www.tiktokv.com/share/video/7553086388518833421/,
2025-11-12 13:53:44-05:00,2025-11-12,13,like,Likes and Favorites.Like List.ItemFavoriteList,https://www.tiktokv.com/share/video/7568728405718486289/,
2025-11-12 13:52:33-05:00,2025-11-12,13,like,Likes and Favorites.Like List.ItemFavoriteList,https://www.tiktokv.com/share/video/7562261132346445069/,
2025-11-12 13:49:47-05:00,2025-11-12,13,like,Likes and Favorites.Like List.ItemFavoriteList,https://www.tiktokv.com/share/video/7571558579237358862/,
2025-11-12 13:47:13-05:00,2025-11-12,13,like,Likes and Favorites.Like List.ItemFavoriteList,https://www.tiktokv.com/share/video/7554112524245863710/,
2025-11-12 13:44:38-05:00,2025-11-12,13,like,Likes and Favorites.Like List.ItemFavoriteList,https://www.tiktokv.com/share/video/7571903442751343885/,
2025-11-12 13:42:51-05:00,2025-11-12,13,like,Likes and Favorites.Like List.ItemFavoriteList,https://www.tiktokv.com/share/video/7568993772583898423/,
2025-11-12 13:42:16-05:00,2025-11-12,13,like,Likes and Favorites.Like List.ItemFavoriteList,https://www.tiktokv.com/share/video/7570484398399720735/,
2025-11-12 13:41:39-05:00,2025-11-12,13,like,Likes and Favorites.Like List.ItemFavoriteList,https://www.tiktokv.com/share/video/7571330337029016845/,
2025-11-12 13:40:19-05:00,2025-11-12,13,like,Likes and Favorites.Like List.ItemFavoriteList,https://www.tiktokv.com/share/video/7563190531891809544/,
2025-11-12 13:38:51-05:00,2025-11-12,13,like,Likes and Favorites.Like List.ItemFavoriteList,https://www.tiktokv.com/share/video/7556754904333684023/,
2025-11-12 13:38:18-05:00,2025-11-12,13,like,Likes and Favorites.Like List.ItemFavoriteList,https://www.tiktokv.com/share/video/7564111438361398535/,
2025-11-12 13:33:07-05:00,2025-11-12,13,like,Likes and Favorites.Like List.ItemFavoriteList,https://www.tiktokv.com/share/video/7571523841718078727/,
2025-11-12 13:30:42-05:00,2025-11-12,13,like,Likes and Favorites.Like List.ItemFavoriteList,https://www.tiktokv.com/share/video/7571194500824059166/,
2025-11-12 13:30:18-05:00,2025-11-12,13,like,Likes and Favorites.Like List.ItemFavoriteList,https://www.tiktokv.com/share/video/7570886866598137101/,
2025-11-12 13:29:20-05:00,2025-11-12,13,like,Likes and Favorites.Like List.ItemFavoriteList,https://www.tiktokv.com/share/video/7571114950349868302/,
2025-11-12 13:27:06-05:00,2025-11-12,13,like,Likes and Favorites.Like List.ItemFavoriteList,https://www.tiktokv.com/share/video/7571595291317652749/,
2025-11-12 13:18:45-05:00,2025-11-12,13,like,Likes and Favorites.Like List.ItemFavoriteList,https://www.tiktokv.com/share/video/7571520721755721015/,
2025-11-12 13:16:14-05:00,2025-11-12,13,like,Likes and Favorites.Like List.ItemFavoriteList,https://www.tiktokv.com/share/video/7571218533804281102/,
2025-11-12 13:15:23-05:00,2025-11-12,13,like,Likes and Favorites.Like List.ItemFavoriteList,https://www.tiktokv.com/share/video/7570417571380432183/,
2025-11-12 13:15:06-05:00,2025-11-12,13,like,Likes and Favorites.Like List.ItemFavoriteList,https://www.tiktokv.com/share/video/7555730947627420983/,
2025-11-12 13:10:58-05:00,2025-11-12,13,like,Likes and Favorites.Like List.ItemFavoriteList,https://www.tiktokv.com/share/video/7571283476146687263/,
2025-11-12 13:04:20-05:00,2025-11-12,13,like,Likes and Favorites.Like List.ItemFavoriteList,https://www.tiktokv.com/share/video/7561904079358692622/,
2025-11-12 13:00:20-05:00,2025-11-12,13,like,Likes and Favorites.Like List.ItemFavoriteList,https://www.tiktokv.com/share/video/7563891550615325983/,
2025-11-12 12:49:32-05:00,2025-11-12,12,like,Likes and Favorites.Like List.ItemFavoriteList,https://www.tiktokv.com/share/video/7562907923765136671/,
2025-11-12 12:49:14-05:00,2025-11-12,12,like,Likes and Favorites.Like List.ItemFavoriteList,https://www.tiktokv.com/share/video/7564990252301946126/,
2025-11-12 12:48:43-05:00,2025-11-12,12,like,Likes and Favorites.Like List.ItemFavoriteList,https://www.tiktokv.com/share/video/7571300922840681783/,
2025-11-12 12:48:20-05:00,2025-11-12,12,like,Likes and Favorites.Like List.ItemFavoriteList,https://www.tiktokv.com/share/video/7570581062770789663/,
2025-11-12 12:46:58-05:00,2025-11-12,12,like,Likes and Favorites.Like List.ItemFavoriteList,https://www.tiktokv.com/share/video/7570667688779877662/,
2025-11-12 12:46:01-05:00,2025-11-12,12,like,Likes and Favorites.Like List.ItemFavoriteList,https://www.tiktokv.com/share/video/7563265460825836822/,
2025-11-12 12:44:00-05:00,2025-11-12,12,like,Likes and Favorites.Like List.ItemFavoriteList,https://www.tiktokv.com/share/video/7570850418566106399/,
2025-11-12 12:43:29-05:00,2025-11-12,12,like,Likes and Favorites.Like List.ItemFavoriteList,https://www.tiktokv.com/share/video/7571535004384136479/,
2025-11-12 12:42:38-05:00,2025-11-12,12,like,Likes and Favorites.Like List.ItemFavoriteList,https://www.tiktokv.com/share/video/7571225774057934111/,
2025-11-12 12:39:22-05:00,2025-11-12,12,like,Likes and Favorites.Like List.ItemFavoriteList,https://www.tiktokv.com/share/video/7571483345368976671/,
2025-11-12 12:37:39-05:00,2025-11-12,12,like,Likes and Favorites.Like List.ItemFavoriteList,https://www.tiktokv.com/share/video/7570945323607100685/,
2025-11-12 12:37:14-05:00,2025-11-12,12,like,Likes and Favorites.Like List.ItemFavoriteList,https://www.tiktokv.com/share/video/7571192357849435406/,
2025-11-12 12:36:54-05:00,2025-11-12,12,like,Likes and Favorites.Like List.ItemFavoriteList,https://www.tiktokv.com/share/video/7571566446333922590/,
2025-11-12 12:36:33-05:00,2025-11-12,12,like,Likes and Favorites.Like List.ItemFavoriteList,https://www.tiktokv.com/share/video/7554467678161882399/,
2025-11-12 12:33:10-05:00,2025-11-12,12,like,Likes and Favorites.Like List.ItemFavoriteList,https://www.tiktokv.com/share/video/7563381902825049399/,
2025-11-12 12:30:20-05:00,2025-11-12,12,like,Likes and Favorites.Like List.ItemFavoriteList,https://www.tiktokv.com/share/video/7571507269947395341/,
2025-11-12 12:28:00-05:00,2025-11-12,12,like,Likes and Favorites.Like List.ItemFavoriteList,https://www.tiktokv.com/share/video/7567919506404723998/,
2025-11-12 12:26:49-05:00,2025-11-12,12,like,Likes and Favorites.Like List.ItemFavoriteList,https://www.tiktokv.com/share/video/7570878911186341175/,
2025-11-12 12:25:24-05:00,2025-11-12,12,like,Likes and Favorites.Like List.ItemFavoriteList,https://www.tiktokv.com/share/video/7571501610518596919/,
2025-11-12 12:22:22-05:00,2025-11-12,12,like,Likes and Favorites.Like List.ItemFavoriteList,https://www.tiktokv.com/share/video/7571541701064510750/,
2025-11-12 12:21:56-05:00,2025-11-12,12,like,Likes and Favorites.Like List.ItemFavoriteList,https://www.tiktokv.com/share/video/7569873623867985207/,
2025-11-12 12:19:18-05:00,2025-11-12,12,like,Likes and Favorites.Like List.ItemFavoriteList,https://www.tiktokv.com/share/video/7570916748543659275/,
2025-11-12 12:18:56-05:00,2025-11-12,12,like,Likes and Favorites.Like List.ItemFavoriteList,https://www.tiktokv.com/share/video/7570857407715216652/,
2025-11-12 12:18:15-05:00,2025-11-12,12,like,Likes and Favorites.Like List.ItemFavoriteList,https://www.tiktokv.com/share/video/7571661714945608974/,
2025-11-12 12:16:33-05:00,2025-11-12,12,like,Likes and Favorites.Like List.ItemFavoriteList,https://www.tiktokv.com/share/video/7571554764983504142/,
2025-11-12 12:16:20-05:00,2025-11-12,12,like,Likes and Favorites.Like List.ItemFavoriteList,https://www.tiktokv.com/share/video/7570584333770165535/,
2025-11-12 12:06:15-05:00,2025-11-12,12,like,Likes and Favorites.Like List.ItemFavoriteList,https://www.tiktokv.com/share/video/7571196913639263501/,
2025-11-12 12:05:51-05:00,2025-11-12,12,like,Likes and Favorites.Like List.ItemFavoriteList,https://www.tiktokv.com/share/video/7570203091941788959/,
2025-11-12 12:05:20-05:00,2025-11-12,12,like,Likes and Favorites.Like List.ItemFavoriteList,https://www.tiktokv.com/share/video/7571294609024765215/,
2025-11-12 12:03:47-05:00,2025-11-12,12,like,Likes and Favorites.Like List.ItemFavoriteList,https://www.tiktokv.com/share/video/7571158778712706335/,
2025-11-12 12:02:35-05:00,2025-11-12,12,like,Likes and Favorites.Like List.ItemFavoriteList,https://www.tiktokv.com/share/video/7571222540958387470/,
2025-11-12 12:02:07-05:00,2025-11-12,12,like,Likes and Favorites.Like List.ItemFavoriteList,https://www.tiktokv.com/share/video/7571642776614456584/,
2025-11-12 11:59:36-05:00,2025-11-12,11,like,Likes and Favorites.Like List.ItemFavoriteList,https://www.tiktokv.com/share/video/7565582511468842252/,
2025-11-12 11:56:45-05:00,2025-11-12,11,like,Likes and Favorites.Like List.ItemFavoriteList,https://www.tiktokv.com/share/video/7571282421480574221/,
2025-11-12 11:55:31-05:00,2025-11-12,11,like,Likes and Favorites.Like List.ItemFavoriteList,https://www.tiktokv.com/share/video/7570925181925985550/,
2025-11-12 11:55:24-05:00,2025-11-12,11,like,Likes and Favorites.Like List.ItemFavoriteList,https://www.tiktokv.com/share/video/7571502649284021534/,
2025-11-12 11:53:50-05:00,2025-11-12,11,like,Likes and Favorites.Like List.ItemFavoriteList,https://www.tiktokv.com/share/video/7555268571656441101/,
2025-11-12 11:51:02-05:00,2025-11-12,11,like,Likes and Favorites.Like List.ItemFavoriteList,https://www.tiktokv.com/share/video/7571664633891671351/,
2025-11-12 11:50:11-05:00,2025-11-12,11,like,Likes and Favorites.Like List.ItemFavoriteList,https://www.tiktokv.com/share/video/7562044000052579598/,
2025-11-12 11:49:28-05:00,2025-11-12,11,like,Likes and Favorites.Like List.ItemFavoriteList,https://www.tiktokv.com/share/video/7571542260098043191/,
2025-11-12 11:45:19-05:00,2025-11-12,11,like,Likes and Favorites.Like List.ItemFavoriteList,https://www.tiktokv.com/share/video/7563799730774347015/,
2025-11-12 11:43:45-05:00,2025-11-12,11,like,Likes and Favorites.Like List.ItemFavoriteList,https://www.tiktokv.com/share/video/7571645422465256759/,
2025-11-12 11:42:34-05:00,2025-11-12,11,like,Likes and Favorites.Like List.ItemFavoriteList,https://www.tiktokv.com/share/video/7571475221526465805/,
2025-11-12 11:38:09-05:00,2025-11-12,11,like,Likes and Favorites.Like List.ItemFavoriteList,https://www.tiktokv.com/share/video/7571287992485039374/,
2025-11-12 11:36:22-05:00,2025-11-12,11,like,Likes and Favorites.Like List.ItemFavoriteList,https://www.tiktokv.com/share/video/7571561513085930807/,
2025-11-12 11:28:06-05:00,2025-11-12,11,like,Likes and Favorites.Like List.ItemFavoriteList,https://www.tiktokv.com/share/video/7571364278356184351/,
2025-11-12 11:23:57-05:00,2025-11-12,11,like,Likes and Favorites.Like List.ItemFavoriteList,https://www.tiktokv.com/share/video/7571268213875510558/,
2025-11-12 11:17:54-05:00,2025-11-12,11,like,Likes and Favorites.Like List.ItemFavoriteList,https://www.tiktokv.com/share/video/7553031612804517142/,
2025-11-12 11:16:17-05:00,2025-11-12,11,like,Likes and Favorites.Like List.ItemFavoriteList,https://www.tiktokv.com/share/video/7570914413570428190/,
2025-11-12 11:10:23-05:00,2025-11-12,11,like,Likes and Favorites.Like List.ItemFavoriteList,https://www.tiktokv.com/share/video/7570911376261041415/,
2025-11-11 20:43:18-05:00,2025-11-11,20,like,Likes and Favorites.Like List.ItemFavoriteList,https://www.tiktokv.com/share/video/7570801609245052190/,
2025-11-11 20:42:22-05:00,2025-11-11,20,like,Likes and Favorites.Like List.ItemFavoriteList,https://www.tiktokv.com/share/video/7556343409477242134/,
2025-11-11 20:40:43-05:00,2025-11-11,20,like,Likes and Favorites.Like List.ItemFavoriteList,https://www.tiktokv.com/share/video/7570888507300891935/,
2025-11-11 20:16:31-05:00,2025-11-11,20,like,Likes and Favorites.Like List.ItemFavoriteList,https://www.tiktokv.com/share/video/7571218127426555149/,
2025-11-11 20:15:52-05:00,2025-11-11,20,like,Likes and Favorites.Like List.ItemFavoriteList,https://www.tiktokv.com/share/video/7570935376446098743/,
2025-11-11 20:12:07-05:00,2025-11-11,20,like,Likes and Favorites.Like List.ItemFavoriteList,https://www.tiktokv.com/share/video/7570159751879757087/,
2025-11-11 20:11:39-05:00,2025-11-11,20,like,Likes and Favorites.Like List.ItemFavoriteList,https://www.tiktokv.com/share/video/7570940948092407054/,
2025-11-11 20:10:11-05:00,2025-11-11,20,like,Likes and Favorites.Like List.ItemFavoriteList,https://www.tiktokv.com/share/video/7571249992015433015/,
2025-11-11 19:29:44-05:00,2025-11-11,19,like,Likes and Favorites.Like List.ItemFavoriteList,https://www.tiktokv.com/share/video/7562805600485199159/,
2025-11-11 19:28:25-05:00,2025-11-11,19,like,Likes and Favorites.Like List.ItemFavoriteList,https://www.tiktokv.com/share/video/7558023742656417055/,
2025-11-11 19:27:23-05:00,2025-11-11,19,like,Likes and Favorites.Like List.ItemFavoriteList,https://www.tiktokv.com/share/video/7567179761022291255/,
2025-11-11 19:25:13-05:00,2025-11-11,19,like,Likes and Favorites.Like List.ItemFavoriteList,https://www.tiktokv.com/share/video/7569689988804250893/,
2025-11-11 19:24:26-05:00,2025-11-11,19,like,Likes and Favorites.Like List.ItemFavoriteList,https://www.tiktokv.com/share/video/7565638328385572109/,
2025-11-11 19:22:29-05:00,2025-11-11,19,like,Likes and Favorites.Like List.ItemFavoriteList,https://www.tiktokv.com/share/video/7571250490340576567/,
2025-11-11 19:17:41-05:00,2025-11-11,19,like,Likes and Favorites.Like List.ItemFavoriteList,https://www.tiktokv.com/share/video/7556872915191467295/,
2025-11-11 19:17:07-05:00,2025-11-11,19,like,Likes and Favorites.Like List.ItemFavoriteList,https://www.tiktokv.com/share/video/7571358119066864910/,
2025-11-11 19:16:27-05:00,2025-11-11,19,like,Likes and Favorites.Like List.ItemFavoriteList,https://www.tiktokv.com/share/video/7571103052392975646/,
2025-11-11 13:32:11-05:00,2025-11-11,13,like,Likes and Favorites.Like List.ItemFavoriteList,https://www.tiktokv.com/share/video/7570829494018247949/,
2025-11-11 13:30:59-05:00,2025-11-11,13,like,Likes and Favorites.Like List.ItemFavoriteList,https://www.tiktokv.com/share/video/7571219405607030071/,
2025-11-11 13:29:56-05:00,2025-11-11,13,like,Likes and Favorites.Like List.ItemFavoriteList,https://www.tiktokv.com/share/video/7571491388798291214/,
2025-11-11 13:27:58-05:00,2025-11-11,13,like,Likes and Favorites.Like List.ItemFavoriteList,https://www.tiktokv.com/share/video/7519900893114928439/,
2025-11-11 13:25:53-05:00,2025-11-11,13,like,Likes and Favorites.Like List.ItemFavoriteList,https://www.tiktokv.com/share/video/7557229496030579975/,
2025-11-11 13:25:27-05:00,2025-11-11,13,like,Likes and Favorites.Like List.ItemFavoriteList,https://www.tiktokv.com/share/video/7570898685177990414/,
2025-11-11 13:24:11-05:00,2025-11-11,13,like,Likes and Favorites.Like List.ItemFavoriteList,https://www.tiktokv.com/share/video/7568968513826737439/,
2025-11-11 09:25:02-05:00,2025-11-11,9,like,Likes and Favorites.Like List.ItemFavoriteList,https://www.tiktokv.com/share/video/7570930006004698381/,
2025-11-10 20:32:38-05:00,2025-11-10,20,like,Likes and Favorites.Like List.ItemFavoriteList,https://www.tiktokv.com/share/video/7570754195079400734/,
2025-11-10 20:28:00-05:00,2025-11-10,20,like,Likes and Favorites.Like List.ItemFavoriteList,https://www.tiktokv.com/share/video/7566704803561196814/,
2025-11-10 20:26:07-05:00,2025-11-10,20,like,Likes and Favorites.Like List.ItemFavoriteList,https://www.tiktokv.com/share/video/7570780072844479757/,
2025-11-10 20:25:48-05:00,2025-11-10,20,like,Likes and Favorites.Like List.ItemFavoriteList,https://www.tiktokv.com/share/video/7570680105685568800/,
2025-11-10 20:11:23-05:00,2025-11-10,20,like,Likes and Favorites.Like List.ItemFavoriteList,https://www.tiktokv.com/share/video/7570474596386786574/,
2025-11-10 20:11:09-05:00,2025-11-10,20,like,Likes and Favorites.Like List.ItemFavoriteList,https://www.tiktokv.com/share/video/7571156749596527902/,
2025-11-10 20:10:45-05:00,2025-11-10,20,like,Likes and Favorites.Like List.ItemFavoriteList,https://www.tiktokv.com/share/video/7570431898854444302/,
2025-11-10 20:10:21-05:00,2025-11-10,20,like,Likes and Favorites.Like List.ItemFavoriteList,https://www.tiktokv.com/share/video/7569760314959449399/,
2025-11-10 20:09:46-05:00,2025-11-10,20,like,Likes and Favorites.Like List.ItemFavoriteList,https://www.tiktokv.com/share/video/7570719101891448078/,
2025-11-10 20:09:15-05:00,2025-11-10,20,like,Likes and Favorites.Like List.ItemFavoriteList,https://www.tiktokv.com/share/video/7568368803327905055/,
2025-11-10 20:09:15-05:00,2025-11-10,20,like,Likes and Favorites.Like List.ItemFavoriteList,https://www.tiktokv.com/share/video/7565663977645133087/,
2025-11-10 20:07:41-05:00,2025-11-10,20,like,Likes and Favorites.Like List.ItemFavoriteList,https://www.tiktokv.com/share/video/7570847311476067598/,
2025-11-10 20:05:38-05:00,2025-11-10,20,like,Likes and Favorites.Like List.ItemFavoriteList,https://www.tiktokv.com/share/video/7571226022692064542/,
2025-11-10 20:02:41-05:00,2025-11-10,20,like,Likes and Favorites.Like List.ItemFavoriteList,https://www.tiktokv.com/share/video/7571246340299115796/,
2025-11-10 20:02:30-05:00,2025-11-10,20,like,Likes and Favorites.Like List.ItemFavoriteList,https://www.tiktokv.com/share/video/7570928146158079245/,
2025-11-10 20:00:11-05:00,2025-11-10,20,like,Likes and Favorites.Like List.ItemFavoriteList,https://www.tiktokv.com/share/video/7570802346641427742/,
2025-11-10 19:16:41-05:00,2025-11-10,19,like,Likes and Favorites.Like List.ItemFavoriteList,https://www.tiktokv.com/share/video/7538536454130027806/,
2025-11-10 19:16:14-05:00,2025-11-10,19,like,Likes and Favorites.Like List.ItemFavoriteList,https://www.tiktokv.com/share/video/7571248682956262687/,
2025-11-10 19:14:46-05:00,2025-11-10,19,like,Likes and Favorites.Like List.ItemFavoriteList,https://www.tiktokv.com/share/video/7570865671693733175/,
2025-11-10 19:14:30-05:00,2025-11-10,19,like,Likes and Favorites.Like List.ItemFavoriteList,https://www.tiktokv.com/share/video/7570386446054411551/,
2025-11-10 14:40:03-05:00,2025-11-10,14,like,Likes and Favorites.Like List.ItemFavoriteList,https://www.tiktokv.com/share/video/7560416505012161823/,
2025-11-10 14:39:25-05:00,2025-11-10,14,like,Likes and Favorites.Like List.ItemFavoriteList,https://www.tiktokv.com/share/video/7570121756778777869/,
2025-11-10 14:21:56-05:00,2025-11-10,14,like,Likes and Favorites.Like List.ItemFavoriteList,https://www.tiktokv.com/share/video/7559254040102604054/,
2025-11-10 14:20:43-05:00,2025-11-10,14,like,Likes and Favorites.Like List.ItemFavoriteList,https://www.tiktokv.com/share/video/7565255386677234974/,
2025-11-10 14:19:46-05:00,2025-11-10,14,like,Likes and Favorites.Like List.ItemFavoriteList,https://www.tiktokv.com/share/video/7551548479886118166/,
2025-11-10 14:19:12-05:00,2025-11-10,14,like,Likes and Favorites.Like List.ItemFavoriteList,https://www.tiktokv.com/share/video/7560360202558639372/,
2025-11-10 14:18:58-05:00,2025-11-10,14,like,Likes and Favorites.Like List.ItemFavoriteList,https://www.tiktokv.com/share/video/7569305697008094494/,
2025-11-10 14:18:39-05:00,2025-11-10,14,like,Likes and Favorites.Like List.ItemFavoriteList,https://www.tiktokv.com/share/video/7570784887746153758/,
2025-11-10 14:18:07-05:00,2025-11-10,14,like,Likes and Favorites.Like List.ItemFavoriteList,https://www.tiktokv.com/share/video/7570545484167744799/,
2025-11-10 14:17:20-05:00,2025-11-10,14,like,Likes and Favorites.Like List.ItemFavoriteList,https://www.tiktokv.com/share/video/7570125898838445323/,
2025-11-10 14:17:13-05:00,2025-11-10,14,like,Likes and Favorites.Like List.ItemFavoriteList,https://www.tiktokv.com/share/video/7551229191769918775/,
2025-11-10 14:16:40-05:00,2025-11-10,14,like,Likes and Favorites.Like List.ItemFavoriteList,https://www.tiktokv.com/share/video/7570837849692540174/,
2025-11-10 14:14:24-05:00,2025-11-10,14,like,Likes and Favorites.Like List.ItemFavoriteList,https://www.tiktokv.com/share/video/7552343332450536759/,
2025-11-10 14:14:04-05:00,2025-11-10,14,like,Likes and Favorites.Like List.ItemFavoriteList,https://www.tiktokv.com/share/video/7554603255611936030/,
2025-11-10 14:13:38-05:00,2025-11-10,14,like,Likes and Favorites.Like List.ItemFavoriteList,https://www.tiktokv.com/share/video/7570120837068492046/,
2025-11-10 13:54:40-05:00,2025-11-10,13,like,Likes and Favorites.Like List.ItemFavoriteList,https://www.tiktokv.com/share/video/7570157994726477111/,
2025-11-10 13:52:27-05:00,2025-11-10,13,like,Likes and Favorites.Like List.ItemFavoriteList,https://www.tiktokv.com/share/video/7571164262916263199/,
2025-11-10 13:51:46-05:00,2025-11-10,13,like,Likes and Favorites.Like List.ItemFavoriteList,https://www.tiktokv.com/share/video/7566204915677187358/,
2025-11-10 13:47:55-05:00,2025-11-10,13,like,Likes and Favorites.Like List.ItemFavoriteList,https://www.tiktokv.com/share/video/7570916515491384607/,
2025-11-10 13:47:28-05:00,2025-11-10,13,like,Likes and Favorites.Like List.ItemFavoriteList,https://www.tiktokv.com/share/video/7555307986932026654/,
2025-11-10 13:47:20-05:00,2025-11-10,13,like,Likes and Favorites.Like List.ItemFavoriteList,https://www.tiktokv.com/share/video/7570331918135201046/,
2025-11-10 13:45:48-05:00,2025-11-10,13,like,Likes and Favorites.Like List.ItemFavoriteList,https://www.tiktokv.com/share/video/7570914934972845342/,
2025-11-10 13:44:57-05:00,2025-11-10,13,like,Likes and Favorites.Like List.ItemFavoriteList,https://www.tiktokv.com/share/video/7570852856027172127/,
2025-11-10 13:44:36-05:00,2025-11-10,13,like,Likes and Favorites.Like List.ItemFavoriteList,https://www.tiktokv.com/share/video/7555212209438199071/,
2025-11-10 13:44:20-05:00,2025-11-10,13,like,Likes and Favorites.Like List.ItemFavoriteList,https://www.tiktokv.com/share/video/7570595838431415582/,
2025-11-10 13:44:12-05:00,2025-11-10,13,like,Likes and Favorites.Like List.ItemFavoriteList,https://www.tiktokv.com/share/video/7568036408288414994/,
2025-11-10 13:43:55-05:00,2025-11-10,13,like,Likes and Favorites.Like List.ItemFavoriteList,https://www.tiktokv.com/share/video/7569787734672346398/,
2025-11-10 13:42:40-05:00,2025-11-10,13,like,Likes and Favorites.Like List.ItemFavoriteList,https://www.tiktokv.com/share/video/7566504225702694199/,
2025-11-10 13:32:09-05:00,2025-11-10,13,like,Likes and Favorites.Like List.ItemFavoriteList,https://www.tiktokv.com/share/video/7570838901959494942/,
2025-11-10 13:30:50-05:00,2025-11-10,13,like,Likes and Favorites.Like List.ItemFavoriteList,https://www.tiktokv.com/share/video/7570385193081605431/,
2025-11-10 13:29:44-05:00,2025-11-10,13,like,Likes and Favorites.Like List.ItemFavoriteList,https://www.tiktokv.com/share/video/7569982836778880287/,
2025-11-10 13:00:51-05:00,2025-11-10,13,like,Likes and Favorites.Like List.ItemFavoriteList,https://www.tiktokv.com/share/video/7569010807753706766/,
2025-11-10 13:00:23-05:00,2025-11-10,13,like,Likes and Favorites.Like List.ItemFavoriteList,https://www.tiktokv.com/share/video/7570515069847506190/,
2025-11-10 12:59:06-05:00,2025-11-10,12,like,Likes and Favorites.Like List.ItemFavoriteList,https://www.tiktokv.com/share/video/7558938526792961302/,
2025-11-10 12:34:54-05:00,2025-11-10,12,like,Likes and Favorites.Like List.ItemFavoriteList,https://www.tiktokv.com/share/video/7566965065216199958/,
2025-11-10 12:34:31-05:00,2025-11-10,12,like,Likes and Favorites.Like List.ItemFavoriteList,https://www.tiktokv.com/share/video/7569777770549595422/,
2025-11-10 12:33:43-05:00,2025-11-10,12,like,Likes and Favorites.Like List.ItemFavoriteList,https://www.tiktokv.com/share/video/7568286036883754271/,
2025-11-10 12:32:24-05:00,2025-11-10,12,like,Likes and Favorites.Like List.ItemFavoriteList,https://www.tiktokv.com/share/video/7569575300611411213/,
2025-11-10 12:30:34-05:00,2025-11-10,12,like,Likes and Favorites.Like List.ItemFavoriteList,https://www.tiktokv.com/share/video/7563301896610532638/,
2025-11-10 12:29:52-05:00,2025-11-10,12,like,Likes and Favorites.Like List.ItemFavoriteList,https://www.tiktokv.com/share/video/7557034678234926366/,
2025-11-10 12:29:17-05:00,2025-11-10,12,like,Likes and Favorites.Like List.ItemFavoriteList,https://www.tiktokv.com/share/video/7570776742151949599/,
2025-11-10 12:27:03-05:00,2025-11-10,12,like,Likes and Favorites.Like List.ItemFavoriteList,https://www.tiktokv.com/share/video/7568156534601993494/,
2025-11-10 12:26:24-05:00,2025-11-10,12,like,Likes and Favorites.Like List.ItemFavoriteList,https://www.tiktokv.com/share/video/7570547232844320022/,
2025-11-10 12:26:14-05:00,2025-11-10,12,like,Likes and Favorites.Like List.ItemFavoriteList,https://www.tiktokv.com/share/video/7565180063319133453/,
2025-11-10 12:26:01-05:00,2025-11-10,12,like,Likes and Favorites.Like List.ItemFavoriteList,https://www.tiktokv.com/share/video/7570959294447865118/,
2025-11-10 12:25:54-05:00,2025-11-10,12,like,Likes and Favorites.Like List.ItemFavoriteList,https://www.tiktokv.com/share/video/7570638304870206751/,
2025-11-10 12:25:35-05:00,2025-11-10,12,like,Likes and Favorites.Like List.ItemFavoriteList,https://www.tiktokv.com/share/video/7570497877869448479/,
2025-11-10 01:33:20-05:00,2025-11-10,1,like,Likes and Favorites.Like List.ItemFavoriteList,https://www.tiktokv.com/share/video/7569363582199024951/,
2025-11-09 23:16:30-05:00,2025-11-09,23,like,Likes and Favorites.Like List.ItemFavoriteList,https://www.tiktokv.com/share/video/7570788309773913357/,
2025-11-09 20:49:49-05:00,2025-11-09,20,like,Likes and Favorites.Like List.ItemFavoriteList,https://www.tiktokv.com/share/video/7569219709695167764/,
2025-11-09 20:21:20-05:00,2025-11-09,20,like,Likes and Favorites.Like List.ItemFavoriteList,https://www.tiktokv.com/share/video/7570058555303152907/,
2025-11-09 20:20:34-05:00,2025-11-09,20,like,Likes and Favorites.Like List.ItemFavoriteList,https://www.tiktokv.com/share/video/7553696234423225614/,
2025-11-09 20:18:52-05:00,2025-11-09,20,like,Likes and Favorites.Like List.ItemFavoriteList,https://www.tiktokv.com/share/video/7566760698286460215/,
2025-11-09 20:16:02-05:00,2025-11-09,20,like,Likes and Favorites.Like List.ItemFavoriteList,https://www.tiktokv.com/share/video/7570813631718280470/,
2025-11-09 20:15:46-05:00,2025-11-09,20,like,Likes and Favorites.Like List.ItemFavoriteList,https://www.tiktokv.com/share/video/7570161369400610103/,
2025-11-09 20:04:27-05:00,2025-11-09,20,like,Likes and Favorites.Like List.ItemFavoriteList,https://www.tiktokv.com/share/video/7570346000838102285/,
2025-11-09 20:03:56-05:00,2025-11-09,20,like,Likes and Favorites.Like List.ItemFavoriteList,https://www.tiktokv.com/share/video/7570508743037832479/,
2025-11-09 20:03:18-05:00,2025-11-09,20,like,Likes and Favorites.Like List.ItemFavoriteList,https://www.tiktokv.com/share/video/7570497969816866078/,
2025-11-09 20:01:32-05:00,2025-11-09,20,like,Likes and Favorites.Like List.ItemFavoriteList,https://www.tiktokv.com/share/video/7570176371448614158/,
2025-11-09 20:01:29-05:00,2025-11-09,20,like,Likes and Favorites.Like List.ItemFavoriteList,https://www.tiktokv.com/share/video/7570073632731434270/,
2025-11-09 19:59:47-05:00,2025-11-09,19,like,Likes and Favorites.Like List.ItemFavoriteList,https://www.tiktokv.com/share/video/7560275933110766859/,
2025-11-09 19:59:27-05:00,2025-11-09,19,like,Likes and Favorites.Like List.ItemFavoriteList,https://www.tiktokv.com/share/video/7570712718341131533/,
2025-11-09 19:58:26-05:00,2025-11-09,19,like,Likes and Favorites.Like List.ItemFavoriteList,https://www.tiktokv.com/share/video/7570150179685322015/,
2025-11-09 19:58:15-05:00,2025-11-09,19,like,Likes and Favorites.Like List.ItemFavoriteList,https://www.tiktokv.com/share/video/7570189223978945823/,
2025-11-09 19:57:20-05:00,2025-11-09,19,like,Likes and Favorites.Like List.ItemFavoriteList,https://www.tiktokv.com/share/video/7570828367499513118/,
2025-11-09 19:56:34-05:00,2025-11-09,19,like,Likes and Favorites.Like List.ItemFavoriteList,https://www.tiktokv.com/share/video/7568543779712535830/,
2025-11-09 19:56:19-05:00,2025-11-09,19,like,Likes and Favorites.Like List.ItemFavoriteList,https://www.tiktokv.com/share/video/7563850533623156023/,
2025-11-09 19:55:03-05:00,2025-11-09,19,like,Likes and Favorites.Like List.ItemFavoriteList,https://www.tiktokv.com/share/video/7570530133543636254/,
2025-11-09 19:53:04-05:00,2025-11-09,19,like,Likes and Favorites.Like List.ItemFavoriteList,https://www.tiktokv.com/share/video/7550698035521604895/,
2025-11-09 19:52:21-05:00,2025-11-09,19,like,Likes and Favorites.Like List.ItemFavoriteList,https://www.tiktokv.com/share/video/7556126220249812279/,
2025-11-09 19:46:32-05:00,2025-11-09,19,like,Likes and Favorites.Like List.ItemFavoriteList,https://www.tiktokv.com/share/video/7569982831330430239/,
2025-11-09 18:56:19-05:00,2025-11-09,18,like,Likes and Favorites.Like List.ItemFavoriteList,https://www.tiktokv.com/share/video/7568964223074684215/,
2025-11-09 18:55:13-05:00,2025-11-09,18,like,Likes and Favorites.Like List.ItemFavoriteList,https://www.tiktokv.com/share/video/7570092885673118990/,
2025-11-08 23:02:24-05:00,2025-11-08,23,like,Likes and Favorites.Like List.ItemFavoriteList,https://www.tiktokv.com/share/video/7567021571554970901/,
2025-11-08 23:01:40-05:00,2025-11-08,23,like,Likes and Favorites.Like List.ItemFavoriteList,https://www.tiktokv.com/share/video/7569945965637963022/,
2025-11-08 23:00:35-05:00,2025-11-08,23,like,Likes and Favorites.Like List.ItemFavoriteList,https://www.tiktokv.com/share/video/7570102654991453454/,
2025-11-08 20:13:52-05:00,2025-11-08,20,like,Likes and Favorites.Like List.ItemFavoriteList,https://www.tiktokv.com/share/video/7549604861931769110/,
2025-11-08 20:12:48-05:00,2025-11-08,20,like,Likes and Favorites.Like List.ItemFavoriteList,https://www.tiktokv.com/share/video/7563300805407739167/,
2025-11-08 20:12:21-05:00,2025-11-08,20,like,Likes and Favorites.Like List.ItemFavoriteList,https://www.tiktokv.com/share/video/7570311983648574733/,
2025-11-08 20:08:11-05:00,2025-11-08,20,like,Likes and Favorites.Like List.ItemFavoriteList,https://www.tiktokv.com/share/video/7570311565610667319/,
2025-11-08 20:06:03-05:00,2025-11-08,20,like,Likes and Favorites.Like List.ItemFavoriteList,https://www.tiktokv.com/share/video/7570371158160264503/,
2025-11-08 20:05:30-05:00,2025-11-08,20,like,Likes and Favorites.Like List.ItemFavoriteList,https://www.tiktokv.com/share/video/7569587396640115999/,
2025-11-08 20:05:07-05:00,2025-11-08,20,like,Likes and Favorites.Like List.ItemFavoriteList,https://www.tiktokv.com/share/video/7570446526888021261/,
2025-11-08 20:04:35-05:00,2025-11-08,20,like,Likes and Favorites.Like List.ItemFavoriteList,https://www.tiktokv.com/share/video/7569633706034416910/,
2025-11-08 20:04:04-05:00,2025-11-08,20,like,Likes and Favorites.Like List.ItemFavoriteList,https://www.tiktokv.com/share/video/7569826629896129847/,
2025-11-08 20:03:49-05:00,2025-11-08,20,like,Likes and Favorites.Like List.ItemFavoriteList,https://www.tiktokv.com/share/video/7566608048848964895/,
2025-11-08 20:03:31-05:00,2025-11-08,20,like,Likes and Favorites.Like List.ItemFavoriteList,https://www.tiktokv.com/share/video/7563839271925255454/,
2025-11-08 20:02:13-05:00,2025-11-08,20,like,Likes and Favorites.Like List.ItemFavoriteList,https://www.tiktokv.com/share/video/7565920487776292109/,
2025-11-08 20:01:57-05:00,2025-11-08,20,like,Likes and Favorites.Like List.ItemFavoriteList,https://www.tiktokv.com/share/video/7568665231749106958/,
2025-11-08 20:01:38-05:00,2025-11-08,20,like,Likes and Favorites.Like List.ItemFavoriteList,https://www.tiktokv.com/share/video/7569827211704847646/,
2025-11-08 20:00:02-05:00,2025-11-08,20,like,Likes and Favorites.Like List.ItemFavoriteList,https://www.tiktokv.com/share/video/7570090106753666318/,
2025-11-08 19:59:32-05:00,2025-11-08,19,like,Likes and Favorites.Like List.ItemFavoriteList,https://www.tiktokv.com/share/video/7551904867598519570/,
2025-11-08 19:57:44-05:00,2025-11-08,19,like,Likes and Favorites.Like List.ItemFavoriteList,https://www.tiktokv.com/share/video/7569754214260559117/,
2025-11-08 16:46:31-05:00,2025-11-08,16,like,Likes and Favorites.Like List.ItemFavoriteList,https://www.tiktokv.com/share/video/7564385547586751751/,
2025-11-08 16:45:50-05:00,2025-11-08,16,like,Likes and Favorites.Like List.ItemFavoriteList,https://www.tiktokv.com/share/video/7567382711153741086/,
2025-11-08 00:56:07-05:00,2025-11-08,0,like,Likes and Favorites.Like List.ItemFavoriteList,https://www.tiktokv.com/share/video/7569732043303701791/,
2025-11-07 19:48:12-05:00,2025-11-07,19,like,Likes and Favorites.Like List.ItemFavoriteList,https://www.tiktokv.com/share/video/7569470741817642253/,
2025-11-07 19:47:42-05:00,2025-11-07,19,like,Likes and Favorites.Like List.ItemFavoriteList,https://www.tiktokv.com/share/video/7569636556416355614/,
2025-11-07 19:47:34-05:00,2025-11-07,19,like,Likes and Favorites.Like List.ItemFavoriteList,https://www.tiktokv.com/share/video/7562909207922543903/,
2025-11-07 19:47:03-05:00,2025-11-07,19,like,Likes and Favorites.Like List.ItemFavoriteList,https://www.tiktokv.com/share/video/7565551209369652493/,
2025-11-07 19:45:19-05:00,2025-11-07,19,like,Likes and Favorites.Like List.ItemFavoriteList,https://www.tiktokv.com/share/video/7569303060992855310/,
2025-11-07 19:45:13-05:00,2025-11-07,19,like,Likes and Favorites.Like List.ItemFavoriteList,https://www.tiktokv.com/share/video/7569577074562714902/,
2025-11-07 19:45:02-05:00,2025-11-07,19,like,Likes and Favorites.Like List.ItemFavoriteList,https://www.tiktokv.com/share/video/7569065704402505015/,
2025-11-07 19:44:59-05:00,2025-11-07,19,like,Likes and Favorites.Like List.ItemFavoriteList,https://www.tiktokv.com/share/video/7560428889642732831/,
2025-11-07 19:44:34-05:00,2025-11-07,19,like,Likes and Favorites.Like List.ItemFavoriteList,https://www.tiktokv.com/share/video/7568131557316119838/,
2025-11-07 19:44:17-05:00,2025-11-07,19,like,Likes and Favorites.Like List.ItemFavoriteList,https://www.tiktokv.com/share/video/7560518708871843086/,
2025-11-07 19:44:06-05:00,2025-11-07,19,like,Likes and Favorites.Like List.ItemFavoriteList,https://www.tiktokv.com/share/video/7569293972892290327/,
2025-11-07 19:43:50-05:00,2025-11-07,19,like,Likes and Favorites.Like List.ItemFavoriteList,https://www.tiktokv.com/share/video/7563998301041839390/,
2025-11-07 19:43:35-05:00,2025-11-07,19,like,Likes and Favorites.Like List.ItemFavoriteList,https://www.tiktokv.com/share/video/7569415443274861838/,
2025-11-07 19:43:20-05:00,2025-11-07,19,like,Likes and Favorites.Like List.ItemFavoriteList,https://www.tiktokv.com/share/video/7536724754749738262/,
2025-11-07 19:43:14-05:00,2025-11-07,19,like,Likes and Favorites.Like List.ItemFavoriteList,https://www.tiktokv.com/share/video/7568835744249203990/,
2025-11-07 19:42:42-05:00,2025-11-07,19,like,Likes and Favorites.Like List.ItemFavoriteList,https://www.tiktokv.com/share/video/7569648713086291208/,
2025-11-07 19:42:13-05:00,2025-11-07,19,like,Likes and Favorites.Like List.ItemFavoriteList,https://www.tiktokv.com/share/video/7557541719567256846/,
2025-11-07 19:41:03-05:00,2025-11-07,19,like,Likes and Favorites.Like List.ItemFavoriteList,https://www.tiktokv.com/share/video/7569267132085669150/,
2025-11-07 19:40:59-05:00,2025-11-07,19,like,Likes and Favorites.Like List.ItemFavoriteList,https://www.tiktokv.com/share/video/7569708398569131278/,
2025-11-07 19:39:44-05:00,2025-11-07,19,like,Likes and Favorites.Like List.ItemFavoriteList,https://www.tiktokv.com/share/video/7569386045859532087/,
2025-11-07 19:39:24-05:00,2025-11-07,19,like,Likes and Favorites.Like List.ItemFavoriteList,https://www.tiktokv.com/share/video/7569842756474932493/,
2025-11-07 19:38:40-05:00,2025-11-07,19,like,Likes and Favorites.Like List.ItemFavoriteList,https://www.tiktokv.com/share/video/7570002983639944503/,
2025-11-07 19:37:16-05:00,2025-11-07,19,like,Likes and Favorites.Like List.ItemFavoriteList,https://www.tiktokv.com/share/video/7569363845064510733/,
2025-11-07 19:36:44-05:00,2025-11-07,19,like,Likes and Favorites.Like List.ItemFavoriteList,https://www.tiktokv.com/share/video/7569405749756054798/,
2025-11-07 19:36:19-05:00,2025-11-07,19,like,Likes and Favorites.Like List.ItemFavoriteList,https://www.tiktokv.com/share/video/7569722812559101197/,
2025-11-07 19:35:27-05:00,2025-11-07,19,like,Likes and Favorites.Like List.ItemFavoriteList,https://www.tiktokv.com/share/video/7569824848835333389/,
2025-11-07 19:35:10-05:00,2025-11-07,19,like,Likes and Favorites.Like List.ItemFavoriteList,https://www.tiktokv.com/share/video/7569490505004748062/,
2025-11-07 19:33:21-05:00,2025-11-07,19,like,Likes and Favorites.Like List.ItemFavoriteList,https://www.tiktokv.com/share/video/7569665980469759249/,
2025-11-07 19:32:24-05:00,2025-11-07,19,like,Likes and Favorites.Like List.ItemFavoriteList,https://www.tiktokv.com/share/video/7569432411537165598/,
2025-11-07 19:31:27-05:00,2025-11-07,19,like,Likes and Favorites.Like List.ItemFavoriteList,https://www.tiktokv.com/share/video/7569623964654374174/,
2025-11-07 19:30:24-05:00,2025-11-07,19,like,Likes and Favorites.Like List.ItemFavoriteList,https://www.tiktokv.com/share/video/7569397622553824530/,
2025-11-07 11:41:33-05:00,2025-11-07,11,like,Likes and Favorites.Like List.ItemFavoriteList,https://www.tiktokv.com/share/video/7569738389616921887/,
2025-11-07 11:40:26-05:00,2025-11-07,11,like,Likes and Favorites.Like List.ItemFavoriteList,https://www.tiktokv.com/share/video/7569740976906964237/,
2025-11-07 11:39:36-05:00,2025-11-07,11,like,Likes and Favorites.Like List.ItemFavoriteList,https://www.tiktokv.com/share/video/7567131219440209166/,
2025-11-07 10:07:03-05:00,2025-11-07,10,like,Likes and Favorites.Like List.ItemFavoriteList,https://www.tiktokv.com/share/video/7569663415845719326/,
2025-11-07 10:06:15-05:00,2025-11-07,10,like,Likes and Favorites.Like List.ItemFavoriteList,https://www.tiktokv.com/share/video/7569720141282299150/,
2025-11-07 10:05:56-05:00,2025-11-07,10,like,Likes and Favorites.Like List.ItemFavoriteList,https://www.tiktokv.com/share/video/7552570319567981855/,
2025-11-06 17:18:14-05:00,2025-11-06,17,like,Likes and Favorites.Like List.ItemFavoriteList,https://www.tiktokv.com/share/video/7549939261588393230/,
2025-11-06 17:04:34-05:00,2025-11-06,17,like,Likes and Favorites.Like List.ItemFavoriteList,https://www.tiktokv.com/share/video/7557084412979006775/,
2025-11-06 16:30:02-05:00,2025-11-06,16,like,Likes and Favorites.Like List.ItemFavoriteList,https://www.tiktokv.com/share/video/7569481793162857758/,
2025-11-06 16:16:11-05:00,2025-11-06,16,like,Likes and Favorites.Like List.ItemFavoriteList,https://www.tiktokv.com/share/video/7554985277022833951/,
2025-11-06 16:13:39-05:00,2025-11-06,16,like,Likes and Favorites.Like List.ItemFavoriteList,https://www.tiktokv.com/share/video/7569529511809666326/,
2025-11-06 16:13:10-05:00,2025-11-06,16,like,Likes and Favorites.Like List.ItemFavoriteList,https://www.tiktokv.com/share/video/7569026553619778846/,
2025-11-06 16:11:54-05:00,2025-11-06,16,like,Likes and Favorites.Like List.ItemFavoriteList,https://www.tiktokv.com/share/video/7569276242529193271/,
2025-11-06 13:28:52-05:00,2025-11-06,13,like,Likes and Favorites.Like List.ItemFavoriteList,https://www.tiktokv.com/share/video/7558993848521854222/,
2025-11-06 13:28:08-05:00,2025-11-06,13,like,Likes and Favorites.Like List.ItemFavoriteList,https://www.tiktokv.com/share/video/7567883630110985485/,
2025-11-06 13:26:55-05:00,2025-11-06,13,like,Likes and Favorites.Like List.ItemFavoriteList,https://www.tiktokv.com/share/video/7569025158611078430/,
2025-11-06 13:25:56-05:00,2025-11-06,13,like,Likes and Favorites.Like List.ItemFavoriteList,https://www.tiktokv.com/share/video/7567017746244963639/,
2025-11-06 13:25:38-05:00,2025-11-06,13,like,Likes and Favorites.Like List.ItemFavoriteList,https://www.tiktokv.com/share/video/7569285119802887479/,
2025-11-06 13:25:26-05:00,2025-11-06,13,like,Likes and Favorites.Like List.ItemFavoriteList,https://www.tiktokv.com/share/video/7569059162664094989/,
2025-11-06 13:23:50-05:00,2025-11-06,13,like,Likes and Favorites.Like List.ItemFavoriteList,https://www.tiktokv.com/share/video/7547413942373600534/,
2025-11-06 13:22:08-05:00,2025-11-06,13,like,Likes and Favorites.Like List.ItemFavoriteList,https://www.tiktokv.com/share/video/7547899931617398030/,
2025-11-06 13:18:55-05:00,2025-11-06,13,like,Likes and Favorites.Like List.ItemFavoriteList,https://www.tiktokv.com/share/video/7555242900372606230/,
2025-11-06 13:18:03-05:00,2025-11-06,13,like,Likes and Favorites.Like List.ItemFavoriteList,https://www.tiktokv.com/share/video/7567472721693576479/,
2025-11-06 13:16:55-05:00,2025-11-06,13,like,Likes and Favorites.Like List.ItemFavoriteList,https://www.tiktokv.com/share/video/7567806561075072311/,
2025-11-06 13:15:19-05:00,2025-11-06,13,like,Likes and Favorites.Like List.ItemFavoriteList,https://www.tiktokv.com/share/video/7565176122279791880/,
2025-11-06 13:14:28-05:00,2025-11-06,13,like,Likes and Favorites.Like List.ItemFavoriteList,https://www.tiktokv.com/share/video/7550850190182288671/,
2025-11-06 13:11:43-05:00,2025-11-06,13,like,Likes and Favorites.Like List.ItemFavoriteList,https://www.tiktokv.com/share/video/7550570188823924023/,
2025-11-06 13:11:28-05:00,2025-11-06,13,like,Likes and Favorites.Like List.ItemFavoriteList,https://www.tiktokv.com/share/video/7565228995030076702/,
2025-11-06 13:11:13-05:00,2025-11-06,13,like,Likes and Favorites.Like List.ItemFavoriteList,https://www.tiktokv.com/share/video/7569355557832871190/,
2025-11-06 13:09:51-05:00,2025-11-06,13,like,Likes and Favorites.Like List.ItemFavoriteList,https://www.tiktokv.com/share/video/7548281677572017426/,
2025-11-06 13:09:14-05:00,2025-11-06,13,like,Likes and Favorites.Like List.ItemFavoriteList,https://www.tiktokv.com/share/video/7569061005838404877/,
2025-11-06 13:08:58-05:00,2025-11-06,13,like,Likes and Favorites.Like List.ItemFavoriteList,https://www.tiktokv.com/share/video/7568543349494254903/,
2025-11-06 13:08:10-05:00,2025-11-06,13,like,Likes and Favorites.Like List.ItemFavoriteList,https://www.tiktokv.com/share/video/7552033922649967885/,
2025-11-06 13:07:11-05:00,2025-11-06,13,like,Likes and Favorites.Like List.ItemFavoriteList,https://www.tiktokv.com/share/video/7569066831776943374/,
2025-11-06 13:06:13-05:00,2025-11-06,13,like,Likes and Favorites.Like List.ItemFavoriteList,https://www.tiktokv.com/share/video/7569029815538306359/,
2025-11-06 13:04:49-05:00,2025-11-06,13,like,Likes and Favorites.Like List.ItemFavoriteList,https://www.tiktokv.com/share/video/7569626802008755469/,
2025-11-06 13:03:42-05:00,2025-11-06,13,like,Likes and Favorites.Like List.ItemFavoriteList,https://www.tiktokv.com/share/video/7569382363982023966/,
2025-11-06 10:48:45-05:00,2025-11-06,10,like,Likes and Favorites.Like List.ItemFavoriteList,https://www.tiktokv.com/share/video/7569275604093226270/,
2025-11-06 10:47:08-05:00,2025-11-06,10,like,Likes and Favorites.Like List.ItemFavoriteList,https://www.tiktokv.com/share/video/7564160291949251854/,
2025-11-06 10:46:49-05:00,2025-11-06,10,like,Likes and Favorites.Like List.ItemFavoriteList,https://www.tiktokv.com/share/video/7569396184423370015/,
2025-11-06 10:35:03-05:00,2025-11-06,10,like,Likes and Favorites.Like List.ItemFavoriteList,https://www.tiktokv.com/share/video/7536749065267186999/,
2025-11-06 09:56:54-05:00,2025-11-06,9,like,Likes and Favorites.Like List.ItemFavoriteList,https://www.tiktokv.com/share/video/7569053982610574606/,
2025-11-06 09:56:51-05:00,2025-11-06,9,like,Likes and Favorites.Like List.ItemFavoriteList,https://www.tiktokv.com/share/video/7567984112267562295/,
2025-11-06 08:54:26-05:00,2025-11-06,8,like,Likes and Favorites.Like List.ItemFavoriteList,https://www.tiktokv.com/share/video/7569329586673175821/,
2025-11-06 08:49:51-05:00,2025-11-06,8,like,Likes and Favorites.Like List.ItemFavoriteList,https://www.tiktokv.com/share/video/7562969139086773526/,
2025-11-06 08:42:40-05:00,2025-11-06,8,like,Likes and Favorites.Like List.ItemFavoriteList,https://www.tiktokv.com/share/video/7566434958231866654/,
2025-11-06 08:40:56-05:00,2025-11-06,8,like,Likes and Favorites.Like List.ItemFavoriteList,https://www.tiktokv.com/share/video/7569113480347864351/,
2025-11-05 22:12:30-05:00,2025-11-05,22,like,Likes and Favorites.Like List.ItemFavoriteList,https://www.tiktokv.com/share/video/7568640434055007519/,
2025-11-05 22:12:27-05:00,2025-11-05,22,like,Likes and Favorites.Like List.ItemFavoriteList,https://www.tiktokv.com/share/video/7569368264036420894/,
2025-11-05 22:12:09-05:00,2025-11-05,22,like,Likes and Favorites.Like List.ItemFavoriteList,https://www.tiktokv.com/share/video/7568581435662126366/,
2025-11-05 22:11:15-05:00,2025-11-05,22,like,Likes and Favorites.Like List.ItemFavoriteList,https://www.tiktokv.com/share/video/7554004366148013334/,
2025-11-05 22:10:52-05:00,2025-11-05,22,like,Likes and Favorites.Like List.ItemFavoriteList,https://www.tiktokv.com/share/video/7560101796287417630/,
2025-11-05 22:10:16-05:00,2025-11-05,22,like,Likes and Favorites.Like List.ItemFavoriteList,https://www.tiktokv.com/share/video/7569394930355883295/,
2025-11-05 16:23:58-05:00,2025-11-05,16,like,Likes and Favorites.Like List.ItemFavoriteList,https://www.tiktokv.com/share/video/7568989629882371383/,
2025-11-05 13:21:40-05:00,2025-11-05,13,like,Likes and Favorites.Like List.ItemFavoriteList,https://www.tiktokv.com/share/video/7535851313418997014/,
2025-11-05 13:19:52-05:00,2025-11-05,13,like,Likes and Favorites.Like List.ItemFavoriteList,https://www.tiktokv.com/share/video/7519606968068164877/,
2025-11-05 13:18:36-05:00,2025-11-05,13,like,Likes and Favorites.Like List.ItemFavoriteList,https://www.tiktokv.com/share/video/7387148448837078318/,
2025-11-05 13:18:21-05:00,2025-11-05,13,like,Likes and Favorites.Like List.ItemFavoriteList,https://www.tiktokv.com/share/video/7562246117115694350/,
2025-11-05 13:14:58-05:00,2025-11-05,13,like,Likes and Favorites.Like List.ItemFavoriteList,https://www.tiktokv.com/share/video/7559715357674540318/,
2025-11-05 13:13:01-05:00,2025-11-05,13,like,Likes and Favorites.Like List.ItemFavoriteList,https://www.tiktokv.com/share/video/7560134415414725901/,
2025-11-05 13:11:51-05:00,2025-11-05,13,like,Likes and Favorites.Like List.ItemFavoriteList,https://www.tiktokv.com/share/video/7561084038207851789/,
2025-11-05 13:11:37-05:00,2025-11-05,13,like,Likes and Favorites.Like List.ItemFavoriteList,https://www.tiktokv.com/share/video/7564929905385819405/,
2025-11-05 13:08:08-05:00,2025-11-05,13,like,Likes and Favorites.Like List.ItemFavoriteList,https://www.tiktokv.com/share/video/7554843469588614422/,
2025-11-05 13:07:37-05:00,2025-11-05,13,like,Likes and Favorites.Like List.ItemFavoriteList,https://www.tiktokv.com/share/video/7569098265434656013/,
2025-11-05 12:53:39-05:00,2025-11-05,12,like,Likes and Favorites.Like List.ItemFavoriteList,https://www.tiktokv.com/share/video/7568951633644686605/,
2025-11-05 12:52:37-05:00,2025-11-05,12,like,Likes and Favorites.Like List.ItemFavoriteList,https://www.tiktokv.com/share/video/7559701260379753735/,
2025-11-05 12:52:11-05:00,2025-11-05,12,like,Likes and Favorites.Like List.ItemFavoriteList,https://www.tiktokv.com/share/video/7560422022656838943/,
2025-11-05 12:51:28-05:00,2025-11-05,12,like,Likes and Favorites.Like List.ItemFavoriteList,https://www.tiktokv.com/share/video/7566341305282956575/,
2025-11-05 12:51:14-05:00,2025-11-05,12,like,Likes and Favorites.Like List.ItemFavoriteList,https://www.tiktokv.com/share/video/7566341668815867191/,
2025-11-05 12:42:17-05:00,2025-11-05,12,like,Likes and Favorites.Like List.ItemFavoriteList,https://www.tiktokv.com/share/video/7562971670038744342/,
2025-11-05 12:41:03-05:00,2025-11-05,12,like,Likes and Favorites.Like List.ItemFavoriteList,https://www.tiktokv.com/share/video/7559654922669640990/,
2025-11-05 12:35:50-05:00,2025-11-05,12,like,Likes and Favorites.Like List.ItemFavoriteList,https://www.tiktokv.com/share/video/7568182850252492063/,
2025-11-05 12:35:30-05:00,2025-11-05,12,like,Likes and Favorites.Like List.ItemFavoriteList,https://www.tiktokv.com/share/video/7556784265380269342/,
2025-11-05 12:34:34-05:00,2025-11-05,12,like,Likes and Favorites.Like List.ItemFavoriteList,https://www.tiktokv.com/share/video/7565960160552733983/,
2025-11-05 12:33:34-05:00,2025-11-05,12,like,Likes and Favorites.Like List.ItemFavoriteList,https://www.tiktokv.com/share/video/7555851221295320342/,
2025-11-05 12:32:57-05:00,2025-11-05,12,like,Likes and Favorites.Like List.ItemFavoriteList,https://www.tiktokv.com/share/video/7557102527666343182/,
2025-11-05 12:29:50-05:00,2025-11-05,12,like,Likes and Favorites.Like List.ItemFavoriteList,https://www.tiktokv.com/share/video/7568181195108797710/,
2025-11-05 12:29:38-05:00,2025-11-05,12,like,Likes and Favorites.Like List.ItemFavoriteList,https://www.tiktokv.com/share/video/7566711289393810718/,
2025-11-05 12:29:00-05:00,2025-11-05,12,like,Likes and Favorites.Like List.ItemFavoriteList,https://www.tiktokv.com/share/video/7560631819863854358/,
2025-11-05 12:28:01-05:00,2025-11-05,12,like,Likes and Favorites.Like List.ItemFavoriteList,https://www.tiktokv.com/share/video/7548999768320642335/,
2025-11-05 12:27:47-05:00,2025-11-05,12,like,Likes and Favorites.Like List.ItemFavoriteList,https://www.tiktokv.com/share/video/7549446830669483271/,
2025-11-05 12:26:28-05:00,2025-11-05,12,like,Likes and Favorites.Like List.ItemFavoriteList,https://www.tiktokv.com/share/video/7568437855429627167/,
2025-11-05 12:26:22-05:00,2025-11-05,12,like,Likes and Favorites.Like List.ItemFavoriteList,https://www.tiktokv.com/share/video/7559058820400499999/,
2025-11-05 12:24:56-05:00,2025-11-05,12,like,Likes and Favorites.Like List.ItemFavoriteList,https://www.tiktokv.com/share/video/7548326845888941319/,
2025-11-05 12:24:05-05:00,2025-11-05,12,like,Likes and Favorites.Like List.ItemFavoriteList,https://www.tiktokv.com/share/video/7562702805048282382/,
2025-11-05 12:21:10-05:00,2025-11-05,12,like,Likes and Favorites.Like List.ItemFavoriteList,https://www.tiktokv.com/share/video/7558603481595088136/,
2025-11-05 12:20:03-05:00,2025-11-05,12,like,Likes and Favorites.Like List.ItemFavoriteList,https://www.tiktokv.com/share/video/7569288298951167263/,
2025-11-05 12:19:36-05:00,2025-11-05,12,like,Likes and Favorites.Like List.ItemFavoriteList,https://www.tiktokv.com/share/video/7519275228824980741/,
2025-11-05 12:18:15-05:00,2025-11-05,12,like,Likes and Favorites.Like List.ItemFavoriteList,https://www.tiktokv.com/share/video/7562739748733848845/,
2025-11-05 12:16:27-05:00,2025-11-05,12,like,Likes and Favorites.Like List.ItemFavoriteList,https://www.tiktokv.com/share/video/7551520836348382477/,
2025-11-05 12:15:57-05:00,2025-11-05,12,like,Likes and Favorites.Like List.ItemFavoriteList,https://www.tiktokv.com/share/video/7556937562342919446/,
2025-11-05 12:14:20-05:00,2025-11-05,12,like,Likes and Favorites.Like List.ItemFavoriteList,https://www.tiktokv.com/share/video/7555460674336394526/,
2025-11-05 12:13:57-05:00,2025-11-05,12,like,Likes and Favorites.Like List.ItemFavoriteList,https://www.tiktokv.com/share/video/7543386612990872887/,
2025-11-05 12:13:35-05:00,2025-11-05,12,like,Likes and Favorites.Like List.ItemFavoriteList,https://www.tiktokv.com/share/video/7565980197158178079/,
2025-11-05 12:10:53-05:00,2025-11-05,12,like,Likes and Favorites.Like List.ItemFavoriteList,https://www.tiktokv.com/share/video/7568246639387741454/,
2025-11-05 12:09:22-05:00,2025-11-05,12,like,Likes and Favorites.Like List.ItemFavoriteList,https://www.tiktokv.com/share/video/7567377659039141151/,
2025-11-05 12:08:29-05:00,2025-11-05,12,like,Likes and Favorites.Like List.ItemFavoriteList,https://www.tiktokv.com/share/video/7548220666374278413/,
2025-11-05 12:08:03-05:00,2025-11-05,12,like,Likes and Favorites.Like List.ItemFavoriteList,https://www.tiktokv.com/share/video/7569122912033049864/,
2025-11-05 12:07:20-05:00,2025-11-05,12,like,Likes and Favorites.Like List.ItemFavoriteList,https://www.tiktokv.com/share/video/7551462240214404366/,
2025-11-05 12:03:51-05:00,2025-11-05,12,like,Likes and Favorites.Like List.ItemFavoriteList,https://www.tiktokv.com/share/video/7568920677126802718/,
2025-11-05 12:03:12-05:00,2025-11-05,12,like,Likes and Favorites.Like List.ItemFavoriteList,https://www.tiktokv.com/share/video/7569286999966879007/,
2025-11-05 12:02:57-05:00,2025-11-05,12,like,Likes and Favorites.Like List.ItemFavoriteList,https://www.tiktokv.com/share/video/7556868429832080696/,
2025-11-05 11:59:57-05:00,2025-11-05,11,like,Likes and Favorites.Like List.ItemFavoriteList,https://www.tiktokv.com/share/video/7555574689138035981/,
2025-11-05 11:59:22-05:00,2025-11-05,11,like,Likes and Favorites.Like List.ItemFavoriteList,https://www.tiktokv.com/share/video/7568978992083062047/,
2025-11-05 11:58:43-05:00,2025-11-05,11,like,Likes and Favorites.Like List.ItemFavoriteList,https://www.tiktokv.com/share/video/7559512485607345430/,
2025-11-05 11:56:53-05:00,2025-11-05,11,like,Likes and Favorites.Like List.ItemFavoriteList,https://www.tiktokv.com/share/video/7568398668626251028/,
2025-11-05 11:38:15-05:00,2025-11-05,11,like,Likes and Favorites.Like List.ItemFavoriteList,https://www.tiktokv.com/share/video/7558519537289809174/,
2025-11-05 11:37:20-05:00,2025-11-05,11,like,Likes and Favorites.Like List.ItemFavoriteList,https://www.tiktokv.com/share/video/7568321812413631774/,
2025-11-05 11:33:54-05:00,2025-11-05,11,like,Likes and Favorites.Like List.ItemFavoriteList,https://www.tiktokv.com/share/video/7548909620673137941/,
2025-11-05 11:31:51-05:00,2025-11-05,11,like,Likes and Favorites.Like List.ItemFavoriteList,https://www.tiktokv.com/share/video/7547923003355434253/,
2025-11-05 11:09:39-05:00,2025-11-05,11,like,Likes and Favorites.Like List.ItemFavoriteList,https://www.tiktokv.com/share/video/7549798492449852694/,
2025-11-05 11:09:13-05:00,2025-11-05,11,like,Likes and Favorites.Like List.ItemFavoriteList,https://www.tiktokv.com/share/video/7563801818543738145/,
2025-11-05 11:06:14-05:00,2025-11-05,11,like,Likes and Favorites.Like List.ItemFavoriteList,https://www.tiktokv.com/share/video/7561076328397655327/,
2025-11-05 11:04:44-05:00,2025-11-05,11,like,Likes and Favorites.Like List.ItemFavoriteList,https://www.tiktokv.com/share/video/7561990827581476151/,
2025-11-05 11:04:35-05:00,2025-11-05,11,like,Likes and Favorites.Like List.ItemFavoriteList,https://www.tiktokv.com/share/video/7569268333644746015/,
2025-11-05 11:03:18-05:00,2025-11-05,11,like,Likes and Favorites.Like List.ItemFavoriteList,https://www.tiktokv.com/share/video/7562763084465507614/,
2025-11-05 11:02:03-05:00,2025-11-05,11,like,Likes and Favorites.Like List.ItemFavoriteList,https://www.tiktokv.com/share/video/7549956312629529870/,
2025-11-05 11:01:45-05:00,2025-11-05,11,like,Likes and Favorites.Like List.ItemFavoriteList,https://www.tiktokv.com/share/video/7560270053552246023/,
2025-11-05 10:59:38-05:00,2025-11-05,10,like,Likes and Favorites.Like List.ItemFavoriteList,https://www.tiktokv.com/share/video/7557390065689840909/,
2025-11-05 10:59:26-05:00,2025-11-05,10,like,Likes and Favorites.Like List.ItemFavoriteList,https://www.tiktokv.com/share/video/7551189914138856726/,
2025-11-05 10:59:01-05:00,2025-11-05,10,like,Likes and Favorites.Like List.ItemFavoriteList,https://www.tiktokv.com/share/video/7566140845976489271/,
2025-11-05 10:54:35-05:00,2025-11-05,10,like,Likes and Favorites.Like List.ItemFavoriteList,https://www.tiktokv.com/share/video/7559614447887731990/,
2025-11-05 10:53:38-05:00,2025-11-05,10,like,Likes and Favorites.Like List.ItemFavoriteList,https://www.tiktokv.com/share/video/7554030969775328514/,
2025-11-05 10:53:22-05:00,2025-11-05,10,like,Likes and Favorites.Like List.ItemFavoriteList,https://www.tiktokv.com/share/video/7567334280292994334/,
2025-11-05 10:49:03-05:00,2025-11-05,10,like,Likes and Favorites.Like List.ItemFavoriteList,https://www.tiktokv.com/share/video/7566309913597676814/,
2025-11-05 10:48:25-05:00,2025-11-05,10,like,Likes and Favorites.Like List.ItemFavoriteList,https://www.tiktokv.com/share/video/7562309078526070046/,
2025-11-05 10:45:20-05:00,2025-11-05,10,like,Likes and Favorites.Like List.ItemFavoriteList,https://www.tiktokv.com/share/video/7560339789451480342/,
2025-11-05 10:42:59-05:00,2025-11-05,10,like,Likes and Favorites.Like List.ItemFavoriteList,https://www.tiktokv.com/share/video/7565901987452079382/,
2025-11-05 10:41:36-05:00,2025-11-05,10,like,Likes and Favorites.Like List.ItemFavoriteList,https://www.tiktokv.com/share/video/7561262151357205774/,
2025-11-05 10:40:35-05:00,2025-11-05,10,like,Likes and Favorites.Like List.ItemFavoriteList,https://www.tiktokv.com/share/video/7556379306776202509/,
2025-11-05 10:39:10-05:00,2025-11-05,10,like,Likes and Favorites.Like List.ItemFavoriteList,https://www.tiktokv.com/share/video/7508977311337712926/,
2025-11-05 10:37:23-05:00,2025-11-05,10,like,Likes and Favorites.Like List.ItemFavoriteList,https://www.tiktokv.com/share/video/7349322059836640558/,
2025-11-05 10:36:22-05:00,2025-11-05,10,like,Likes and Favorites.Like List.ItemFavoriteList,https://www.tiktokv.com/share/video/7557056643989622030/,
2025-11-05 10:34:20-05:00,2025-11-05,10,like,Likes and Favorites.Like List.ItemFavoriteList,https://www.tiktokv.com/share/video/7556986097830464799/,
2025-11-05 10:33:31-05:00,2025-11-05,10,like,Likes and Favorites.Like List.ItemFavoriteList,https://www.tiktokv.com/share/video/7554860665396104478/,
2025-11-05 10:33:02-05:00,2025-11-05,10,like,Likes and Favorites.Like List.ItemFavoriteList,https://www.tiktokv.com/share/video/7561403228458437910/,
2025-11-05 10:30:15-05:00,2025-11-05,10,like,Likes and Favorites.Like List.ItemFavoriteList,https://www.tiktokv.com/share/video/7549728360260291871/,
2025-11-05 10:29:33-05:00,2025-11-05,10,like,Likes and Favorites.Like List.ItemFavoriteList,https://www.tiktokv.com/share/video/7566371871260773665/,
2025-11-05 10:28:46-05:00,2025-11-05,10,like,Likes and Favorites.Like List.ItemFavoriteList,https://www.tiktokv.com/share/video/7567513796516924703/,
2025-11-05 10:27:14-05:00,2025-11-05,10,like,Likes and Favorites.Like List.ItemFavoriteList,https://www.tiktokv.com/share/video/7567030175460887838/,
2025-11-05 10:26:26-05:00,2025-11-05,10,like,Likes and Favorites.Like List.ItemFavoriteList,https://www.tiktokv.com/share/video/7561581082995445006/,
2025-11-05 10:24:47-05:00,2025-11-05,10,like,Likes and Favorites.Like List.ItemFavoriteList,https://www.tiktokv.com/share/video/7568909287007816991/,
2025-11-05 10:24:30-05:00,2025-11-05,10,like,Likes and Favorites.Like List.ItemFavoriteList,https://www.tiktokv.com/share/video/7562955234570489119/,
2025-11-05 10:23:43-05:00,2025-11-05,10,like,Likes and Favorites.Like List.ItemFavoriteList,https://www.tiktokv.com/share/video/7564848218723372302/,
2025-11-05 10:22:06-05:00,2025-11-05,10,like,Likes and Favorites.Like List.ItemFavoriteList,https://www.tiktokv.com/share/video/7565957009896426774/,
2025-11-05 10:21:30-05:00,2025-11-05,10,like,Likes and Favorites.Like List.ItemFavoriteList,https://www.tiktokv.com/share/video/7563572276419988767/,
2025-11-05 10:21:05-05:00,2025-11-05,10,like,Likes and Favorites.Like List.ItemFavoriteList,https://www.tiktokv.com/share/video/7568415877826202935/,
2025-11-05 10:12:37-05:00,2025-11-05,10,like,Likes and Favorites.Like List.ItemFavoriteList,https://www.tiktokv.com/share/video/7556058296541646111/,
2025-11-05 10:12:12-05:00,2025-11-05,10,like,Likes and Favorites.Like List.ItemFavoriteList,https://www.tiktokv.com/share/video/7548253959266356535/,
2025-11-05 10:12:03-05:00,2025-11-05,10,like,Likes and Favorites.Like List.ItemFavoriteList,https://www.tiktokv.com/share/video/7568908113974152461/,
2025-11-05 10:11:22-05:00,2025-11-05,10,like,Likes and Favorites.Like List.ItemFavoriteList,https://www.tiktokv.com/share/video/7568645148205190413/,
2025-11-05 10:11:02-05:00,2025-11-05,10,like,Likes and Favorites.Like List.ItemFavoriteList,https://www.tiktokv.com/share/video/7550248132265774358/,
2025-11-05 10:10:00-05:00,2025-11-05,10,like,Likes and Favorites.Like List.ItemFavoriteList,https://www.tiktokv.com/share/video/7567505576830307615/,
2025-11-05 10:09:20-05:00,2025-11-05,10,like,Likes and Favorites.Like List.ItemFavoriteList,https://www.tiktokv.com/share/video/7569014778862046486/,
2025-11-05 10:07:15-05:00,2025-11-05,10,like,Likes and Favorites.Like List.ItemFavoriteList,https://www.tiktokv.com/share/video/7568534135728442647/,
2025-11-05 10:01:19-05:00,2025-11-05,10,like,Likes and Favorites.Like List.ItemFavoriteList,https://www.tiktokv.com/share/video/7568610971275545911/,
2025-11-05 10:00:17-05:00,2025-11-05,10,like,Likes and Favorites.Like List.ItemFavoriteList,https://www.tiktokv.com/share/video/7568568539938966814/,
2025-11-05 09:59:54-05:00,2025-11-05,9,like,Likes and Favorites.Like List.ItemFavoriteList,https://www.tiktokv.com/share/video/7543516229835820301/,
2025-11-05 09:59:06-05:00,2025-11-05,9,like,Likes and Favorites.Like List.ItemFavoriteList,https://www.tiktokv.com/share/video/7561667900092714253/,
2025-11-05 09:58:09-05:00,2025-11-05,9,like,Likes and Favorites.Like List.ItemFavoriteList,https://www.tiktokv.com/share/video/7539234549931248951/,
2025-11-05 09:56:39-05:00,2025-11-05,9,like,Likes and Favorites.Like List.ItemFavoriteList,https://www.tiktokv.com/share/video/7568255907805564215/,
2025-11-05 09:55:31-05:00,2025-11-05,9,like,Likes and Favorites.Like List.ItemFavoriteList,https://www.tiktokv.com/share/video/7568636957325118751/,
2025-11-05 09:54:01-05:00,2025-11-05,9,like,Likes and Favorites.Like List.ItemFavoriteList,https://www.tiktokv.com/share/video/7551153161239596306/,
2025-11-05 09:48:17-05:00,2025-11-05,9,like,Likes and Favorites.Like List.ItemFavoriteList,https://www.tiktokv.com/share/video/7569097565723987221/,
2025-11-05 09:48:02-05:00,2025-11-05,9,like,Likes and Favorites.Like List.ItemFavoriteList,https://www.tiktokv.com/share/video/7568990764647173407/,
2025-11-05 09:47:14-05:00,2025-11-05,9,like,Likes and Favorites.Like List.ItemFavoriteList,https://www.tiktokv.com/share/video/7568928343387589918/,
2025-11-05 09:45:54-05:00,2025-11-05,9,like,Likes and Favorites.Like List.ItemFavoriteList,https://www.tiktokv.com/share/video/7568675095548382478/,
2025-11-05 09:45:10-05:00,2025-11-05,9,like,Likes and Favorites.Like List.ItemFavoriteList,https://www.tiktokv.com/share/video/7567837042571250974/,
2025-11-05 09:42:23-05:00,2025-11-05,9,like,Likes and Favorites.Like List.ItemFavoriteList,https://www.tiktokv.com/share/video/7569115791270923542/,
2025-11-05 09:39:31-05:00,2025-11-05,9,like,Likes and Favorites.Like List.ItemFavoriteList,https://www.tiktokv.com/share/video/7568161435633667335/,
2025-11-05 09:31:48-05:00,2025-11-05,9,like,Likes and Favorites.Like List.ItemFavoriteList,https://www.tiktokv.com/share/video/7568630053265853710/,
2025-11-05 01:45:52-05:00,2025-11-05,1,like,Likes and Favorites.Like List.ItemFavoriteList,https://www.tiktokv.com/share/video/7559702966685469983/,
2025-11-05 01:45:00-05:00,2025-11-05,1,like,Likes and Favorites.Like List.ItemFavoriteList,https://www.tiktokv.com/share/video/7551285273695505677/,
2025-11-05 01:41:34-05:00,2025-11-05,1,like,Likes and Favorites.Like List.ItemFavoriteList,https://www.tiktokv.com/share/video/7564815860070649102/,
2025-11-05 01:41:06-05:00,2025-11-05,1,like,Likes and Favorites.Like List.ItemFavoriteList,https://www.tiktokv.com/share/video/7568125926995660046/,
2025-11-05 01:39:19-05:00,2025-11-05,1,like,Likes and Favorites.Like List.ItemFavoriteList,https://www.tiktokv.com/share/video/7567487191564291346/,
2025-11-05 01:38:19-05:00,2025-11-05,1,like,Likes and Favorites.Like List.ItemFavoriteList,https://www.tiktokv.com/share/video/7568374378367339807/,
2025-11-05 00:44:12-05:00,2025-11-05,0,like,Likes and Favorites.Like List.ItemFavoriteList,https://www.tiktokv.com/share/video/7558844262679448887/,
2025-11-04 22:20:24-05:00,2025-11-04,22,like,Likes and Favorites.Like List.ItemFavoriteList,https://www.tiktokv.com/share/video/7561927960639311118/,
2025-11-04 21:59:48-05:00,2025-11-04,21,like,Likes and Favorites.Like List.ItemFavoriteList,https://www.tiktokv.com/share/video/7568177070266699024/,
2025-11-04 21:57:13-05:00,2025-11-04,21,like,Likes and Favorites.Like List.ItemFavoriteList,https://www.tiktokv.com/share/video/7557922653646982430/,
2025-11-04 21:56:52-05:00,2025-11-04,21,like,Likes and Favorites.Like List.ItemFavoriteList,https://www.tiktokv.com/share/video/7568268030426369302/,
2025-11-04 21:55:29-05:00,2025-11-04,21,like,Likes and Favorites.Like List.ItemFavoriteList,https://www.tiktokv.com/share/video/7560228969195293974/,
2025-11-04 21:50:29-05:00,2025-11-04,21,like,Likes and Favorites.Like List.ItemFavoriteList,https://www.tiktokv.com/share/video/7558649291795942686/,
2025-11-04 21:50:01-05:00,2025-11-04,21,like,Likes and Favorites.Like List.ItemFavoriteList,https://www.tiktokv.com/share/video/7568640698853952823/,
2025-11-04 21:48:56-05:00,2025-11-04,21,like,Likes and Favorites.Like List.ItemFavoriteList,https://www.tiktokv.com/share/video/7564092075583573261/,
2025-11-04 21:45:50-05:00,2025-11-04,21,like,Likes and Favorites.Like List.ItemFavoriteList,https://www.tiktokv.com/share/video/7562932888627367223/,
2025-11-04 21:44:46-05:00,2025-11-04,21,like,Likes and Favorites.Like List.ItemFavoriteList,https://www.tiktokv.com/share/video/7547067322654002454/,
2025-11-04 21:44:02-05:00,2025-11-04,21,like,Likes and Favorites.Like List.ItemFavoriteList,https://www.tiktokv.com/share/video/7552220272833645854/,
2025-11-04 21:43:21-05:00,2025-11-04,21,like,Likes and Favorites.Like List.ItemFavoriteList,https://www.tiktokv.com/share/video/7563158368295210271/,
2025-11-04 21:42:15-05:00,2025-11-04,21,like,Likes and Favorites.Like List.ItemFavoriteList,https://www.tiktokv.com/share/video/7559670244877421879/,
2025-11-04 21:41:10-05:00,2025-11-04,21,like,Likes and Favorites.Like List.ItemFavoriteList,https://www.tiktokv.com/share/video/7568132077321882888/,
2025-11-04 21:40:54-05:00,2025-11-04,21,like,Likes and Favorites.Like List.ItemFavoriteList,https://www.tiktokv.com/share/video/7568235904825904439/,
2025-11-04 21:40:24-05:00,2025-11-04,21,like,Likes and Favorites.Like List.ItemFavoriteList,https://www.tiktokv.com/share/video/7568206545226386718/,
2025-11-04 21:38:35-05:00,2025-11-04,21,like,Likes and Favorites.Like List.ItemFavoriteList,https://www.tiktokv.com/share/video/7563667437141495095/,
2025-11-04 21:36:52-05:00,2025-11-04,21,like,Likes and Favorites.Like List.ItemFavoriteList,https://www.tiktokv.com/share/video/7567489801989917982/,
2025-11-04 21:34:59-05:00,2025-11-04,21,like,Likes and Favorites.Like List.ItemFavoriteList,https://www.tiktokv.com/share/video/7567848231141461262/,
2025-11-04 21:34:19-05:00,2025-11-04,21,like,Likes and Favorites.Like List.ItemFavoriteList,https://www.tiktokv.com/share/video/7554596651323690295/,
2025-11-04 21:33:29-05:00,2025-11-04,21,like,Likes and Favorites.Like List.ItemFavoriteList,https://www.tiktokv.com/share/video/7563396919158983991/,
2025-11-04 21:32:43-05:00,2025-11-04,21,like,Likes and Favorites.Like List.ItemFavoriteList,https://www.tiktokv.com/share/video/7568669584669019447/,
2025-11-04 21:32:23-05:00,2025-11-04,21,like,Likes and Favorites.Like List.ItemFavoriteList,https://www.tiktokv.com/share/video/7568494529679084855/,
2025-11-04 21:30:47-05:00,2025-11-04,21,like,Likes and Favorites.Like List.ItemFavoriteList,https://www.tiktokv.com/share/video/7557766671264533791/,
2025-11-04 21:27:37-05:00,2025-11-04,21,like,Likes and Favorites.Like List.ItemFavoriteList,https://www.tiktokv.com/share/video/7568249587404639496/,
2025-11-04 21:25:16-05:00,2025-11-04,21,like,Likes and Favorites.Like List.ItemFavoriteList,https://www.tiktokv.com/share/video/7547087021097880846/,
2025-11-04 21:25:03-05:00,2025-11-04,21,like,Likes and Favorites.Like List.ItemFavoriteList,https://www.tiktokv.com/share/video/7568990705289399566/,
2025-11-04 21:23:17-05:00,2025-11-04,21,like,Likes and Favorites.Like List.ItemFavoriteList,https://www.tiktokv.com/share/video/7567321437141257503/,
2025-11-04 21:22:48-05:00,2025-11-04,21,like,Likes and Favorites.Like List.ItemFavoriteList,https://www.tiktokv.com/share/video/7560141664950439181/,
2025-11-04 21:21:38-05:00,2025-11-04,21,like,Likes and Favorites.Like List.ItemFavoriteList,https://www.tiktokv.com/share/video/7560139407316012302/,
2025-11-04 21:21:26-05:00,2025-11-04,21,like,Likes and Favorites.Like List.ItemFavoriteList,https://www.tiktokv.com/share/video/7568903603784600845/,
2025-11-04 21:21:14-05:00,2025-11-04,21,like,Likes and Favorites.Like List.ItemFavoriteList,https://www.tiktokv.com/share/video/7568596992549588255/,
2025-11-04 21:20:59-05:00,2025-11-04,21,like,Likes and Favorites.Like List.ItemFavoriteList,https://www.tiktokv.com/share/video/7569038816653348110/,
2025-11-04 21:20:03-05:00,2025-11-04,21,like,Likes and Favorites.Like List.ItemFavoriteList,https://www.tiktokv.com/share/video/7551228961968164151/,
2025-11-04 21:19:31-05:00,2025-11-04,21,like,Likes and Favorites.Like List.ItemFavoriteList,https://www.tiktokv.com/share/video/7568530995218009358/,
2025-11-04 21:18:43-05:00,2025-11-04,21,like,Likes and Favorites.Like List.ItemFavoriteList,https://www.tiktokv.com/share/video/7568269342958193934/,
2025-11-04 21:18:00-05:00,2025-11-04,21,like,Likes and Favorites.Like List.ItemFavoriteList,https://www.tiktokv.com/share/video/7568580062220422455/,
2025-11-04 21:16:58-05:00,2025-11-04,21,like,Likes and Favorites.Like List.ItemFavoriteList,https://www.tiktokv.com/share/video/7568164793845173517/,
2025-11-04 21:16:26-05:00,2025-11-04,21,like,Likes and Favorites.Like List.ItemFavoriteList,https://www.tiktokv.com/share/video/7568334324941016350/,
2025-11-04 21:16:09-05:00,2025-11-04,21,like,Likes and Favorites.Like List.ItemFavoriteList,https://www.tiktokv.com/share/video/7565597560572874015/,
2025-11-04 21:15:06-05:00,2025-11-04,21,like,Likes and Favorites.Like List.ItemFavoriteList,https://www.tiktokv.com/share/video/7568604863991483678/,
2025-11-04 21:14:12-05:00,2025-11-04,21,like,Likes and Favorites.Like List.ItemFavoriteList,https://www.tiktokv.com/share/video/7567507785932442935/,
2025-11-04 21:05:33-05:00,2025-11-04,21,like,Likes and Favorites.Like List.ItemFavoriteList,https://www.tiktokv.com/share/video/7568361075159190797/,
2025-11-04 21:03:48-05:00,2025-11-04,21,like,Likes and Favorites.Like List.ItemFavoriteList,https://www.tiktokv.com/share/video/7561835046357798157/,
2025-11-04 21:02:49-05:00,2025-11-04,21,like,Likes and Favorites.Like List.ItemFavoriteList,https://www.tiktokv.com/share/video/7568734447500021022/,
2025-11-04 21:02:45-05:00,2025-11-04,21,like,Likes and Favorites.Like List.ItemFavoriteList,https://www.tiktokv.com/share/video/7562396894006234398/,
2025-11-04 21:02:03-05:00,2025-11-04,21,like,Likes and Favorites.Like List.ItemFavoriteList,https://www.tiktokv.com/share/video/7568954307953872141/,
2025-11-04 20:46:54-05:00,2025-11-04,20,like,Likes and Favorites.Like List.ItemFavoriteList,https://www.tiktokv.com/share/video/7561280797274017038/,
2025-11-04 20:46:19-05:00,2025-11-04,20,like,Likes and Favorites.Like List.ItemFavoriteList,https://www.tiktokv.com/share/video/7564754423302393096/,
2025-11-04 20:45:37-05:00,2025-11-04,20,like,Likes and Favorites.Like List.ItemFavoriteList,https://www.tiktokv.com/share/video/7568583744492277022/,
2025-11-04 20:45:16-05:00,2025-11-04,20,like,Likes and Favorites.Like List.ItemFavoriteList,https://www.tiktokv.com/share/video/7568371545656036621/,
2025-11-04 20:44:49-05:00,2025-11-04,20,like,Likes and Favorites.Like List.ItemFavoriteList,https://www.tiktokv.com/share/video/7551200992281283858/,
2025-11-04 20:43:32-05:00,2025-11-04,20,like,Likes and Favorites.Like List.ItemFavoriteList,https://www.tiktokv.com/share/video/7568622920902249742/,
2025-11-04 20:41:44-05:00,2025-11-04,20,like,Likes and Favorites.Like List.ItemFavoriteList,https://www.tiktokv.com/share/video/7568764798016523533/,
2025-11-04 20:40:55-05:00,2025-11-04,20,like,Likes and Favorites.Like List.ItemFavoriteList,https://www.tiktokv.com/share/video/7568161826668645663/,
2025-11-04 20:40:15-05:00,2025-11-04,20,like,Likes and Favorites.Like List.ItemFavoriteList,https://www.tiktokv.com/share/video/7551317091639414046/,
2025-11-04 20:38:30-05:00,2025-11-04,20,like,Likes and Favorites.Like List.ItemFavoriteList,https://www.tiktokv.com/share/video/7568979288578395414/,
2025-11-04 20:37:47-05:00,2025-11-04,20,like,Likes and Favorites.Like List.ItemFavoriteList,https://www.tiktokv.com/share/video/7564895824698805517/,
2025-11-04 20:37:07-05:00,2025-11-04,20,like,Likes and Favorites.Like List.ItemFavoriteList,https://www.tiktokv.com/share/video/7561737735623494943/,
2025-11-04 20:35:17-05:00,2025-11-04,20,like,Likes and Favorites.Like List.ItemFavoriteList,https://www.tiktokv.com/share/video/7568609998645775646/,
2025-11-04 20:34:00-05:00,2025-11-04,20,like,Likes and Favorites.Like List.ItemFavoriteList,https://www.tiktokv.com/share/video/7563412777533033731/,
2025-11-04 20:32:44-05:00,2025-11-04,20,like,Likes and Favorites.Like List.ItemFavoriteList,https://www.tiktokv.com/share/video/7568423919229750558/,
2025-11-04 20:32:08-05:00,2025-11-04,20,like,Likes and Favorites.Like List.ItemFavoriteList,https://www.tiktokv.com/share/video/7568230111565122847/,
2025-11-04 20:31:25-05:00,2025-11-04,20,like,Likes and Favorites.Like List.ItemFavoriteList,https://www.tiktokv.com/share/video/7568659485141519630/,
2025-11-04 20:30:52-05:00,2025-11-04,20,like,Likes and Favorites.Like List.ItemFavoriteList,https://www.tiktokv.com/share/video/7568860655621655839/,
2025-11-04 20:29:53-05:00,2025-11-04,20,like,Likes and Favorites.Like List.ItemFavoriteList,https://www.tiktokv.com/share/video/7568537869120179470/,
2025-11-04 20:29:07-05:00,2025-11-04,20,like,Likes and Favorites.Like List.ItemFavoriteList,https://www.tiktokv.com/share/video/7560349722590940430/,
2025-11-04 20:28:23-05:00,2025-11-04,20,like,Likes and Favorites.Like List.ItemFavoriteList,https://www.tiktokv.com/share/video/7568580148971195703/,
2025-11-04 20:27:40-05:00,2025-11-04,20,like,Likes and Favorites.Like List.ItemFavoriteList,https://www.tiktokv.com/share/video/7568528973148294413/,
2025-11-04 20:26:53-05:00,2025-11-04,20,like,Likes and Favorites.Like List.ItemFavoriteList,https://www.tiktokv.com/share/video/7568916754588568862/,
2025-11-04 20:25:51-05:00,2025-11-04,20,like,Likes and Favorites.Like List.ItemFavoriteList,https://www.tiktokv.com/share/video/7567950585509498142/,
2025-11-04 16:17:57-05:00,2025-11-04,16,like,Likes and Favorites.Like List.ItemFavoriteList,https://www.tiktokv.com/share/video/7568788802458733842/,
2025-11-04 16:17:46-05:00,2025-11-04,16,like,Likes and Favorites.Like List.ItemFavoriteList,https://www.tiktokv.com/share/video/7568233602698284318/,
2025-11-04 16:16:28-05:00,2025-11-04,16,like,Likes and Favorites.Like List.ItemFavoriteList,https://www.tiktokv.com/share/video/7568670980806020366/,
2025-11-04 16:14:25-05:00,2025-11-04,16,like,Likes and Favorites.Like List.ItemFavoriteList,https://www.tiktokv.com/share/video/7550169076077743391/,
2025-11-04 15:02:34-05:00,2025-11-04,15,like,Likes and Favorites.Like List.ItemFavoriteList,https://www.tiktokv.com/share/video/7568626942778314014/,
2025-11-04 14:47:53-05:00,2025-11-04,14,like,Likes and Favorites.Like List.ItemFavoriteList,https://www.tiktokv.com/share/video/7564728360920812831/,
2025-11-04 13:06:46-05:00,2025-11-04,13,like,Likes and Favorites.Like List.ItemFavoriteList,https://www.tiktokv.com/share/video/7568666232921115917/,
2025-11-04 13:03:48-05:00,2025-11-04,13,like,Likes and Favorites.Like List.ItemFavoriteList,https://www.tiktokv.com/share/video/7568633169923165454/,
2025-11-04 13:03:39-05:00,2025-11-04,13,like,Likes and Favorites.Like List.ItemFavoriteList,https://www.tiktokv.com/share/video/7568501789771697439/,
2025-11-04 13:02:36-05:00,2025-11-04,13,like,Likes and Favorites.Like List.ItemFavoriteList,https://www.tiktokv.com/share/video/7568677226053373239/,
2025-11-04 12:58:36-05:00,2025-11-04,12,like,Likes and Favorites.Like List.ItemFavoriteList,https://www.tiktokv.com/share/video/7567928258797391159/,
2025-11-04 12:58:18-05:00,2025-11-04,12,like,Likes and Favorites.Like List.ItemFavoriteList,https://www.tiktokv.com/share/video/7568649463401598238/,
2025-11-04 12:57:58-05:00,2025-11-04,12,like,Likes and Favorites.Like List.ItemFavoriteList,https://www.tiktokv.com/share/video/7568355899434110239/,
2025-11-04 12:57:38-05:00,2025-11-04,12,like,Likes and Favorites.Like List.ItemFavoriteList,https://www.tiktokv.com/share/video/7568709528879992095/,
2025-11-04 08:25:22-05:00,2025-11-04,8,like,Likes and Favorites.Like List.ItemFavoriteList,https://www.tiktokv.com/share/video/7568681378829700366/,
2025-11-04 08:24:55-05:00,2025-11-04,8,like,Likes and Favorites.Like List.ItemFavoriteList,https://www.tiktokv.com/share/video/7568549031719308574/,
2025-11-04 02:23:10-05:00,2025-11-04,2,like,Likes and Favorites.Like List.ItemFavoriteList,https://www.tiktokv.com/share/video/7567492248896556319/,
2025-11-04 02:17:24-05:00,2025-11-04,2,like,Likes and Favorites.Like List.ItemFavoriteList,https://www.tiktokv.com/share/video/7568094746573425951/,
2025-11-04 02:16:05-05:00,2025-11-04,2,like,Likes and Favorites.Like List.ItemFavoriteList,https://www.tiktokv.com/share/video/7568276202507521310/,
2025-11-04 02:14:11-05:00,2025-11-04,2,like,Likes and Favorites.Like List.ItemFavoriteList,https://www.tiktokv.com/share/video/7568319740008041742/,
2025-11-04 02:10:51-05:00,2025-11-04,2,like,Likes and Favorites.Like List.ItemFavoriteList,https://www.tiktokv.com/share/video/7567843953333079310/,
2025-11-04 02:08:04-05:00,2025-11-04,2,like,Likes and Favorites.Like List.ItemFavoriteList,https://www.tiktokv.com/share/video/7568155669711375630/,
2025-11-04 02:07:37-05:00,2025-11-04,2,like,Likes and Favorites.Like List.ItemFavoriteList,https://www.tiktokv.com/share/video/7568637714724080927/,
2025-11-04 02:03:46-05:00,2025-11-04,2,like,Likes and Favorites.Like List.ItemFavoriteList,https://www.tiktokv.com/share/video/7568308514448231735/,
2025-11-04 01:44:57-05:00,2025-11-04,1,like,Likes and Favorites.Like List.ItemFavoriteList,https://www.tiktokv.com/share/video/7568637348095855927/,
2025-11-03 19:58:57-05:00,2025-11-03,19,like,Likes and Favorites.Like List.ItemFavoriteList,https://www.tiktokv.com/share/video/7568421879657123090/,
2025-11-03 19:33:59-05:00,2025-11-03,19,like,Likes and Favorites.Like List.ItemFavoriteList,https://www.tiktokv.com/share/video/7568308272814476575/,
2025-11-03 17:47:17-05:00,2025-11-03,17,like,Likes and Favorites.Like List.ItemFavoriteList,https://www.tiktokv.com/share/video/7568348578335247646/,
2025-11-03 17:47:14-05:00,2025-11-03,17,like,Likes and Favorites.Like List.ItemFavoriteList,https://www.tiktokv.com/share/video/7567824212446973197/,
2025-11-03 17:46:59-05:00,2025-11-03,17,like,Likes and Favorites.Like List.ItemFavoriteList,https://www.tiktokv.com/share/video/7568361014610251021/,
2025-11-03 13:27:04-05:00,2025-11-03,13,like,Likes and Favorites.Like List.ItemFavoriteList,https://www.tiktokv.com/share/video/7568227676318616862/,
2025-11-03 13:01:43-05:00,2025-11-03,13,like,Likes and Favorites.Like List.ItemFavoriteList,https://www.tiktokv.com/share/video/7567843484082654494/,
2025-11-03 13:01:07-05:00,2025-11-03,13,like,Likes and Favorites.Like List.ItemFavoriteList,https://www.tiktokv.com/share/video/7553070079676632327/,
2025-11-03 13:00:39-05:00,2025-11-03,13,like,Likes and Favorites.Like List.ItemFavoriteList,https://www.tiktokv.com/share/video/7568352459240869151/,
2025-11-03 12:35:33-05:00,2025-11-03,12,like,Likes and Favorites.Like List.ItemFavoriteList,https://www.tiktokv.com/share/video/7566813620076612878/,
2025-11-03 12:35:26-05:00,2025-11-03,12,like,Likes and Favorites.Like List.ItemFavoriteList,https://www.tiktokv.com/share/video/7556911376405433622/,
2025-11-03 12:27:09-05:00,2025-11-03,12,like,Likes and Favorites.Like List.ItemFavoriteList,https://www.tiktokv.com/share/video/7567087564365171998/,
2025-11-03 12:25:31-05:00,2025-11-03,12,like,Likes and Favorites.Like List.ItemFavoriteList,https://www.tiktokv.com/share/video/7551170522483100942/,
2025-11-03 12:24:10-05:00,2025-11-03,12,like,Likes and Favorites.Like List.ItemFavoriteList,https://www.tiktokv.com/share/video/7568025130257894670/,
2025-11-03 12:22:45-05:00,2025-11-03,12,like,Likes and Favorites.Like List.ItemFavoriteList,https://www.tiktokv.com/share/video/7549703201100926222/,
2025-11-03 12:21:26-05:00,2025-11-03,12,like,Likes and Favorites.Like List.ItemFavoriteList,https://www.tiktokv.com/share/video/7558084617538948382/,
2025-11-03 12:21:10-05:00,2025-11-03,12,like,Likes and Favorites.Like List.ItemFavoriteList,https://www.tiktokv.com/share/video/7567585119377034504/,
2025-11-03 12:20:35-05:00,2025-11-03,12,like,Likes and Favorites.Like List.ItemFavoriteList,https://www.tiktokv.com/share/video/7568203097181293838/,
2025-11-03 12:20:06-05:00,2025-11-03,12,like,Likes and Favorites.Like List.ItemFavoriteList,https://www.tiktokv.com/share/video/7561485107232591135/,
2025-11-03 12:19:57-05:00,2025-11-03,12,like,Likes and Favorites.Like List.ItemFavoriteList,https://www.tiktokv.com/share/video/7567538044316765470/,
2025-11-03 12:19:27-05:00,2025-11-03,12,like,Likes and Favorites.Like List.ItemFavoriteList,https://www.tiktokv.com/share/video/7567866333614918926/,
2025-11-03 12:18:25-05:00,2025-11-03,12,like,Likes and Favorites.Like List.ItemFavoriteList,https://www.tiktokv.com/share/video/7568201223417924894/,
2025-11-03 11:49:38-05:00,2025-11-03,11,like,Likes and Favorites.Like List.ItemFavoriteList,https://www.tiktokv.com/share/video/7568303316409535758/,
2025-11-03 11:48:59-05:00,2025-11-03,11,like,Likes and Favorites.Like List.ItemFavoriteList,https://www.tiktokv.com/share/video/7568260435334499614/,
2025-11-03 11:48:28-05:00,2025-11-03,11,like,Likes and Favorites.Like List.ItemFavoriteList,https://www.tiktokv.com/share/video/7567459711977540886/,
2025-11-03 11:47:55-05:00,2025-11-03,11,like,Likes and Favorites.Like List.ItemFavoriteList,https://www.tiktokv.com/share/video/7558284024871996727/,
2025-11-03 11:47:21-05:00,2025-11-03,11,like,Likes and Favorites.Like List.ItemFavoriteList,https://www.tiktokv.com/share/video/7568298752335777046/,
2025-11-03 11:46:44-05:00,2025-11-03,11,like,Likes and Favorites.Like List.ItemFavoriteList,https://www.tiktokv.com/share/video/7568294212530081055/,
2025-11-03 11:46:32-05:00,2025-11-03,11,like,Likes and Favorites.Like List.ItemFavoriteList,https://www.tiktokv.com/share/video/7568101155876785439/,
2025-11-03 11:41:10-05:00,2025-11-03,11,like,Likes and Favorites.Like List.ItemFavoriteList,https://www.tiktokv.com/share/video/7568252756776029470/,
2025-11-03 11:40:42-05:00,2025-11-03,11,like,Likes and Favorites.Like List.ItemFavoriteList,https://www.tiktokv.com/share/video/7567731932486782263/,
2025-11-03 11:39:38-05:00,2025-11-03,11,like,Likes and Favorites.Like List.ItemFavoriteList,https://www.tiktokv.com/share/video/7568176886086552835/,
2025-11-03 10:03:04-05:00,2025-11-03,10,like,Likes and Favorites.Like List.ItemFavoriteList,https://www.tiktokv.com/share/video/7566130687464475959/,
2025-11-03 10:02:03-05:00,2025-11-03,10,like,Likes and Favorites.Like List.ItemFavoriteList,https://www.tiktokv.com/share/video/7566696849260793101/,
2025-11-03 10:01:38-05:00,2025-11-03,10,like,Likes and Favorites.Like List.ItemFavoriteList,https://www.tiktokv.com/share/video/7567963597473697038/,
2025-11-03 00:00:36-05:00,2025-11-03,0,like,Likes and Favorites.Like List.ItemFavoriteList,https://www.tiktokv.com/share/video/7568349471424138551/,
2025-11-02 23:59:36-05:00,2025-11-02,23,like,Likes and Favorites.Like List.ItemFavoriteList,https://www.tiktokv.com/share/video/7566823526552866079/,
2025-11-02 23:58:25-05:00,2025-11-02,23,like,Likes and Favorites.Like List.ItemFavoriteList,https://www.tiktokv.com/share/video/7567591953521560862/,
2025-11-02 22:59:14-05:00,2025-11-02,22,like,Likes and Favorites.Like List.ItemFavoriteList,https://www.tiktokv.com/share/video/7567857398635891982/,
2025-11-02 22:51:22-05:00,2025-11-02,22,like,Likes and Favorites.Like List.ItemFavoriteList,https://www.tiktokv.com/share/video/7568233170303257869/,
2025-11-02 22:47:39-05:00,2025-11-02,22,like,Likes and Favorites.Like List.ItemFavoriteList,https://www.tiktokv.com/share/video/7567987436890967326/,
2025-11-02 22:47:06-05:00,2025-11-02,22,like,Likes and Favorites.Like List.ItemFavoriteList,https://www.tiktokv.com/share/video/7567853863395511582/,
2025-11-02 22:40:37-05:00,2025-11-02,22,like,Likes and Favorites.Like List.ItemFavoriteList,https://www.tiktokv.com/share/video/7567496815638056206/,
2025-11-02 22:29:52-05:00,2025-11-02,22,like,Likes and Favorites.Like List.ItemFavoriteList,https://www.tiktokv.com/share/video/7567415431758105886/,
2025-11-02 22:29:28-05:00,2025-11-02,22,like,Likes and Favorites.Like List.ItemFavoriteList,https://www.tiktokv.com/share/video/7565285623267872014/,
2025-11-02 22:28:27-05:00,2025-11-02,22,like,Likes and Favorites.Like List.ItemFavoriteList,https://www.tiktokv.com/share/video/7559363526565940510/,
2025-11-02 22:27:45-05:00,2025-11-02,22,like,Likes and Favorites.Like List.ItemFavoriteList,https://www.tiktokv.com/share/video/7568230955119381815/,
2025-11-02 22:27:13-05:00,2025-11-02,22,like,Likes and Favorites.Like List.ItemFavoriteList,https://www.tiktokv.com/share/video/7556418276885007638/,
2025-11-02 22:26:49-05:00,2025-11-02,22,like,Likes and Favorites.Like List.ItemFavoriteList,https://www.tiktokv.com/share/video/7565002839659957518/,
2025-11-02 22:05:34-05:00,2025-11-02,22,like,Likes and Favorites.Like List.ItemFavoriteList,https://www.tiktokv.com/share/video/7567538429790031117/,
2025-11-02 21:43:49-05:00,2025-11-02,21,like,Likes and Favorites.Like List.ItemFavoriteList,https://www.tiktokv.com/share/video/7567305084531428626/,
2025-11-02 21:42:48-05:00,2025-11-02,21,like,Likes and Favorites.Like List.ItemFavoriteList,https://www.tiktokv.com/share/video/7568271087910292750/,
2025-11-02 21:35:29-05:00,2025-11-02,21,like,Likes and Favorites.Like List.ItemFavoriteList,https://www.tiktokv.com/share/video/7567454819649129742/,
2025-11-02 21:35:07-05:00,2025-11-02,21,like,Likes and Favorites.Like List.ItemFavoriteList,https://www.tiktokv.com/share/video/7567912455574179086/,
2025-11-02 21:34:50-05:00,2025-11-02,21,like,Likes and Favorites.Like List.ItemFavoriteList,https://www.tiktokv.com/share/video/7567807248836185357/,
2025-11-02 21:33:57-05:00,2025-11-02,21,like,Likes and Favorites.Like List.ItemFavoriteList,https://www.tiktokv.com/share/video/7553987343246576918/,
2025-11-02 21:33:32-05:00,2025-11-02,21,like,Likes and Favorites.Like List.ItemFavoriteList,https://www.tiktokv.com/share/video/7567665518463814942/,
2025-11-02 21:21:17-05:00,2025-11-02,21,like,Likes and Favorites.Like List.ItemFavoriteList,https://www.tiktokv.com/share/video/7567492250561727758/,
2025-11-02 21:01:22-05:00,2025-11-02,21,like,Likes and Favorites.Like List.ItemFavoriteList,https://www.tiktokv.com/share/video/7557840889410882847/,
2025-11-02 21:01:11-05:00,2025-11-02,21,like,Likes and Favorites.Like List.ItemFavoriteList,https://www.tiktokv.com/share/video/7567860237512871198/,
2025-11-02 21:00:52-05:00,2025-11-02,21,like,Likes and Favorites.Like List.ItemFavoriteList,https://www.tiktokv.com/share/video/7567569892921085214/,
2025-11-02 20:30:56-05:00,2025-11-02,20,like,Likes and Favorites.Like List.ItemFavoriteList,https://www.tiktokv.com/share/video/7567811026591206669/,
2025-11-02 20:30:38-05:00,2025-11-02,20,like,Likes and Favorites.Like List.ItemFavoriteList,https://www.tiktokv.com/share/video/7567536627342494998/,
2025-11-02 17:17:59-05:00,2025-11-02,17,like,Likes and Favorites.Like List.ItemFavoriteList,https://www.tiktokv.com/share/video/7567929355867819319/,
2025-11-02 17:17:10-05:00,2025-11-02,17,like,Likes and Favorites.Like List.ItemFavoriteList,https://www.tiktokv.com/share/video/7566716201406156087/,
2025-11-02 12:49:27-05:00,2025-11-02,12,like,Likes and Favorites.Like List.ItemFavoriteList,https://www.tiktokv.com/share/video/7567572923775487263/,
2025-11-02 12:48:44-05:00,2025-11-02,12,like,Likes and Favorites.Like List.ItemFavoriteList,https://www.tiktokv.com/share/video/7568010124594285838/,
2025-11-02 12:48:37-05:00,2025-11-02,12,like,Likes and Favorites.Like List.ItemFavoriteList,https://www.tiktokv.com/share/video/7567426326466923798/,
2025-11-02 12:48:20-05:00,2025-11-02,12,like,Likes and Favorites.Like List.ItemFavoriteList,https://www.tiktokv.com/share/video/7567768114029432082/,
2025-11-02 12:42:22-05:00,2025-11-02,12,like,Likes and Favorites.Like List.ItemFavoriteList,https://www.tiktokv.com/share/video/7567620790988983607/,
2025-11-02 12:42:14-05:00,2025-11-02,12,like,Likes and Favorites.Like List.ItemFavoriteList,https://www.tiktokv.com/share/video/7565698088019430670/,
2025-11-02 12:15:59-05:00,2025-11-02,12,like,Likes and Favorites.Like List.ItemFavoriteList,https://www.tiktokv.com/share/video/7567431844933700878/,
2025-11-02 12:15:55-05:00,2025-11-02,12,like,Likes and Favorites.Like List.ItemFavoriteList,https://www.tiktokv.com/share/video/7566048361086749982/,
2025-11-02 10:23:07-05:00,2025-11-02,10,like,Likes and Favorites.Like List.ItemFavoriteList,https://www.tiktokv.com/share/video/7564624673833487629/,
2025-11-02 10:20:31-05:00,2025-11-02,10,like,Likes and Favorites.Like List.ItemFavoriteList,https://www.tiktokv.com/share/video/7567981225688747271/,
2025-11-02 10:19:55-05:00,2025-11-02,10,like,Likes and Favorites.Like List.ItemFavoriteList,https://www.tiktokv.com/share/video/7546032104866434317/,
2025-11-02 10:19:27-05:00,2025-11-02,10,like,Likes and Favorites.Like List.ItemFavoriteList,https://www.tiktokv.com/share/video/7567555500968086815/,
2025-11-02 10:19:13-05:00,2025-11-02,10,like,Likes and Favorites.Like List.ItemFavoriteList,https://www.tiktokv.com/share/video/7564591639168077087/,
2025-11-02 10:09:57-05:00,2025-11-02,10,like,Likes and Favorites.Like List.ItemFavoriteList,https://www.tiktokv.com/share/video/7558334146574109966/,
2025-11-02 10:09:48-05:00,2025-11-02,10,like,Likes and Favorites.Like List.ItemFavoriteList,https://www.tiktokv.com/share/video/7566736733514026295/,
2025-11-02 10:09:23-05:00,2025-11-02,10,like,Likes and Favorites.Like List.ItemFavoriteList,https://www.tiktokv.com/share/video/7555713243440860429/,
2025-11-02 10:08:58-05:00,2025-11-02,10,like,Likes and Favorites.Like List.ItemFavoriteList,https://www.tiktokv.com/share/video/7557529694598434079/,
2025-11-02 10:08:49-05:00,2025-11-02,10,like,Likes and Favorites.Like List.ItemFavoriteList,https://www.tiktokv.com/share/video/7567446926791134495/,
2025-11-02 10:08:42-05:00,2025-11-02,10,like,Likes and Favorites.Like List.ItemFavoriteList,https://www.tiktokv.com/share/video/7567768473632394527/,
2025-11-02 10:04:13-05:00,2025-11-02,10,like,Likes and Favorites.Like List.ItemFavoriteList,https://www.tiktokv.com/share/video/7567840553283423501/,
2025-11-02 10:03:56-05:00,2025-11-02,10,like,Likes and Favorites.Like List.ItemFavoriteList,https://www.tiktokv.com/share/video/7567708003567209741/,
2025-11-02 10:03:45-05:00,2025-11-02,10,like,Likes and Favorites.Like List.ItemFavoriteList,https://www.tiktokv.com/share/video/7567121391971994935/,
2025-11-02 10:03:32-05:00,2025-11-02,10,like,Likes and Favorites.Like List.ItemFavoriteList,https://www.tiktokv.com/share/video/7566471548572273975/,
2025-11-02 10:03:13-05:00,2025-11-02,10,like,Likes and Favorites.Like List.ItemFavoriteList,https://www.tiktokv.com/share/video/7567857099477110047/,
2025-11-02 10:03:02-05:00,2025-11-02,10,like,Likes and Favorites.Like List.ItemFavoriteList,https://www.tiktokv.com/share/video/7566842445762268429/,
2025-11-02 10:02:49-05:00,2025-11-02,10,like,Likes and Favorites.Like List.ItemFavoriteList,https://www.tiktokv.com/share/video/7567998795984768263/,
2025-11-01 20:52:50-04:00,2025-11-01,20,like,Likes and Favorites.Like List.ItemFavoriteList,https://www.tiktokv.com/share/video/7567430372884024598/,
2025-11-01 20:52:34-04:00,2025-11-01,20,like,Likes and Favorites.Like List.ItemFavoriteList,https://www.tiktokv.com/share/video/7567037990632033550/,
2025-11-01 19:12:21-04:00,2025-11-01,19,like,Likes and Favorites.Like List.ItemFavoriteList,https://www.tiktokv.com/share/video/7564427716183739662/,
2025-11-01 19:12:03-04:00,2025-11-01,19,like,Likes and Favorites.Like List.ItemFavoriteList,https://www.tiktokv.com/share/video/7567874626894728478/,
2025-11-01 19:11:39-04:00,2025-11-01,19,like,Likes and Favorites.Like List.ItemFavoriteList,https://www.tiktokv.com/share/video/7566449735821692190/,
2025-11-01 18:38:37-04:00,2025-11-01,18,like,Likes and Favorites.Like List.ItemFavoriteList,https://www.tiktokv.com/share/video/7557455994436062477/,
2025-11-01 18:31:38-04:00,2025-11-01,18,like,Likes and Favorites.Like List.ItemFavoriteList,https://www.tiktokv.com/share/video/7567561203740937485/,
2025-11-01 18:28:37-04:00,2025-11-01,18,like,Likes and Favorites.Like List.ItemFavoriteList,https://www.tiktokv.com/share/video/7567826482895146253/,
2025-11-01 18:28:01-04:00,2025-11-01,18,like,Likes and Favorites.Like List.ItemFavoriteList,https://www.tiktokv.com/share/video/7567217531279117599/,
2025-11-01 18:27:47-04:00,2025-11-01,18,like,Likes and Favorites.Like List.ItemFavoriteList,https://www.tiktokv.com/share/video/7551184799839309087/,
2025-11-01 18:27:27-04:00,2025-11-01,18,like,Likes and Favorites.Like List.ItemFavoriteList,https://www.tiktokv.com/share/video/7561981616680144142/,
2025-11-01 15:05:06-04:00,2025-11-01,15,like,Likes and Favorites.Like List.ItemFavoriteList,https://www.tiktokv.com/share/video/7564924738687077644/,
2025-11-01 15:04:28-04:00,2025-11-01,15,like,Likes and Favorites.Like List.ItemFavoriteList,https://www.tiktokv.com/share/video/7566761719599500557/,
2025-11-01 15:02:24-04:00,2025-11-01,15,like,Likes and Favorites.Like List.ItemFavoriteList,https://www.tiktokv.com/share/video/7566764906222030111/,
2025-11-01 15:02:00-04:00,2025-11-01,15,like,Likes and Favorites.Like List.ItemFavoriteList,https://www.tiktokv.com/share/video/7567093937324690719/,
2025-11-01 15:00:37-04:00,2025-11-01,15,like,Likes and Favorites.Like List.ItemFavoriteList,https://www.tiktokv.com/share/video/7567568896878759223/,
2025-11-01 10:31:08-04:00,2025-11-01,10,like,Likes and Favorites.Like List.ItemFavoriteList,https://www.tiktokv.com/share/video/7553884665904434446/,
2025-11-01 10:07:53-04:00,2025-11-01,10,like,Likes and Favorites.Like List.ItemFavoriteList,https://www.tiktokv.com/share/video/7567744273169386765/,
2025-11-01 10:07:41-04:00,2025-11-01,10,like,Likes and Favorites.Like List.ItemFavoriteList,https://www.tiktokv.com/share/video/7566617675892346142/,
2025-11-01 10:07:19-04:00,2025-11-01,10,like,Likes and Favorites.Like List.ItemFavoriteList,https://www.tiktokv.com/share/video/7567434911699881230/,
2025-11-01 09:38:23-04:00,2025-11-01,9,like,Likes and Favorites.Like List.ItemFavoriteList,https://www.tiktokv.com/share/video/7567746538852666679/,
2025-11-01 09:37:39-04:00,2025-11-01,9,like,Likes and Favorites.Like List.ItemFavoriteList,https://www.tiktokv.com/share/video/7567504549909499191/,
2025-10-31 21:17:28-04:00,2025-10-31,21,like,Likes and Favorites.Like List.ItemFavoriteList,https://www.tiktokv.com/share/video/7566849517610487070/,
2025-10-31 21:17:05-04:00,2025-10-31,21,like,Likes and Favorites.Like List.ItemFavoriteList,https://www.tiktokv.com/share/video/7565661981735128351/,
2025-10-31 21:14:22-04:00,2025-10-31,21,like,Likes and Favorites.Like List.ItemFavoriteList,https://www.tiktokv.com/share/video/7566732018646551863/,
2025-10-31 21:12:48-04:00,2025-10-31,21,like,Likes and Favorites.Like List.ItemFavoriteList,https://www.tiktokv.com/share/video/7567107325392194829/,
2025-10-31 21:12:29-04:00,2025-10-31,21,like,Likes and Favorites.Like List.ItemFavoriteList,https://www.tiktokv.com/share/video/7567380361638989086/,
2025-10-31 21:12:14-04:00,2025-10-31,21,like,Likes and Favorites.Like List.ItemFavoriteList,https://www.tiktokv.com/share/video/7564977568936398093/,
2025-10-31 20:23:29-04:00,2025-10-31,20,like,Likes and Favorites.Like List.ItemFavoriteList,https://www.tiktokv.com/share/video/7540686419052875014/,
2025-10-31 20:15:04-04:00,2025-10-31,20,like,Likes and Favorites.Like List.ItemFavoriteList,https://www.tiktokv.com/share/video/7566543325264645389/,
2025-10-31 17:37:07-04:00,2025-10-31,17,like,Likes and Favorites.Like List.ItemFavoriteList,https://www.tiktokv.com/share/video/7566666517564230926/,
2025-10-31 17:36:57-04:00,2025-10-31,17,like,Likes and Favorites.Like List.ItemFavoriteList,https://www.tiktokv.com/share/video/7563416717502795022/,
2025-10-31 17:36:43-04:00,2025-10-31,17,like,Likes and Favorites.Like List.ItemFavoriteList,https://www.tiktokv.com/share/video/7554243710293232910/,
2025-10-31 17:33:23-04:00,2025-10-31,17,like,Likes and Favorites.Like List.ItemFavoriteList,https://www.tiktokv.com/share/video/7564987785787034894/,
2025-10-31 17:31:19-04:00,2025-10-31,17,like,Likes and Favorites.Like List.ItemFavoriteList,https://www.tiktokv.com/share/video/7567220322034863391/,
2025-10-31 16:59:07-04:00,2025-10-31,16,like,Likes and Favorites.Like List.ItemFavoriteList,https://www.tiktokv.com/share/video/7567254271817796894/,
2025-10-31 16:58:44-04:00,2025-10-31,16,like,Likes and Favorites.Like List.ItemFavoriteList,https://www.tiktokv.com/share/video/7553697234416684301/,
2025-10-31 16:57:47-04:00,2025-10-31,16,like,Likes and Favorites.Like List.ItemFavoriteList,https://www.tiktokv.com/share/video/7567176324146646290/,
2025-10-31 16:57:14-04:00,2025-10-31,16,like,Likes and Favorites.Like List.ItemFavoriteList,https://www.tiktokv.com/share/video/7567180215110110495/,
2025-10-31 16:56:58-04:00,2025-10-31,16,like,Likes and Favorites.Like List.ItemFavoriteList,https://www.tiktokv.com/share/video/7566813193083866423/,
2025-10-31 16:55:04-04:00,2025-10-31,16,like,Likes and Favorites.Like List.ItemFavoriteList,https://www.tiktokv.com/share/video/7566704971610115341/,
2025-10-31 16:52:30-04:00,2025-10-31,16,like,Likes and Favorites.Like List.ItemFavoriteList,https://www.tiktokv.com/share/video/7567429929671920910/,
2025-10-31 16:52:25-04:00,2025-10-31,16,like,Likes and Favorites.Like List.ItemFavoriteList,https://www.tiktokv.com/share/video/7566631012885712142/,
2025-10-31 16:50:54-04:00,2025-10-31,16,like,Likes and Favorites.Like List.ItemFavoriteList,https://www.tiktokv.com/share/video/7567043701776616717/,
2025-10-31 16:50:09-04:00,2025-10-31,16,like,Likes and Favorites.Like List.ItemFavoriteList,https://www.tiktokv.com/share/video/7566838815575297335/,
2025-10-31 16:48:25-04:00,2025-10-31,16,like,Likes and Favorites.Like List.ItemFavoriteList,https://www.tiktokv.com/share/video/7558161341098364215/,
2025-10-31 16:47:31-04:00,2025-10-31,16,like,Likes and Favorites.Like List.ItemFavoriteList,https://www.tiktokv.com/share/video/7566709734980504846/,
2025-10-31 16:45:24-04:00,2025-10-31,16,like,Likes and Favorites.Like List.ItemFavoriteList,https://www.tiktokv.com/share/video/7567035086558874902/,
2025-10-31 15:26:45-04:00,2025-10-31,15,like,Likes and Favorites.Like List.ItemFavoriteList,https://www.tiktokv.com/share/video/7549660121220009271/,
2025-10-31 15:26:02-04:00,2025-10-31,15,like,Likes and Favorites.Like List.ItemFavoriteList,https://www.tiktokv.com/share/video/7564605568019729678/,
2025-10-31 15:25:46-04:00,2025-10-31,15,like,Likes and Favorites.Like List.ItemFavoriteList,https://www.tiktokv.com/share/video/7556079263712038157/,
2025-10-31 15:25:42-04:00,2025-10-31,15,like,Likes and Favorites.Like List.ItemFavoriteList,https://www.tiktokv.com/share/video/7567436193894305054/,
2025-10-31 15:25:38-04:00,2025-10-31,15,like,Likes and Favorites.Like List.ItemFavoriteList,https://www.tiktokv.com/share/video/7566313956898360631/,
2025-10-31 15:23:53-04:00,2025-10-31,15,like,Likes and Favorites.Like List.ItemFavoriteList,https://www.tiktokv.com/share/video/7566579552722423062/,
2025-10-31 13:14:29-04:00,2025-10-31,13,like,Likes and Favorites.Like List.ItemFavoriteList,https://www.tiktokv.com/share/video/7567086090872491295/,
2025-10-31 13:10:44-04:00,2025-10-31,13,like,Likes and Favorites.Like List.ItemFavoriteList,https://www.tiktokv.com/share/video/7567154186178055479/,
2025-10-31 11:55:57-04:00,2025-10-31,11,like,Likes and Favorites.Like List.ItemFavoriteList,https://www.tiktokv.com/share/video/7564916003713371414/,
2025-10-31 11:55:45-04:00,2025-10-31,11,like,Likes and Favorites.Like List.ItemFavoriteList,https://www.tiktokv.com/share/video/7566742020346219790/,
2025-10-31 11:55:29-04:00,2025-10-31,11,like,Likes and Favorites.Like List.ItemFavoriteList,https://www.tiktokv.com/share/video/7566056936265829663/,
2025-10-31 11:54:04-04:00,2025-10-31,11,like,Likes and Favorites.Like List.ItemFavoriteList,https://www.tiktokv.com/share/video/7567143680260246797/,
2025-10-31 11:53:44-04:00,2025-10-31,11,like,Likes and Favorites.Like List.ItemFavoriteList,https://www.tiktokv.com/share/video/7565302298574982431/,
2025-10-31 11:53:34-04:00,2025-10-31,11,like,Likes and Favorites.Like List.ItemFavoriteList,https://www.tiktokv.com/share/video/7566808324746775815/,
2025-10-31 11:53:28-04:00,2025-10-31,11,like,Likes and Favorites.Like List.ItemFavoriteList,https://www.tiktokv.com/share/video/7552741710716062989/,
2025-10-31 11:53:18-04:00,2025-10-31,11,like,Likes and Favorites.Like List.ItemFavoriteList,https://www.tiktokv.com/share/video/7566476888319724855/,
2025-10-31 11:53:06-04:00,2025-10-31,11,like,Likes and Favorites.Like List.ItemFavoriteList,https://www.tiktokv.com/share/video/7566635422982393143/,
2025-10-31 11:52:38-04:00,2025-10-31,11,like,Likes and Favorites.Like List.ItemFavoriteList,https://www.tiktokv.com/share/video/7566689454124043522/,
2025-10-31 11:52:16-04:00,2025-10-31,11,like,Likes and Favorites.Like List.ItemFavoriteList,https://www.tiktokv.com/share/video/7566422267794672927/,
2025-10-31 11:43:01-04:00,2025-10-31,11,like,Likes and Favorites.Like List.ItemFavoriteList,https://www.tiktokv.com/share/video/7564296370828496158/,
2025-10-31 11:42:50-04:00,2025-10-31,11,like,Likes and Favorites.Like List.ItemFavoriteList,https://www.tiktokv.com/share/video/7560002942535732487/,
2025-10-31 11:42:46-04:00,2025-10-31,11,like,Likes and Favorites.Like List.ItemFavoriteList,https://www.tiktokv.com/share/video/7552834568135527710/,
2025-10-31 11:42:39-04:00,2025-10-31,11,like,Likes and Favorites.Like List.ItemFavoriteList,https://www.tiktokv.com/share/video/7553065924337716493/,
2025-10-31 11:42:21-04:00,2025-10-31,11,like,Likes and Favorites.Like List.ItemFavoriteList,https://www.tiktokv.com/share/video/7556213901990382904/,
2025-10-31 11:42:09-04:00,2025-10-31,11,like,Likes and Favorites.Like List.ItemFavoriteList,https://www.tiktokv.com/share/video/7567024338239524118/,
2025-10-31 11:42:00-04:00,2025-10-31,11,like,Likes and Favorites.Like List.ItemFavoriteList,https://www.tiktokv.com/share/video/7566810127483833655/,
2025-10-31 11:41:40-04:00,2025-10-31,11,like,Likes and Favorites.Like List.ItemFavoriteList,https://www.tiktokv.com/share/video/7562748084090916127/,
2025-10-31 11:41:26-04:00,2025-10-31,11,like,Likes and Favorites.Like List.ItemFavoriteList,https://www.tiktokv.com/share/video/7566802595914829070/,
2025-10-31 11:40:57-04:00,2025-10-31,11,like,Likes and Favorites.Like List.ItemFavoriteList,https://www.tiktokv.com/share/video/7550743053376556319/,
2025-10-31 11:40:38-04:00,2025-10-31,11,like,Likes and Favorites.Like List.ItemFavoriteList,https://www.tiktokv.com/share/video/7566253435511672078/,
2025-10-31 11:40:30-04:00,2025-10-31,11,like,Likes and Favorites.Like List.ItemFavoriteList,https://www.tiktokv.com/share/video/7563129006200016159/,
2025-10-31 11:39:44-04:00,2025-10-31,11,like,Likes and Favorites.Like List.ItemFavoriteList,https://www.tiktokv.com/share/video/7566651555257060630/,
2025-10-31 11:39:41-04:00,2025-10-31,11,like,Likes and Favorites.Like List.ItemFavoriteList,https://www.tiktokv.com/share/video/7561603996662779167/,
2025-10-31 11:39:21-04:00,2025-10-31,11,like,Likes and Favorites.Like List.ItemFavoriteList,https://www.tiktokv.com/share/video/7566643011912863007/,
2025-10-31 11:08:24-04:00,2025-10-31,11,like,Likes and Favorites.Like List.ItemFavoriteList,https://www.tiktokv.com/share/video/7566700419976596766/,
2025-10-31 11:08:10-04:00,2025-10-31,11,like,Likes and Favorites.Like List.ItemFavoriteList,https://www.tiktokv.com/share/video/7567117533984181535/,
2025-10-31 10:48:38-04:00,2025-10-31,10,like,Likes and Favorites.Like List.ItemFavoriteList,https://www.tiktokv.com/share/video/7565219874465664311/,
2025-10-31 10:48:34-04:00,2025-10-31,10,like,Likes and Favorites.Like List.ItemFavoriteList,https://www.tiktokv.com/share/video/7567202347173121287/,
2025-10-31 10:48:16-04:00,2025-10-31,10,like,Likes and Favorites.Like List.ItemFavoriteList,https://www.tiktokv.com/share/video/7566680275342691598/,
2025-10-31 10:47:44-04:00,2025-10-31,10,like,Likes and Favorites.Like List.ItemFavoriteList,https://www.tiktokv.com/share/video/7545994650591530271/,
2025-10-31 10:46:26-04:00,2025-10-31,10,like,Likes and Favorites.Like List.ItemFavoriteList,https://www.tiktokv.com/share/video/7566724503653420302/,
2025-10-31 10:44:46-04:00,2025-10-31,10,like,Likes and Favorites.Like List.ItemFavoriteList,https://www.tiktokv.com/share/video/7560439871697849602/,
2025-10-31 10:44:32-04:00,2025-10-31,10,like,Likes and Favorites.Like List.ItemFavoriteList,https://www.tiktokv.com/share/video/7549902473339620630/,
2025-10-31 10:43:16-04:00,2025-10-31,10,like,Likes and Favorites.Like List.ItemFavoriteList,https://www.tiktokv.com/share/video/7567173202498030903/,
2025-10-31 10:42:39-04:00,2025-10-31,10,like,Likes and Favorites.Like List.ItemFavoriteList,https://www.tiktokv.com/share/video/7565632074464513335/,
2025-10-31 10:42:13-04:00,2025-10-31,10,like,Likes and Favorites.Like List.ItemFavoriteList,https://www.tiktokv.com/share/video/7553072837758684430/,
2025-10-31 10:40:42-04:00,2025-10-31,10,like,Likes and Favorites.Like List.ItemFavoriteList,https://www.tiktokv.com/share/video/7549189389071486215/,
2025-10-31 10:40:30-04:00,2025-10-31,10,like,Likes and Favorites.Like List.ItemFavoriteList,https://www.tiktokv.com/share/video/7565299757392907534/,
2025-10-31 10:40:21-04:00,2025-10-31,10,like,Likes and Favorites.Like List.ItemFavoriteList,https://www.tiktokv.com/share/video/7559332694665071892/,
2025-10-31 10:40:16-04:00,2025-10-31,10,like,Likes and Favorites.Like List.ItemFavoriteList,https://www.tiktokv.com/share/video/7563755936406342934/,
2025-10-31 10:40:03-04:00,2025-10-31,10,like,Likes and Favorites.Like List.ItemFavoriteList,https://www.tiktokv.com/share/video/7566038592661785870/,
2025-10-31 10:39:03-04:00,2025-10-31,10,like,Likes and Favorites.Like List.ItemFavoriteList,https://www.tiktokv.com/share/video/7566501058252410167/,
2025-10-31 10:38:11-04:00,2025-10-31,10,like,Likes and Favorites.Like List.ItemFavoriteList,https://www.tiktokv.com/share/video/7565004565620198670/,
2025-10-31 10:37:51-04:00,2025-10-31,10,like,Likes and Favorites.Like List.ItemFavoriteList,https://www.tiktokv.com/share/video/7563555716678569237/,
2025-10-31 10:37:46-04:00,2025-10-31,10,like,Likes and Favorites.Like List.ItemFavoriteList,https://www.tiktokv.com/share/video/7567101240404970807/,
2025-10-31 10:37:13-04:00,2025-10-31,10,like,Likes and Favorites.Like List.ItemFavoriteList,https://www.tiktokv.com/share/video/7566814072264510750/,
2025-10-31 10:36:40-04:00,2025-10-31,10,like,Likes and Favorites.Like List.ItemFavoriteList,https://www.tiktokv.com/share/video/7567029727228218654/,
2025-10-31 10:36:29-04:00,2025-10-31,10,like,Likes and Favorites.Like List.ItemFavoriteList,https://www.tiktokv.com/share/video/7567045563540114701/,
2025-10-31 10:34:58-04:00,2025-10-31,10,like,Likes and Favorites.Like List.ItemFavoriteList,https://www.tiktokv.com/share/video/7567100284401372471/,
2025-10-31 10:34:22-04:00,2025-10-31,10,like,Likes and Favorites.Like List.ItemFavoriteList,https://www.tiktokv.com/share/video/7565633517770509588/,
2025-10-31 10:34:15-04:00,2025-10-31,10,like,Likes and Favorites.Like List.ItemFavoriteList,https://www.tiktokv.com/share/video/7567007355544702210/,
2025-10-31 02:54:31-04:00,2025-10-31,2,like,Likes and Favorites.Like List.ItemFavoriteList,https://www.tiktokv.com/share/video/7566713730034158878/,
2025-10-30 18:51:49-04:00,2025-10-30,18,like,Likes and Favorites.Like List.ItemFavoriteList,https://www.tiktokv.com/share/video/7545518500899458359/,
2025-10-30 18:51:38-04:00,2025-10-30,18,like,Likes and Favorites.Like List.ItemFavoriteList,https://www.tiktokv.com/share/video/7566892989067414839/,
2025-10-30 18:00:43-04:00,2025-10-30,18,like,Likes and Favorites.Like List.ItemFavoriteList,https://www.tiktokv.com/share/video/7566991330132462850/,
2025-10-30 16:03:08-04:00,2025-10-30,16,like,Likes and Favorites.Like List.ItemFavoriteList,https://www.tiktokv.com/share/video/7566717513673772318/,
2025-10-30 16:02:50-04:00,2025-10-30,16,like,Likes and Favorites.Like List.ItemFavoriteList,https://www.tiktokv.com/share/video/7566812935725534477/,
2025-10-30 15:44:27-04:00,2025-10-30,15,like,Likes and Favorites.Like List.ItemFavoriteList,https://www.tiktokv.com/share/video/7567033761817218326/,
2025-10-30 15:44:07-04:00,2025-10-30,15,like,Likes and Favorites.Like List.ItemFavoriteList,https://www.tiktokv.com/share/video/7566631238912544030/,
2025-10-30 14:47:53-04:00,2025-10-30,14,like,Likes and Favorites.Like List.ItemFavoriteList,https://www.tiktokv.com/share/video/7557214517118110990/,
2025-10-30 14:46:20-04:00,2025-10-30,14,like,Likes and Favorites.Like List.ItemFavoriteList,https://www.tiktokv.com/share/video/7566777383689243918/,
2025-10-30 14:45:57-04:00,2025-10-30,14,like,Likes and Favorites.Like List.ItemFavoriteList,https://www.tiktokv.com/share/video/7566758272066260237/,
2025-10-30 14:45:49-04:00,2025-10-30,14,like,Likes and Favorites.Like List.ItemFavoriteList,https://www.tiktokv.com/share/video/7566349854050471190/,
2025-10-30 13:29:22-04:00,2025-10-30,13,like,Likes and Favorites.Like List.ItemFavoriteList,https://www.tiktokv.com/share/video/7566690980544384278/,
2025-10-30 13:17:19-04:00,2025-10-30,13,like,Likes and Favorites.Like List.ItemFavoriteList,https://www.tiktokv.com/share/video/7566165947606764830/,
2025-10-30 13:14:36-04:00,2025-10-30,13,like,Likes and Favorites.Like List.ItemFavoriteList,https://www.tiktokv.com/share/video/7566384793525456150/,
2025-10-30 13:14:31-04:00,2025-10-30,13,like,Likes and Favorites.Like List.ItemFavoriteList,https://www.tiktokv.com/share/video/7549226806180711687/,
2025-10-30 13:13:38-04:00,2025-10-30,13,like,Likes and Favorites.Like List.ItemFavoriteList,https://www.tiktokv.com/share/video/7549980854601239864/,
2025-10-30 11:33:15-04:00,2025-10-30,11,like,Likes and Favorites.Like List.ItemFavoriteList,https://www.tiktokv.com/share/video/7566377407880498454/,
2025-10-30 11:31:21-04:00,2025-10-30,11,like,Likes and Favorites.Like List.ItemFavoriteList,https://www.tiktokv.com/share/video/7566787752394509599/,
2025-10-30 00:56:47-04:00,2025-10-30,0,like,Likes and Favorites.Like List.ItemFavoriteList,https://www.tiktokv.com/share/video/7566411768570957086/,
2025-10-29 22:27:29-04:00,2025-10-29,22,like,Likes and Favorites.Like List.ItemFavoriteList,https://www.tiktokv.com/share/video/7566401858751843639/,
2025-10-29 22:26:51-04:00,2025-10-29,22,like,Likes and Favorites.Like List.ItemFavoriteList,https://www.tiktokv.com/share/video/7564533005470027063/,
2025-10-29 22:26:41-04:00,2025-10-29,22,like,Likes and Favorites.Like List.ItemFavoriteList,https://www.tiktokv.com/share/video/7566120819101895991/,
2025-10-29 22:22:49-04:00,2025-10-29,22,like,Likes and Favorites.Like List.ItemFavoriteList,https://www.tiktokv.com/share/video/7566369753443487006/,
2025-10-29 22:21:40-04:00,2025-10-29,22,like,Likes and Favorites.Like List.ItemFavoriteList,https://www.tiktokv.com/share/video/7565461606037998870/,
2025-10-29 18:31:44-04:00,2025-10-29,18,like,Likes and Favorites.Like List.ItemFavoriteList,https://www.tiktokv.com/share/video/7566279727514799374/,
2025-10-29 17:10:47-04:00,2025-10-29,17,like,Likes and Favorites.Like List.ItemFavoriteList,https://www.tiktokv.com/share/video/7551141371524975927/,
2025-10-29 16:30:02-04:00,2025-10-29,16,like,Likes and Favorites.Like List.ItemFavoriteList,https://www.tiktokv.com/share/video/7564946234255936799/,
2025-10-29 16:29:13-04:00,2025-10-29,16,like,Likes and Favorites.Like List.ItemFavoriteList,https://www.tiktokv.com/share/video/7555297339301235999/,
2025-10-29 16:27:27-04:00,2025-10-29,16,like,Likes and Favorites.Like List.ItemFavoriteList,https://www.tiktokv.com/share/video/7565580377935318302/,
2025-10-29 16:27:10-04:00,2025-10-29,16,like,Likes and Favorites.Like List.ItemFavoriteList,https://www.tiktokv.com/share/video/7554569629767601426/,
2025-10-29 16:26:38-04:00,2025-10-29,16,like,Likes and Favorites.Like List.ItemFavoriteList,https://www.tiktokv.com/share/video/7565959796071861534/,
2025-10-29 16:13:18-04:00,2025-10-29,16,like,Likes and Favorites.Like List.ItemFavoriteList,https://www.tiktokv.com/share/video/7551430036495125791/,
2025-10-29 16:13:01-04:00,2025-10-29,16,like,Likes and Favorites.Like List.ItemFavoriteList,https://www.tiktokv.com/share/video/7566434387290606868/,
2025-10-29 16:12:41-04:00,2025-10-29,16,like,Likes and Favorites.Like List.ItemFavoriteList,https://www.tiktokv.com/share/video/7566027941193190678/,
2025-10-29 16:12:19-04:00,2025-10-29,16,like,Likes and Favorites.Like List.ItemFavoriteList,https://www.tiktokv.com/share/video/7566432395512007967/,
2025-10-29 16:11:05-04:00,2025-10-29,16,like,Likes and Favorites.Like List.ItemFavoriteList,https://www.tiktokv.com/share/video/7561510849895091469/,
2025-10-29 16:10:23-04:00,2025-10-29,16,like,Likes and Favorites.Like List.ItemFavoriteList,https://www.tiktokv.com/share/video/7555359530951904525/,
2025-10-29 16:09:50-04:00,2025-10-29,16,like,Likes and Favorites.Like List.ItemFavoriteList,https://www.tiktokv.com/share/video/7545603825105669406/,
2025-10-29 16:09:22-04:00,2025-10-29,16,like,Likes and Favorites.Like List.ItemFavoriteList,https://www.tiktokv.com/share/video/7566009385089060118/,
2025-10-29 16:09:06-04:00,2025-10-29,16,like,Likes and Favorites.Like List.ItemFavoriteList,https://www.tiktokv.com/share/video/7325893150889757958/,
2025-10-29 16:06:12-04:00,2025-10-29,16,like,Likes and Favorites.Like List.ItemFavoriteList,https://www.tiktokv.com/share/video/7565307090990943501/,
2025-10-29 15:50:13-04:00,2025-10-29,15,like,Likes and Favorites.Like List.ItemFavoriteList,https://www.tiktokv.com/share/video/7566373936221506838/,
2025-10-29 15:48:03-04:00,2025-10-29,15,like,Likes and Favorites.Like List.ItemFavoriteList,https://www.tiktokv.com/share/video/7566373472285232391/,
2025-10-29 14:55:18-04:00,2025-10-29,14,like,Likes and Favorites.Like List.ItemFavoriteList,https://www.tiktokv.com/share/video/7564605743861665055/,
2025-10-29 14:55:07-04:00,2025-10-29,14,like,Likes and Favorites.Like List.ItemFavoriteList,https://www.tiktokv.com/share/video/7564132744079379725/,
2025-10-29 14:55:03-04:00,2025-10-29,14,like,Likes and Favorites.Like List.ItemFavoriteList,https://www.tiktokv.com/share/video/7555236307027447053/,
2025-10-29 14:54:32-04:00,2025-10-29,14,like,Likes and Favorites.Like List.ItemFavoriteList,https://www.tiktokv.com/share/video/7566653828037102878/,
2025-10-29 14:39:21-04:00,2025-10-29,14,like,Likes and Favorites.Like List.ItemFavoriteList,https://www.tiktokv.com/share/video/7565364107705093389/,
2025-10-29 14:37:30-04:00,2025-10-29,14,like,Likes and Favorites.Like List.ItemFavoriteList,https://www.tiktokv.com/share/video/7540703626201730335/,
2025-10-29 14:34:53-04:00,2025-10-29,14,like,Likes and Favorites.Like List.ItemFavoriteList,https://www.tiktokv.com/share/video/7554507845731912990/,
2025-10-29 14:33:13-04:00,2025-10-29,14,like,Likes and Favorites.Like List.ItemFavoriteList,https://www.tiktokv.com/share/video/7565743188938476855/,
2025-10-29 14:33:04-04:00,2025-10-29,14,like,Likes and Favorites.Like List.ItemFavoriteList,https://www.tiktokv.com/share/video/7562898478196591892/,
2025-10-29 14:31:26-04:00,2025-10-29,14,like,Likes and Favorites.Like List.ItemFavoriteList,https://www.tiktokv.com/share/video/7566341557654244663/,
2025-10-29 13:23:47-04:00,2025-10-29,13,like,Likes and Favorites.Like List.ItemFavoriteList,https://www.tiktokv.com/share/video/7554419635202837773/,
2025-10-29 13:20:25-04:00,2025-10-29,13,like,Likes and Favorites.Like List.ItemFavoriteList,https://www.tiktokv.com/share/video/7560728119435349261/,
2025-10-29 13:19:41-04:00,2025-10-29,13,like,Likes and Favorites.Like List.ItemFavoriteList,https://www.tiktokv.com/share/video/7566534828917574926/,
2025-10-29 13:18:58-04:00,2025-10-29,13,like,Likes and Favorites.Like List.ItemFavoriteList,https://www.tiktokv.com/share/video/7563098490163694879/,
2025-10-29 13:18:00-04:00,2025-10-29,13,like,Likes and Favorites.Like List.ItemFavoriteList,https://www.tiktokv.com/share/video/7566680925799550239/,
2025-10-29 08:51:18-04:00,2025-10-29,8,like,Likes and Favorites.Like List.ItemFavoriteList,https://www.tiktokv.com/share/video/7565535150549912862/,
2025-10-29 02:20:05-04:00,2025-10-29,2,like,Likes and Favorites.Like List.ItemFavoriteList,https://www.tiktokv.com/share/video/7564163404429004087/,
2025-10-29 02:20:00-04:00,2025-10-29,2,like,Likes and Favorites.Like List.ItemFavoriteList,https://www.tiktokv.com/share/video/7561855408898379039/,
2025-10-29 02:15:48-04:00,2025-10-29,2,like,Likes and Favorites.Like List.ItemFavoriteList,https://www.tiktokv.com/share/video/7566410845245295902/,
2025-10-29 02:15:27-04:00,2025-10-29,2,like,Likes and Favorites.Like List.ItemFavoriteList,https://www.tiktokv.com/share/video/7566008224130911543/,
2025-10-29 00:35:13-04:00,2025-10-29,0,like,Likes and Favorites.Like List.ItemFavoriteList,https://www.tiktokv.com/share/video/7551938073622367502/,
2025-10-28 16:51:56-04:00,2025-10-28,16,like,Likes and Favorites.Like List.ItemFavoriteList,https://www.tiktokv.com/share/video/7551534577810935070/,
2025-10-28 16:46:59-04:00,2025-10-28,16,like,Likes and Favorites.Like List.ItemFavoriteList,https://www.tiktokv.com/share/video/7546706449695558967/,
2025-10-28 16:46:16-04:00,2025-10-28,16,like,Likes and Favorites.Like List.ItemFavoriteList,https://www.tiktokv.com/share/video/7564546621262793997/,
2025-10-28 16:44:44-04:00,2025-10-28,16,like,Likes and Favorites.Like List.ItemFavoriteList,https://www.tiktokv.com/share/video/7561294019259583757/,
2025-10-28 16:42:32-04:00,2025-10-28,16,like,Likes and Favorites.Like List.ItemFavoriteList,https://www.tiktokv.com/share/video/7565214413603507511/,
2025-10-28 16:40:53-04:00,2025-10-28,16,like,Likes and Favorites.Like List.ItemFavoriteList,https://www.tiktokv.com/share/video/7566365732754230583/,
2025-10-28 16:40:00-04:00,2025-10-28,16,like,Likes and Favorites.Like List.ItemFavoriteList,https://www.tiktokv.com/share/video/7566102710496365838/,
2025-10-28 16:38:36-04:00,2025-10-28,16,like,Likes and Favorites.Like List.ItemFavoriteList,https://www.tiktokv.com/share/video/7566020336253259039/,
2025-10-28 16:34:20-04:00,2025-10-28,16,like,Likes and Favorites.Like List.ItemFavoriteList,https://www.tiktokv.com/share/video/7566221160468335894/,
2025-10-28 16:33:43-04:00,2025-10-28,16,like,Likes and Favorites.Like List.ItemFavoriteList,https://www.tiktokv.com/share/video/7565765174930591031/,
2025-10-28 16:31:09-04:00,2025-10-28,16,like,Likes and Favorites.Like List.ItemFavoriteList,https://www.tiktokv.com/share/video/7545260489937407245/,
2025-10-28 16:29:36-04:00,2025-10-28,16,like,Likes and Favorites.Like List.ItemFavoriteList,https://www.tiktokv.com/share/video/7566287670176009502/,
2025-10-28 16:29:08-04:00,2025-10-28,16,like,Likes and Favorites.Like List.ItemFavoriteList,https://www.tiktokv.com/share/video/7554760566838021431/,
2025-10-28 15:37:02-04:00,2025-10-28,15,like,Likes and Favorites.Like List.ItemFavoriteList,https://www.tiktokv.com/share/video/7566051579284000013/,
2025-10-28 15:35:42-04:00,2025-10-28,15,like,Likes and Favorites.Like List.ItemFavoriteList,https://www.tiktokv.com/share/video/7566133396229999889/,
2025-10-28 15:32:05-04:00,2025-10-28,15,like,Likes and Favorites.Like List.ItemFavoriteList,https://www.tiktokv.com/share/video/7566002811494829367/,
2025-10-28 15:29:39-04:00,2025-10-28,15,like,Likes and Favorites.Like List.ItemFavoriteList,https://www.tiktokv.com/share/video/7559644418966424846/,
2025-10-28 15:29:31-04:00,2025-10-28,15,like,Likes and Favorites.Like List.ItemFavoriteList,https://www.tiktokv.com/share/video/7565360478747102519/,
2025-10-28 15:29:21-04:00,2025-10-28,15,like,Likes and Favorites.Like List.ItemFavoriteList,https://www.tiktokv.com/share/video/7566069400592239885/,
2025-10-28 15:28:43-04:00,2025-10-28,15,like,Likes and Favorites.Like List.ItemFavoriteList,https://www.tiktokv.com/share/video/7566253907387698463/,
2025-10-28 15:24:43-04:00,2025-10-28,15,like,Likes and Favorites.Like List.ItemFavoriteList,https://www.tiktokv.com/share/video/7566140452072606997/,
2025-10-28 15:13:17-04:00,2025-10-28,15,like,Likes and Favorites.Like List.ItemFavoriteList,https://www.tiktokv.com/share/video/7565684913656057143/,
2025-10-28 15:03:35-04:00,2025-10-28,15,like,Likes and Favorites.Like List.ItemFavoriteList,https://www.tiktokv.com/share/video/7546342155560881421/,
2025-10-28 14:38:07-04:00,2025-10-28,14,like,Likes and Favorites.Like List.ItemFavoriteList,https://www.tiktokv.com/share/video/7565957837596167479/,
2025-10-28 14:37:08-04:00,2025-10-28,14,like,Likes and Favorites.Like List.ItemFavoriteList,https://www.tiktokv.com/share/video/7565629942248000799/,
2025-10-27 23:04:37-04:00,2025-10-27,23,like,Likes and Favorites.Like List.ItemFavoriteList,https://www.tiktokv.com/share/video/7566036029669379336/,
2025-10-27 22:03:22-04:00,2025-10-27,22,like,Likes and Favorites.Like List.ItemFavoriteList,https://www.tiktokv.com/share/video/7565762502466800910/,
2025-10-27 22:03:07-04:00,2025-10-27,22,like,Likes and Favorites.Like List.ItemFavoriteList,https://www.tiktokv.com/share/video/7563364758162820370/,
2025-10-27 21:57:59-04:00,2025-10-27,21,like,Likes and Favorites.Like List.ItemFavoriteList,https://www.tiktokv.com/share/video/7561098551179103501/,
2025-10-27 21:57:42-04:00,2025-10-27,21,like,Likes and Favorites.Like List.ItemFavoriteList,https://www.tiktokv.com/share/video/7565304900003958046/,
2025-10-27 21:57:30-04:00,2025-10-27,21,like,Likes and Favorites.Like List.ItemFavoriteList,https://www.tiktokv.com/share/video/7564895347617713422/,
2025-10-27 21:57:13-04:00,2025-10-27,21,like,Likes and Favorites.Like List.ItemFavoriteList,https://www.tiktokv.com/share/video/7565329443569339661/,
2025-10-27 19:38:35-04:00,2025-10-27,19,like,Likes and Favorites.Like List.ItemFavoriteList,https://www.tiktokv.com/share/video/7565274479203601719/,
2025-10-27 19:32:28-04:00,2025-10-27,19,like,Likes and Favorites.Like List.ItemFavoriteList,https://www.tiktokv.com/share/video/7563668307035917599/,
2025-10-27 19:31:26-04:00,2025-10-27,19,like,Likes and Favorites.Like List.ItemFavoriteList,https://www.tiktokv.com/share/video/7565773882167282975/,
2025-10-27 19:30:19-04:00,2025-10-27,19,like,Likes and Favorites.Like List.ItemFavoriteList,https://www.tiktokv.com/share/video/7564872296515587358/,
2025-10-27 19:28:47-04:00,2025-10-27,19,like,Likes and Favorites.Like List.ItemFavoriteList,https://www.tiktokv.com/share/video/7544139029751598391/,
2025-10-27 19:28:43-04:00,2025-10-27,19,like,Likes and Favorites.Like List.ItemFavoriteList,https://www.tiktokv.com/share/video/7562739397968317727/,
2025-10-27 19:23:08-04:00,2025-10-27,19,like,Likes and Favorites.Like List.ItemFavoriteList,https://www.tiktokv.com/share/video/7565202951287967006/,
2025-10-27 19:22:52-04:00,2025-10-27,19,like,Likes and Favorites.Like List.ItemFavoriteList,https://www.tiktokv.com/share/video/7554449761785449741/,
2025-10-27 19:20:35-04:00,2025-10-27,19,like,Likes and Favorites.Like List.ItemFavoriteList,https://www.tiktokv.com/share/video/7565748594821614862/,
2025-10-27 19:20:22-04:00,2025-10-27,19,like,Likes and Favorites.Like List.ItemFavoriteList,https://www.tiktokv.com/share/video/7561041783975611678/,
2025-10-27 19:18:56-04:00,2025-10-27,19,like,Likes and Favorites.Like List.ItemFavoriteList,https://www.tiktokv.com/share/video/7554579795376377144/,
2025-10-27 19:18:18-04:00,2025-10-27,19,like,Likes and Favorites.Like List.ItemFavoriteList,https://www.tiktokv.com/share/video/7565002113839893774/,
2025-10-27 19:18:12-04:00,2025-10-27,19,like,Likes and Favorites.Like List.ItemFavoriteList,https://www.tiktokv.com/share/video/7564672829199797535/,
2025-10-27 19:17:53-04:00,2025-10-27,19,like,Likes and Favorites.Like List.ItemFavoriteList,https://www.tiktokv.com/share/video/7564446710349565215/,
2025-10-27 19:17:46-04:00,2025-10-27,19,like,Likes and Favorites.Like List.ItemFavoriteList,https://www.tiktokv.com/share/video/7565369657985715469/,
2025-10-27 19:16:43-04:00,2025-10-27,19,like,Likes and Favorites.Like List.ItemFavoriteList,https://www.tiktokv.com/share/video/7565692416691375378/,
2025-10-27 19:16:31-04:00,2025-10-27,19,like,Likes and Favorites.Like List.ItemFavoriteList,https://www.tiktokv.com/share/video/7544626699120479518/,
2025-10-27 19:16:21-04:00,2025-10-27,19,like,Likes and Favorites.Like List.ItemFavoriteList,https://www.tiktokv.com/share/video/7560065329934732557/,
2025-10-27 19:15:52-04:00,2025-10-27,19,like,Likes and Favorites.Like List.ItemFavoriteList,https://www.tiktokv.com/share/video/7564965002994601230/,
2025-10-27 19:15:29-04:00,2025-10-27,19,like,Likes and Favorites.Like List.ItemFavoriteList,https://www.tiktokv.com/share/video/7565165118011477303/,
2025-10-27 19:14:26-04:00,2025-10-27,19,like,Likes and Favorites.Like List.ItemFavoriteList,https://www.tiktokv.com/share/video/7565698753420660023/,
2025-10-27 19:13:52-04:00,2025-10-27,19,like,Likes and Favorites.Like List.ItemFavoriteList,https://www.tiktokv.com/share/video/7551603250328243469/,
2025-10-27 19:13:45-04:00,2025-10-27,19,like,Likes and Favorites.Like List.ItemFavoriteList,https://www.tiktokv.com/share/video/7565297530120981773/,
2025-10-27 19:13:07-04:00,2025-10-27,19,like,Likes and Favorites.Like List.ItemFavoriteList,https://www.tiktokv.com/share/video/7561231989488110862/,
2025-10-27 19:12:40-04:00,2025-10-27,19,like,Likes and Favorites.Like List.ItemFavoriteList,https://www.tiktokv.com/share/video/7565250330682838327/,
2025-10-27 19:12:25-04:00,2025-10-27,19,like,Likes and Favorites.Like List.ItemFavoriteList,https://www.tiktokv.com/share/video/7565374240665505079/,
2025-10-27 19:12:17-04:00,2025-10-27,19,like,Likes and Favorites.Like List.ItemFavoriteList,https://www.tiktokv.com/share/video/7566017702670699790/,
2025-10-27 19:10:53-04:00,2025-10-27,19,like,Likes and Favorites.Like List.ItemFavoriteList,https://www.tiktokv.com/share/video/7562434862792133918/,
2025-10-27 19:10:01-04:00,2025-10-27,19,like,Likes and Favorites.Like List.ItemFavoriteList,https://www.tiktokv.com/share/video/7560437964589878539/,
2025-10-27 19:09:19-04:00,2025-10-27,19,like,Likes and Favorites.Like List.ItemFavoriteList,https://www.tiktokv.com/share/video/7565577751332179230/,
2025-10-27 19:08:31-04:00,2025-10-27,19,like,Likes and Favorites.Like List.ItemFavoriteList,https://www.tiktokv.com/share/video/7564971483164855566/,
2025-10-27 19:07:59-04:00,2025-10-27,19,like,Likes and Favorites.Like List.ItemFavoriteList,https://www.tiktokv.com/share/video/7565555419947601160/,
2025-10-27 19:07:50-04:00,2025-10-27,19,like,Likes and Favorites.Like List.ItemFavoriteList,https://www.tiktokv.com/share/video/7545441435529530654/,
2025-10-27 19:03:49-04:00,2025-10-27,19,like,Likes and Favorites.Like List.ItemFavoriteList,https://www.tiktokv.com/share/video/7565675888545729805/,
2025-10-27 19:03:08-04:00,2025-10-27,19,like,Likes and Favorites.Like List.ItemFavoriteList,https://www.tiktokv.com/share/video/7565334160852651282/,
2025-10-27 19:01:10-04:00,2025-10-27,19,like,Likes and Favorites.Like List.ItemFavoriteList,https://www.tiktokv.com/share/video/7557850463526243614/,
2025-10-27 18:59:33-04:00,2025-10-27,18,like,Likes and Favorites.Like List.ItemFavoriteList,https://www.tiktokv.com/share/video/7565682334641442061/,
2025-10-27 18:57:58-04:00,2025-10-27,18,like,Likes and Favorites.Like List.ItemFavoriteList,https://www.tiktokv.com/share/video/7565931159515925773/,
2025-10-27 18:57:23-04:00,2025-10-27,18,like,Likes and Favorites.Like List.ItemFavoriteList,https://www.tiktokv.com/share/video/7561461099124575543/,
2025-10-27 18:57:05-04:00,2025-10-27,18,like,Likes and Favorites.Like List.ItemFavoriteList,https://www.tiktokv.com/share/video/7550770658242809101/,
2025-10-27 15:57:18-04:00,2025-10-27,15,like,Likes and Favorites.Like List.ItemFavoriteList,https://www.tiktokv.com/share/video/7559638802461986103/,
2025-10-27 15:55:12-04:00,2025-10-27,15,like,Likes and Favorites.Like List.ItemFavoriteList,https://www.tiktokv.com/share/video/7565151016149175566/,
2025-10-27 15:54:46-04:00,2025-10-27,15,like,Likes and Favorites.Like List.ItemFavoriteList,https://www.tiktokv.com/share/video/7545914001352428831/,
2025-10-27 15:44:13-04:00,2025-10-27,15,like,Likes and Favorites.Like List.ItemFavoriteList,https://www.tiktokv.com/share/video/7557534334270344461/,
2025-10-27 15:43:07-04:00,2025-10-27,15,like,Likes and Favorites.Like List.ItemFavoriteList,https://www.tiktokv.com/share/video/7557215263809080589/,
2025-10-27 15:43:02-04:00,2025-10-27,15,like,Likes and Favorites.Like List.ItemFavoriteList,https://www.tiktokv.com/share/video/7556426865229991181/,
2025-10-27 15:41:41-04:00,2025-10-27,15,like,Likes and Favorites.Like List.ItemFavoriteList,https://www.tiktokv.com/share/video/7565349608164052279/,
2025-10-27 15:40:03-04:00,2025-10-27,15,like,Likes and Favorites.Like List.ItemFavoriteList,https://www.tiktokv.com/share/video/7565710102091549965/,
2025-10-27 15:39:56-04:00,2025-10-27,15,like,Likes and Favorites.Like List.ItemFavoriteList,https://www.tiktokv.com/share/video/7565977604751150367/,
2025-10-27 15:39:14-04:00,2025-10-27,15,like,Likes and Favorites.Like List.ItemFavoriteList,https://www.tiktokv.com/share/video/7545642079347658015/,
2025-10-27 15:35:50-04:00,2025-10-27,15,like,Likes and Favorites.Like List.ItemFavoriteList,https://www.tiktokv.com/share/video/7565654098561846542/,
2025-10-27 15:35:27-04:00,2025-10-27,15,like,Likes and Favorites.Like List.ItemFavoriteList,https://www.tiktokv.com/share/video/7565356854243544334/,
2025-10-27 15:33:27-04:00,2025-10-27,15,like,Likes and Favorites.Like List.ItemFavoriteList,https://www.tiktokv.com/share/video/7556627494439275807/,
2025-10-27 14:58:06-04:00,2025-10-27,14,like,Likes and Favorites.Like List.ItemFavoriteList,https://www.tiktokv.com/share/video/7548921616546172174/,
2025-10-27 14:50:43-04:00,2025-10-27,14,like,Likes and Favorites.Like List.ItemFavoriteList,https://www.tiktokv.com/share/video/7564531785435008270/,
2025-10-27 14:49:36-04:00,2025-10-27,14,like,Likes and Favorites.Like List.ItemFavoriteList,https://www.tiktokv.com/share/video/7560140525626559775/,
2025-10-27 14:45:13-04:00,2025-10-27,14,like,Likes and Favorites.Like List.ItemFavoriteList,https://www.tiktokv.com/share/video/7556789458058710303/,
2025-10-27 14:44:58-04:00,2025-10-27,14,like,Likes and Favorites.Like List.ItemFavoriteList,https://www.tiktokv.com/share/video/7565646595061009695/,
2025-10-27 14:43:53-04:00,2025-10-27,14,like,Likes and Favorites.Like List.ItemFavoriteList,https://www.tiktokv.com/share/video/7564897660809923854/,
2025-10-27 14:43:04-04:00,2025-10-27,14,like,Likes and Favorites.Like List.ItemFavoriteList,https://www.tiktokv.com/share/video/7564906604504599821/,
2025-10-27 14:05:48-04:00,2025-10-27,14,like,Likes and Favorites.Like List.ItemFavoriteList,https://www.tiktokv.com/share/video/7564598342949293367/,
2025-10-27 14:05:27-04:00,2025-10-27,14,like,Likes and Favorites.Like List.ItemFavoriteList,https://www.tiktokv.com/share/video/7563163346778721566/,
2025-10-27 14:04:24-04:00,2025-10-27,14,like,Likes and Favorites.Like List.ItemFavoriteList,https://www.tiktokv.com/share/video/7560393900502863134/,
2025-10-27 14:02:09-04:00,2025-10-27,14,like,Likes and Favorites.Like List.ItemFavoriteList,https://www.tiktokv.com/share/video/7565224105780235533/,
2025-10-27 14:00:50-04:00,2025-10-27,14,like,Likes and Favorites.Like List.ItemFavoriteList,https://www.tiktokv.com/share/video/7565582808169663758/,
2025-10-27 13:47:46-04:00,2025-10-27,13,like,Likes and Favorites.Like List.ItemFavoriteList,https://www.tiktokv.com/share/video/7557808646881643790/,
2025-10-27 13:47:03-04:00,2025-10-27,13,like,Likes and Favorites.Like List.ItemFavoriteList,https://www.tiktokv.com/share/video/7557784358480858381/,
2025-10-27 13:34:56-04:00,2025-10-27,13,like,Likes and Favorites.Like List.ItemFavoriteList,https://www.tiktokv.com/share/video/7565758936461167885/,
2025-10-27 13:34:43-04:00,2025-10-27,13,like,Likes and Favorites.Like List.ItemFavoriteList,https://www.tiktokv.com/share/video/7565259565659393311/,
2025-10-27 12:34:57-04:00,2025-10-27,12,like,Likes and Favorites.Like List.ItemFavoriteList,https://www.tiktokv.com/share/video/7552572270590414093/,
2025-10-27 12:34:02-04:00,2025-10-27,12,like,Likes and Favorites.Like List.ItemFavoriteList,https://www.tiktokv.com/share/video/7549186316785716535/,
2025-10-27 12:31:58-04:00,2025-10-27,12,like,Likes and Favorites.Like List.ItemFavoriteList,https://www.tiktokv.com/share/video/7555267913125481742/,
2025-10-27 12:31:13-04:00,2025-10-27,12,like,Likes and Favorites.Like List.ItemFavoriteList,https://www.tiktokv.com/share/video/7554241876988022046/,
2025-10-27 12:30:12-04:00,2025-10-27,12,like,Likes and Favorites.Like List.ItemFavoriteList,https://www.tiktokv.com/share/video/7563064415113792823/,
2025-10-27 12:29:47-04:00,2025-10-27,12,like,Likes and Favorites.Like List.ItemFavoriteList,https://www.tiktokv.com/share/video/7564863143021726990/,
2025-10-27 12:27:24-04:00,2025-10-27,12,like,Likes and Favorites.Like List.ItemFavoriteList,https://www.tiktokv.com/share/video/7565312973472943415/,
2025-10-27 12:26:49-04:00,2025-10-27,12,like,Likes and Favorites.Like List.ItemFavoriteList,https://www.tiktokv.com/share/video/7548869937805151518/,
2025-10-27 12:26:01-04:00,2025-10-27,12,like,Likes and Favorites.Like List.ItemFavoriteList,https://www.tiktokv.com/share/video/7556320437681081613/,
2025-10-27 12:24:18-04:00,2025-10-27,12,like,Likes and Favorites.Like List.ItemFavoriteList,https://www.tiktokv.com/share/video/7544225549665766686/,
2025-10-27 12:23:53-04:00,2025-10-27,12,like,Likes and Favorites.Like List.ItemFavoriteList,https://www.tiktokv.com/share/video/7551276348862516511/,
2025-10-27 12:21:35-04:00,2025-10-27,12,like,Likes and Favorites.Like List.ItemFavoriteList,https://www.tiktokv.com/share/video/7565664910173162783/,
2025-10-27 12:21:05-04:00,2025-10-27,12,like,Likes and Favorites.Like List.ItemFavoriteList,https://www.tiktokv.com/share/video/7557436931533966647/,
2025-10-27 12:20:47-04:00,2025-10-27,12,like,Likes and Favorites.Like List.ItemFavoriteList,https://www.tiktokv.com/share/video/7550374895436287263/,
2025-10-27 12:19:37-04:00,2025-10-27,12,like,Likes and Favorites.Like List.ItemFavoriteList,https://www.tiktokv.com/share/video/7565654255357545741/,
2025-10-27 12:18:26-04:00,2025-10-27,12,like,Likes and Favorites.Like List.ItemFavoriteList,https://www.tiktokv.com/share/video/7565641193955052831/,
2025-10-27 12:09:53-04:00,2025-10-27,12,like,Likes and Favorites.Like List.ItemFavoriteList,https://www.tiktokv.com/share/video/7559743331836742967/,
2025-10-27 12:09:36-04:00,2025-10-27,12,like,Likes and Favorites.Like List.ItemFavoriteList,https://www.tiktokv.com/share/video/7564640577694862622/,
2025-10-27 12:03:03-04:00,2025-10-27,12,like,Likes and Favorites.Like List.ItemFavoriteList,https://www.tiktokv.com/share/video/7555159772866104606/,
2025-10-27 12:00:57-04:00,2025-10-27,12,like,Likes and Favorites.Like List.ItemFavoriteList,https://www.tiktokv.com/share/video/7564031618764049695/,
2025-10-27 11:59:59-04:00,2025-10-27,11,like,Likes and Favorites.Like List.ItemFavoriteList,https://www.tiktokv.com/share/video/7561834507159063863/,
2025-10-27 11:58:31-04:00,2025-10-27,11,like,Likes and Favorites.Like List.ItemFavoriteList,https://www.tiktokv.com/share/video/7555185222963186999/,
2025-10-27 11:13:57-04:00,2025-10-27,11,like,Likes and Favorites.Like List.ItemFavoriteList,https://www.tiktokv.com/share/video/7565621062436687159/,
2025-10-27 11:13:27-04:00,2025-10-27,11,like,Likes and Favorites.Like List.ItemFavoriteList,https://www.tiktokv.com/share/video/7558251455816207630/,
2025-10-27 11:09:52-04:00,2025-10-27,11,like,Likes and Favorites.Like List.ItemFavoriteList,https://www.tiktokv.com/share/video/7556662207828856095/,
2025-10-27 10:46:06-04:00,2025-10-27,10,like,Likes and Favorites.Like List.ItemFavoriteList,https://www.tiktokv.com/share/video/7565510798106316062/,
2025-10-27 10:45:29-04:00,2025-10-27,10,like,Likes and Favorites.Like List.ItemFavoriteList,https://www.tiktokv.com/share/video/7557997135606713630/,
2025-10-27 10:43:53-04:00,2025-10-27,10,like,Likes and Favorites.Like List.ItemFavoriteList,https://www.tiktokv.com/share/video/7557070353235856670/,
2025-10-27 10:38:02-04:00,2025-10-27,10,like,Likes and Favorites.Like List.ItemFavoriteList,https://www.tiktokv.com/share/video/7565680874725903647/,
2025-10-27 10:36:52-04:00,2025-10-27,10,like,Likes and Favorites.Like List.ItemFavoriteList,https://www.tiktokv.com/share/video/7556238755179285774/,
2025-10-27 10:34:56-04:00,2025-10-27,10,like,Likes and Favorites.Like List.ItemFavoriteList,https://www.tiktokv.com/share/video/7565314636367531295/,
2025-10-27 10:32:11-04:00,2025-10-27,10,like,Likes and Favorites.Like List.ItemFavoriteList,https://www.tiktokv.com/share/video/7561238204368637215/,
2025-10-27 10:31:16-04:00,2025-10-27,10,like,Likes and Favorites.Like List.ItemFavoriteList,https://www.tiktokv.com/share/video/7565670107494599950/,
2025-10-27 09:59:25-04:00,2025-10-27,9,like,Likes and Favorites.Like List.ItemFavoriteList,https://www.tiktokv.com/share/video/7565695884927798558/,
2025-10-27 09:59:18-04:00,2025-10-27,9,like,Likes and Favorites.Like List.ItemFavoriteList,https://www.tiktokv.com/share/video/7565478935308340502/,
2025-10-27 09:58:14-04:00,2025-10-27,9,like,Likes and Favorites.Like List.ItemFavoriteList,https://www.tiktokv.com/share/video/7565096232478149943/,
2025-10-27 09:26:23-04:00,2025-10-27,9,like,Likes and Favorites.Like List.ItemFavoriteList,https://www.tiktokv.com/share/video/7554253069068848397/,
2025-10-27 09:22:37-04:00,2025-10-27,9,like,Likes and Favorites.Like List.ItemFavoriteList,https://www.tiktokv.com/share/video/7565689394066197815/,
2025-10-27 09:21:34-04:00,2025-10-27,9,like,Likes and Favorites.Like List.ItemFavoriteList,https://www.tiktokv.com/share/video/7563882280452705591/,
2025-10-27 02:00:02-04:00,2025-10-27,2,like,Likes and Favorites.Like List.ItemFavoriteList,https://www.tiktokv.com/share/video/7544149932018617630/,
2025-10-27 01:58:41-04:00,2025-10-27,1,like,Likes and Favorites.Like List.ItemFavoriteList,https://www.tiktokv.com/share/video/7564782918061526327/,
2025-10-27 01:55:12-04:00,2025-10-27,1,like,Likes and Favorites.Like List.ItemFavoriteList,https://www.tiktokv.com/share/video/7560148404391775502/,
2025-10-27 01:51:25-04:00,2025-10-27,1,like,Likes and Favorites.Like List.ItemFavoriteList,https://www.tiktokv.com/share/video/7565610981557095710/,
2025-10-27 01:50:40-04:00,2025-10-27,1,like,Likes and Favorites.Like List.ItemFavoriteList,https://www.tiktokv.com/share/video/7565258944701074719/,
2025-10-27 01:49:32-04:00,2025-10-27,1,like,Likes and Favorites.Like List.ItemFavoriteList,https://www.tiktokv.com/share/video/7564905675973807391/,
2025-10-27 01:48:43-04:00,2025-10-27,1,like,Likes and Favorites.Like List.ItemFavoriteList,https://www.tiktokv.com/share/video/7565641883779599647/,
2025-10-27 01:47:14-04:00,2025-10-27,1,like,Likes and Favorites.Like List.ItemFavoriteList,https://www.tiktokv.com/share/video/7565323730742693175/,
2025-10-27 01:05:49-04:00,2025-10-27,1,like,Likes and Favorites.Like List.ItemFavoriteList,https://www.tiktokv.com/share/video/7555952320572411166/,
2025-10-27 01:04:54-04:00,2025-10-27,1,like,Likes and Favorites.Like List.ItemFavoriteList,https://www.tiktokv.com/share/video/7550828830995402039/,
2025-10-27 00:57:20-04:00,2025-10-27,0,like,Likes and Favorites.Like List.ItemFavoriteList,https://www.tiktokv.com/share/video/7564524933422878007/,
2025-10-27 00:56:29-04:00,2025-10-27,0,like,Likes and Favorites.Like List.ItemFavoriteList,https://www.tiktokv.com/share/video/7563758808858709279/,
2025-10-27 00:56:11-04:00,2025-10-27,0,like,Likes and Favorites.Like List.ItemFavoriteList,https://www.tiktokv.com/share/video/7563566441786658103/,
2025-10-27 00:55:01-04:00,2025-10-27,0,like,Likes and Favorites.Like List.ItemFavoriteList,https://www.tiktokv.com/share/video/7565706819205729550/,
2025-10-26 22:03:20-04:00,2025-10-26,22,like,Likes and Favorites.Like List.ItemFavoriteList,https://www.tiktokv.com/share/video/7552551892283444511/,
2025-10-26 21:54:33-04:00,2025-10-26,21,like,Likes and Favorites.Like List.ItemFavoriteList,https://www.tiktokv.com/share/video/7552549975079537951/,
2025-10-26 21:48:46-04:00,2025-10-26,21,like,Likes and Favorites.Like List.ItemFavoriteList,https://www.tiktokv.com/share/video/7565257959031262519/,
2025-10-26 20:03:25-04:00,2025-10-26,20,like,Likes and Favorites.Like List.ItemFavoriteList,https://www.tiktokv.com/share/video/7554535171429567774/,
2025-10-26 20:02:02-04:00,2025-10-26,20,like,Likes and Favorites.Like List.ItemFavoriteList,https://www.tiktokv.com/share/video/7564182553771511070/,
2025-10-26 20:00:24-04:00,2025-10-26,20,like,Likes and Favorites.Like List.ItemFavoriteList,https://www.tiktokv.com/share/video/7564705329154444599/,
2025-10-26 20:00:16-04:00,2025-10-26,20,like,Likes and Favorites.Like List.ItemFavoriteList,https://www.tiktokv.com/share/video/7564630417807052046/,
2025-10-26 19:59:23-04:00,2025-10-26,19,like,Likes and Favorites.Like List.ItemFavoriteList,https://www.tiktokv.com/share/video/7552916033951042847/,
2025-10-26 19:58:19-04:00,2025-10-26,19,like,Likes and Favorites.Like List.ItemFavoriteList,https://www.tiktokv.com/share/video/7565235025239723295/,
2025-10-26 19:57:34-04:00,2025-10-26,19,like,Likes and Favorites.Like List.ItemFavoriteList,https://www.tiktokv.com/share/video/7564894732527095095/,
2025-10-26 11:09:46-04:00,2025-10-26,11,like,Likes and Favorites.Like List.ItemFavoriteList,https://www.tiktokv.com/share/video/7560341555651808567/,
2025-10-26 11:09:24-04:00,2025-10-26,11,like,Likes and Favorites.Like List.ItemFavoriteList,https://www.tiktokv.com/share/video/7565021015235906829/,
2025-10-26 11:07:28-04:00,2025-10-26,11,like,Likes and Favorites.Like List.ItemFavoriteList,https://www.tiktokv.com/share/video/7563467117400444190/,
2025-10-26 11:06:53-04:00,2025-10-26,11,like,Likes and Favorites.Like List.ItemFavoriteList,https://www.tiktokv.com/share/video/7551907253192756535/,
2025-10-26 11:03:57-04:00,2025-10-26,11,like,Likes and Favorites.Like List.ItemFavoriteList,https://www.tiktokv.com/share/video/7554865565555248414/,
2025-10-26 11:03:45-04:00,2025-10-26,11,like,Likes and Favorites.Like List.ItemFavoriteList,https://www.tiktokv.com/share/video/7565015218930060574/,
2025-10-26 11:02:15-04:00,2025-10-26,11,like,Likes and Favorites.Like List.ItemFavoriteList,https://www.tiktokv.com/share/video/7565419371061906719/,
2025-10-26 10:58:56-04:00,2025-10-26,10,like,Likes and Favorites.Like List.ItemFavoriteList,https://www.tiktokv.com/share/video/7564848382481567007/,
2025-10-26 10:58:42-04:00,2025-10-26,10,like,Likes and Favorites.Like List.ItemFavoriteList,https://www.tiktokv.com/share/video/7559618459437387038/,
2025-10-26 10:34:28-04:00,2025-10-26,10,like,Likes and Favorites.Like List.ItemFavoriteList,https://www.tiktokv.com/share/video/7564836046827965726/,
2025-10-26 10:32:00-04:00,2025-10-26,10,like,Likes and Favorites.Like List.ItemFavoriteList,https://www.tiktokv.com/share/video/7564925545356545310/,
2025-10-26 10:31:34-04:00,2025-10-26,10,like,Likes and Favorites.Like List.ItemFavoriteList,https://www.tiktokv.com/share/video/7560528050207689997/,
2025-10-26 10:28:36-04:00,2025-10-26,10,like,Likes and Favorites.Like List.ItemFavoriteList,https://www.tiktokv.com/share/video/7561400401040395551/,
2025-10-26 10:28:17-04:00,2025-10-26,10,like,Likes and Favorites.Like List.ItemFavoriteList,https://www.tiktokv.com/share/video/7565205629787196686/,
2025-10-26 10:26:39-04:00,2025-10-26,10,like,Likes and Favorites.Like List.ItemFavoriteList,https://www.tiktokv.com/share/video/7564585314166033695/,
2025-10-26 10:24:58-04:00,2025-10-26,10,like,Likes and Favorites.Like List.ItemFavoriteList,https://www.tiktokv.com/share/video/7565401221696130335/,
2025-10-26 10:24:26-04:00,2025-10-26,10,like,Likes and Favorites.Like List.ItemFavoriteList,https://www.tiktokv.com/share/video/7565158799145749815/,
2025-10-26 10:21:50-04:00,2025-10-26,10,like,Likes and Favorites.Like List.ItemFavoriteList,https://www.tiktokv.com/share/video/7564840954172034334/,
2025-10-26 10:21:06-04:00,2025-10-26,10,like,Likes and Favorites.Like List.ItemFavoriteList,https://www.tiktokv.com/share/video/7563763653405674766/,
2025-10-26 10:19:25-04:00,2025-10-26,10,like,Likes and Favorites.Like List.ItemFavoriteList,https://www.tiktokv.com/share/video/7564874370846412040/,
2025-10-26 10:18:15-04:00,2025-10-26,10,like,Likes and Favorites.Like List.ItemFavoriteList,https://www.tiktokv.com/share/video/7564982233942084878/,
2025-10-26 10:17:33-04:00,2025-10-26,10,like,Likes and Favorites.Like List.ItemFavoriteList,https://www.tiktokv.com/share/video/7564184359964609805/,
2025-10-26 10:15:17-04:00,2025-10-26,10,like,Likes and Favorites.Like List.ItemFavoriteList,https://www.tiktokv.com/share/video/7564622601411153182/,
2025-10-26 10:14:04-04:00,2025-10-26,10,like,Likes and Favorites.Like List.ItemFavoriteList,https://www.tiktokv.com/share/video/7557438573855722764/,
2025-10-26 10:13:22-04:00,2025-10-26,10,like,Likes and Favorites.Like List.ItemFavoriteList,https://www.tiktokv.com/share/video/7564575451205684502/,
2025-10-26 10:00:59-04:00,2025-10-26,10,like,Likes and Favorites.Like List.ItemFavoriteList,https://www.tiktokv.com/share/video/7557098061101600013/,
2025-10-26 10:00:43-04:00,2025-10-26,10,like,Likes and Favorites.Like List.ItemFavoriteList,https://www.tiktokv.com/share/video/7561846441669365005/,
2025-10-26 09:30:15-04:00,2025-10-26,9,like,Likes and Favorites.Like List.ItemFavoriteList,https://www.tiktokv.com/share/video/7554148925041577229/,
2025-10-26 08:54:04-04:00,2025-10-26,8,like,Likes and Favorites.Like List.ItemFavoriteList,https://www.tiktokv.com/share/video/7564272690211736887/,
2025-10-25 13:15:44-04:00,2025-10-25,13,like,Likes and Favorites.Like List.ItemFavoriteList,https://www.tiktokv.com/share/video/7563939488167136530/,
2025-10-25 13:12:32-04:00,2025-10-25,13,like,Likes and Favorites.Like List.ItemFavoriteList,https://www.tiktokv.com/share/video/7561558442788343053/,
2025-10-25 13:11:26-04:00,2025-10-25,13,like,Likes and Favorites.Like List.ItemFavoriteList,https://www.tiktokv.com/share/video/7447178682537381127/,
2025-10-25 13:09:35-04:00,2025-10-25,13,like,Likes and Favorites.Like List.ItemFavoriteList,https://www.tiktokv.com/share/video/7431424371383635230/,
2025-10-25 13:08:55-04:00,2025-10-25,13,like,Likes and Favorites.Like List.ItemFavoriteList,https://www.tiktokv.com/share/video/7564462139507805470/,
2025-10-25 13:08:46-04:00,2025-10-25,13,like,Likes and Favorites.Like List.ItemFavoriteList,https://www.tiktokv.com/share/video/7558570402704887054/,
2025-10-25 13:08:08-04:00,2025-10-25,13,like,Likes and Favorites.Like List.ItemFavoriteList,https://www.tiktokv.com/share/video/7564223293843148046/,
2025-10-25 13:06:01-04:00,2025-10-25,13,like,Likes and Favorites.Like List.ItemFavoriteList,https://www.tiktokv.com/share/video/7543809246240984333/,
2025-10-25 13:04:53-04:00,2025-10-25,13,like,Likes and Favorites.Like List.ItemFavoriteList,https://www.tiktokv.com/share/video/7564892641301744951/,
2025-10-25 13:04:40-04:00,2025-10-25,13,like,Likes and Favorites.Like List.ItemFavoriteList,https://www.tiktokv.com/share/video/7564251812300115230/,
2025-10-25 12:40:37-04:00,2025-10-25,12,like,Likes and Favorites.Like List.ItemFavoriteList,https://www.tiktokv.com/share/video/7554664094113058051/,
2025-10-25 12:11:49-04:00,2025-10-25,12,like,Likes and Favorites.Like List.ItemFavoriteList,https://www.tiktokv.com/share/video/7563983874150206734/,
2025-10-25 12:04:36-04:00,2025-10-25,12,like,Likes and Favorites.Like List.ItemFavoriteList,https://www.tiktokv.com/share/video/7564627260477689101/,
2025-10-25 12:03:52-04:00,2025-10-25,12,like,Likes and Favorites.Like List.ItemFavoriteList,https://www.tiktokv.com/share/video/7563508347756940551/,
2025-10-25 11:48:31-04:00,2025-10-25,11,like,Likes and Favorites.Like List.ItemFavoriteList,https://www.tiktokv.com/share/video/7564545328649653517/,
2025-10-25 11:44:45-04:00,2025-10-25,11,like,Likes and Favorites.Like List.ItemFavoriteList,https://www.tiktokv.com/share/video/7556272908138482958/,
2025-10-25 11:44:05-04:00,2025-10-25,11,like,Likes and Favorites.Like List.ItemFavoriteList,https://www.tiktokv.com/share/video/7564873353962540301/,
2025-10-25 11:42:48-04:00,2025-10-25,11,like,Likes and Favorites.Like List.ItemFavoriteList,https://www.tiktokv.com/share/video/7564193286009785631/,
2025-10-25 11:41:40-04:00,2025-10-25,11,like,Likes and Favorites.Like List.ItemFavoriteList,https://www.tiktokv.com/share/video/7560953912577182987/,
2025-10-25 11:40:16-04:00,2025-10-25,11,like,Likes and Favorites.Like List.ItemFavoriteList,https://www.tiktokv.com/share/video/7552969282443808013/,
2025-10-25 11:39:46-04:00,2025-10-25,11,like,Likes and Favorites.Like List.ItemFavoriteList,https://www.tiktokv.com/share/video/7564532377939234078/,
2025-10-25 11:39:11-04:00,2025-10-25,11,like,Likes and Favorites.Like List.ItemFavoriteList,https://www.tiktokv.com/share/video/7564903538590092575/,
2025-10-25 11:16:53-04:00,2025-10-25,11,like,Likes and Favorites.Like List.ItemFavoriteList,https://www.tiktokv.com/share/video/7559379907621555511/,
2025-10-25 11:15:46-04:00,2025-10-25,11,like,Likes and Favorites.Like List.ItemFavoriteList,https://www.tiktokv.com/share/video/7550498916807101726/,
2025-10-25 10:48:29-04:00,2025-10-25,10,like,Likes and Favorites.Like List.ItemFavoriteList,https://www.tiktokv.com/share/video/7564524772575464717/,
2025-10-25 10:46:47-04:00,2025-10-25,10,like,Likes and Favorites.Like List.ItemFavoriteList,https://www.tiktokv.com/share/video/7564520456783514893/,
2025-10-24 21:12:21-04:00,2025-10-24,21,like,Likes and Favorites.Like List.ItemFavoriteList,https://www.tiktokv.com/share/video/7561907562661203231/,
2025-10-24 19:37:27-04:00,2025-10-24,19,like,Likes and Favorites.Like List.ItemFavoriteList,https://www.tiktokv.com/share/video/7563426146889583903/,
2025-10-24 17:58:55-04:00,2025-10-24,17,like,Likes and Favorites.Like List.ItemFavoriteList,https://www.tiktokv.com/share/video/7563887805915483406/,
2025-10-24 17:58:31-04:00,2025-10-24,17,like,Likes and Favorites.Like List.ItemFavoriteList,https://www.tiktokv.com/share/video/7564513466082413854/,
2025-10-24 15:14:35-04:00,2025-10-24,15,like,Likes and Favorites.Like List.ItemFavoriteList,https://www.tiktokv.com/share/video/7564155302644288782/,
2025-10-24 15:07:47-04:00,2025-10-24,15,like,Likes and Favorites.Like List.ItemFavoriteList,https://www.tiktokv.com/share/video/7560371341115837751/,
2025-10-24 14:44:58-04:00,2025-10-24,14,like,Likes and Favorites.Like List.ItemFavoriteList,https://www.tiktokv.com/share/video/7563473645587139895/,
2025-10-24 12:33:53-04:00,2025-10-24,12,like,Likes and Favorites.Like List.ItemFavoriteList,https://www.tiktokv.com/share/video/7550821019175505182/,
2025-10-24 12:33:05-04:00,2025-10-24,12,like,Likes and Favorites.Like List.ItemFavoriteList,https://www.tiktokv.com/share/video/7552004774489541901/,
2025-10-24 12:21:30-04:00,2025-10-24,12,like,Likes and Favorites.Like List.ItemFavoriteList,https://www.tiktokv.com/share/video/7555493732057976078/,
2025-10-24 12:06:05-04:00,2025-10-24,12,like,Likes and Favorites.Like List.ItemFavoriteList,https://www.tiktokv.com/share/video/7563153337265179918/,
2025-10-24 12:05:55-04:00,2025-10-24,12,like,Likes and Favorites.Like List.ItemFavoriteList,https://www.tiktokv.com/share/video/7564630465135562039/,
2025-10-24 12:04:41-04:00,2025-10-24,12,like,Likes and Favorites.Like List.ItemFavoriteList,https://www.tiktokv.com/share/video/7564433642970254647/,
2025-10-24 11:59:53-04:00,2025-10-24,11,like,Likes and Favorites.Like List.ItemFavoriteList,https://www.tiktokv.com/share/video/7564165811997363487/,
2025-10-24 11:46:55-04:00,2025-10-24,11,like,Likes and Favorites.Like List.ItemFavoriteList,https://www.tiktokv.com/share/video/7564187128603626766/,
2025-10-24 11:42:31-04:00,2025-10-24,11,like,Likes and Favorites.Like List.ItemFavoriteList,https://www.tiktokv.com/share/video/7551530878074113310/,
2025-10-24 02:47:22-04:00,2025-10-24,2,like,Likes and Favorites.Like List.ItemFavoriteList,https://www.tiktokv.com/share/video/7563519563027991821/,
2025-10-24 02:46:18-04:00,2025-10-24,2,like,Likes and Favorites.Like List.ItemFavoriteList,https://www.tiktokv.com/share/video/7563804721538944286/,
2025-10-24 02:44:49-04:00,2025-10-24,2,like,Likes and Favorites.Like List.ItemFavoriteList,https://www.tiktokv.com/share/video/7549955000793845022/,
2025-10-24 02:43:59-04:00,2025-10-24,2,like,Likes and Favorites.Like List.ItemFavoriteList,https://www.tiktokv.com/share/video/7564120581994564886/,
2025-10-24 02:42:15-04:00,2025-10-24,2,like,Likes and Favorites.Like List.ItemFavoriteList,https://www.tiktokv.com/share/video/7564164425389739277/,
2025-10-24 02:40:31-04:00,2025-10-24,2,like,Likes and Favorites.Like List.ItemFavoriteList,https://www.tiktokv.com/share/video/7556069714603166977/,
2025-10-24 02:38:40-04:00,2025-10-24,2,like,Likes and Favorites.Like List.ItemFavoriteList,https://www.tiktokv.com/share/video/7564096027620347191/,
2025-10-24 02:37:12-04:00,2025-10-24,2,like,Likes and Favorites.Like List.ItemFavoriteList,https://www.tiktokv.com/share/video/7551935965569240351/,
2025-10-24 02:36:12-04:00,2025-10-24,2,like,Likes and Favorites.Like List.ItemFavoriteList,https://www.tiktokv.com/share/video/7552924419690089741/,
2025-10-24 02:35:21-04:00,2025-10-24,2,like,Likes and Favorites.Like List.ItemFavoriteList,https://www.tiktokv.com/share/video/7539062776082353439/,
2025-10-24 02:27:10-04:00,2025-10-24,2,like,Likes and Favorites.Like List.ItemFavoriteList,https://www.tiktokv.com/share/video/7564196449295109389/,
2025-10-24 02:26:12-04:00,2025-10-24,2,like,Likes and Favorites.Like List.ItemFavoriteList,https://www.tiktokv.com/share/video/7563738299110591799/,
2025-10-24 02:25:54-04:00,2025-10-24,2,like,Likes and Favorites.Like List.ItemFavoriteList,https://www.tiktokv.com/share/video/7555726214254644535/,
2025-10-24 02:25:27-04:00,2025-10-24,2,like,Likes and Favorites.Like List.ItemFavoriteList,https://www.tiktokv.com/share/video/7564376481158335767/,
2025-10-24 02:21:24-04:00,2025-10-24,2,like,Likes and Favorites.Like List.ItemFavoriteList,https://www.tiktokv.com/share/video/7564306020562930958/,
2025-10-24 02:19:23-04:00,2025-10-24,2,like,Likes and Favorites.Like List.ItemFavoriteList,https://www.tiktokv.com/share/video/7564442949086481677/,
2025-10-24 02:18:17-04:00,2025-10-24,2,like,Likes and Favorites.Like List.ItemFavoriteList,https://www.tiktokv.com/share/video/7562276905060142366/,
2025-10-24 01:34:06-04:00,2025-10-24,1,like,Likes and Favorites.Like List.ItemFavoriteList,https://www.tiktokv.com/share/video/7564151870114106679/,
2025-10-23 18:00:56-04:00,2025-10-23,18,like,Likes and Favorites.Like List.ItemFavoriteList,https://www.tiktokv.com/share/video/7563343373927517470/,
2025-10-23 16:31:36-04:00,2025-10-23,16,like,Likes and Favorites.Like List.ItemFavoriteList,https://www.tiktokv.com/share/video/7564105189632904479/,
2025-10-23 16:29:14-04:00,2025-10-23,16,like,Likes and Favorites.Like List.ItemFavoriteList,https://www.tiktokv.com/share/video/7564005309019344142/,
2025-10-23 15:55:10-04:00,2025-10-23,15,like,Likes and Favorites.Like List.ItemFavoriteList,https://www.tiktokv.com/share/video/7562621856054840584/,
2025-10-23 15:36:50-04:00,2025-10-23,15,like,Likes and Favorites.Like List.ItemFavoriteList,https://www.tiktokv.com/share/video/7564108920910925087/,
2025-10-23 15:34:48-04:00,2025-10-23,15,like,Likes and Favorites.Like List.ItemFavoriteList,https://www.tiktokv.com/share/video/7561661965274205454/,
2025-10-23 15:31:13-04:00,2025-10-23,15,like,Likes and Favorites.Like List.ItemFavoriteList,https://www.tiktokv.com/share/video/7564058326678424846/,
2025-10-23 14:49:29-04:00,2025-10-23,14,like,Likes and Favorites.Like List.ItemFavoriteList,https://www.tiktokv.com/share/video/7564176768823790903/,
2025-10-23 14:47:32-04:00,2025-10-23,14,like,Likes and Favorites.Like List.ItemFavoriteList,https://www.tiktokv.com/share/video/7563985924019784982/,
2025-10-23 14:43:43-04:00,2025-10-23,14,like,Likes and Favorites.Like List.ItemFavoriteList,https://www.tiktokv.com/share/video/7550029180683963670/,
2025-10-23 14:43:23-04:00,2025-10-23,14,like,Likes and Favorites.Like List.ItemFavoriteList,https://www.tiktokv.com/share/video/7564414555233815822/,
2025-10-23 14:29:44-04:00,2025-10-23,14,like,Likes and Favorites.Like List.ItemFavoriteList,https://www.tiktokv.com/share/video/7563973677356829982/,
2025-10-23 14:29:28-04:00,2025-10-23,14,like,Likes and Favorites.Like List.ItemFavoriteList,https://www.tiktokv.com/share/video/7563452751108214071/,
2025-10-23 14:29:09-04:00,2025-10-23,14,like,Likes and Favorites.Like List.ItemFavoriteList,https://www.tiktokv.com/share/video/7563828355607301406/,
2025-10-23 14:28:06-04:00,2025-10-23,14,like,Likes and Favorites.Like List.ItemFavoriteList,https://www.tiktokv.com/share/video/7563747558120508703/,
2025-10-23 14:02:09-04:00,2025-10-23,14,like,Likes and Favorites.Like List.ItemFavoriteList,https://www.tiktokv.com/share/video/7564128858761415967/,
2025-10-23 14:01:38-04:00,2025-10-23,14,like,Likes and Favorites.Like List.ItemFavoriteList,https://www.tiktokv.com/share/video/7564057160527711543/,
2025-10-23 13:58:50-04:00,2025-10-23,13,like,Likes and Favorites.Like List.ItemFavoriteList,https://www.tiktokv.com/share/video/7561124310438432031/,
2025-10-23 13:55:34-04:00,2025-10-23,13,like,Likes and Favorites.Like List.ItemFavoriteList,https://www.tiktokv.com/share/video/7564189310522494222/,
2025-10-23 13:54:54-04:00,2025-10-23,13,like,Likes and Favorites.Like List.ItemFavoriteList,https://www.tiktokv.com/share/video/7564053175674621239/,
2025-10-23 13:53:50-04:00,2025-10-23,13,like,Likes and Favorites.Like List.ItemFavoriteList,https://www.tiktokv.com/share/video/7564057091304983838/,
2025-10-23 13:53:45-04:00,2025-10-23,13,like,Likes and Favorites.Like List.ItemFavoriteList,https://www.tiktokv.com/share/video/7562346867330239799/,
2025-10-23 12:36:24-04:00,2025-10-23,12,like,Likes and Favorites.Like List.ItemFavoriteList,https://www.tiktokv.com/share/video/7563731671170682143/,
2025-10-23 11:09:42-04:00,2025-10-23,11,like,Likes and Favorites.Like List.ItemFavoriteList,https://www.tiktokv.com/share/video/7563805690087623991/,
2025-10-23 11:04:15-04:00,2025-10-23,11,like,Likes and Favorites.Like List.ItemFavoriteList,https://www.tiktokv.com/share/video/7563679616158780705/,
2025-10-23 11:03:54-04:00,2025-10-23,11,like,Likes and Favorites.Like List.ItemFavoriteList,https://www.tiktokv.com/share/video/7563929760091344142/,
2025-10-23 11:03:07-04:00,2025-10-23,11,like,Likes and Favorites.Like List.ItemFavoriteList,https://www.tiktokv.com/share/video/7563011417356422455/,
2025-10-23 11:02:33-04:00,2025-10-23,11,like,Likes and Favorites.Like List.ItemFavoriteList,https://www.tiktokv.com/share/video/7563992395470179639/,
2025-10-23 10:57:48-04:00,2025-10-23,10,like,Likes and Favorites.Like List.ItemFavoriteList,https://www.tiktokv.com/share/video/7563828597174193422/,
2025-10-23 10:49:42-04:00,2025-10-23,10,like,Likes and Favorites.Like List.ItemFavoriteList,https://www.tiktokv.com/share/video/7564168812019404087/,
2025-10-23 10:48:57-04:00,2025-10-23,10,like,Likes and Favorites.Like List.ItemFavoriteList,https://www.tiktokv.com/share/video/7552280963628272909/,
2025-10-23 10:46:16-04:00,2025-10-23,10,like,Likes and Favorites.Like List.ItemFavoriteList,https://www.tiktokv.com/share/video/7563854571873864990/,
2025-10-23 10:45:54-04:00,2025-10-23,10,like,Likes and Favorites.Like List.ItemFavoriteList,https://www.tiktokv.com/share/video/7563924736363793695/,
2025-10-23 10:44:03-04:00,2025-10-23,10,like,Likes and Favorites.Like List.ItemFavoriteList,https://www.tiktokv.com/share/video/7555552192602639646/,
2025-10-23 10:43:40-04:00,2025-10-23,10,like,Likes and Favorites.Like List.ItemFavoriteList,https://www.tiktokv.com/share/video/7563824149378944311/,
2025-10-23 10:43:14-04:00,2025-10-23,10,like,Likes and Favorites.Like List.ItemFavoriteList,https://www.tiktokv.com/share/video/7562800157830466847/,
2025-10-23 10:41:20-04:00,2025-10-23,10,like,Likes and Favorites.Like List.ItemFavoriteList,https://www.tiktokv.com/share/video/7564091499579788558/,
2025-10-23 10:40:16-04:00,2025-10-23,10,like,Likes and Favorites.Like List.ItemFavoriteList,https://www.tiktokv.com/share/video/7564268495416937783/,
2025-10-23 10:38:39-04:00,2025-10-23,10,like,Likes and Favorites.Like List.ItemFavoriteList,https://www.tiktokv.com/share/video/7561266556244675895/,
2025-10-22 23:29:19-04:00,2025-10-22,23,like,Likes and Favorites.Like List.ItemFavoriteList,https://www.tiktokv.com/share/video/7544076903121046798/,
2025-10-22 23:28:47-04:00,2025-10-22,23,like,Likes and Favorites.Like List.ItemFavoriteList,https://www.tiktokv.com/share/video/7564151170562854174/,
2025-10-22 23:14:43-04:00,2025-10-22,23,like,Likes and Favorites.Like List.ItemFavoriteList,https://www.tiktokv.com/share/video/7554476429338037535/,
2025-10-22 17:52:52-04:00,2025-10-22,17,like,Likes and Favorites.Like List.ItemFavoriteList,https://www.tiktokv.com/share/video/7563601164265065759/,
2025-10-22 17:52:09-04:00,2025-10-22,17,like,Likes and Favorites.Like List.ItemFavoriteList,https://www.tiktokv.com/share/video/7563854553007787295/,
2025-10-22 17:51:32-04:00,2025-10-22,17,like,Likes and Favorites.Like List.ItemFavoriteList,https://www.tiktokv.com/share/video/7554686419512347911/,
2025-10-22 17:50:53-04:00,2025-10-22,17,like,Likes and Favorites.Like List.ItemFavoriteList,https://www.tiktokv.com/share/video/7563492530965286158/,
2025-10-22 17:50:00-04:00,2025-10-22,17,like,Likes and Favorites.Like List.ItemFavoriteList,https://www.tiktokv.com/share/video/7563676964641459469/,
2025-10-22 17:49:36-04:00,2025-10-22,17,like,Likes and Favorites.Like List.ItemFavoriteList,https://www.tiktokv.com/share/video/7563877345833028878/,
2025-10-22 17:49:14-04:00,2025-10-22,17,like,Likes and Favorites.Like List.ItemFavoriteList,https://www.tiktokv.com/share/video/7557873440447876383/,
2025-10-22 17:48:00-04:00,2025-10-22,17,like,Likes and Favorites.Like List.ItemFavoriteList,https://www.tiktokv.com/share/video/7563680524288478494/,
2025-10-22 17:47:20-04:00,2025-10-22,17,like,Likes and Favorites.Like List.ItemFavoriteList,https://www.tiktokv.com/share/video/7563873614903233822/,
2025-10-22 08:52:39-04:00,2025-10-22,8,like,Likes and Favorites.Like List.ItemFavoriteList,https://www.tiktokv.com/share/video/7562981337146150162/,
2025-10-22 08:51:05-04:00,2025-10-22,8,like,Likes and Favorites.Like List.ItemFavoriteList,https://www.tiktokv.com/share/video/7563753831570394381/,
2025-10-22 01:45:34-04:00,2025-10-22,1,like,Likes and Favorites.Like List.ItemFavoriteList,https://www.tiktokv.com/share/video/7562221108158532878/,
2025-10-22 01:43:29-04:00,2025-10-22,1,like,Likes and Favorites.Like List.ItemFavoriteList,https://www.tiktokv.com/share/video/7555606002016570679/,
2025-10-22 01:20:34-04:00,2025-10-22,1,like,Likes and Favorites.Like List.ItemFavoriteList,https://www.tiktokv.com/share/video/7563375816839548173/,
2025-10-22 01:18:48-04:00,2025-10-22,1,like,Likes and Favorites.Like List.ItemFavoriteList,https://www.tiktokv.com/share/video/7563119764067978526/,
2025-10-22 01:18:40-04:00,2025-10-22,1,like,Likes and Favorites.Like List.ItemFavoriteList,https://www.tiktokv.com/share/video/7563838985483668766/,
2025-10-22 01:17:43-04:00,2025-10-22,1,like,Likes and Favorites.Like List.ItemFavoriteList,https://www.tiktokv.com/share/video/7563415528224738582/,
2025-10-22 01:17:15-04:00,2025-10-22,1,like,Likes and Favorites.Like List.ItemFavoriteList,https://www.tiktokv.com/share/video/7563705215015292215/,
2025-10-22 01:15:04-04:00,2025-10-22,1,like,Likes and Favorites.Like List.ItemFavoriteList,https://www.tiktokv.com/share/video/7553732166807457054/,
2025-10-22 00:52:32-04:00,2025-10-22,0,like,Likes and Favorites.Like List.ItemFavoriteList,https://www.tiktokv.com/share/video/7558543259123944759/,
2025-10-22 00:52:11-04:00,2025-10-22,0,like,Likes and Favorites.Like List.ItemFavoriteList,https://www.tiktokv.com/share/video/7563509781487570207/,
2025-10-22 00:51:47-04:00,2025-10-22,0,like,Likes and Favorites.Like List.ItemFavoriteList,https://www.tiktokv.com/share/video/7563666751385242910/,
2025-10-22 00:50:38-04:00,2025-10-22,0,like,Likes and Favorites.Like List.ItemFavoriteList,https://www.tiktokv.com/share/video/7563821231561067790/,
2025-10-22 00:50:01-04:00,2025-10-22,0,like,Likes and Favorites.Like List.ItemFavoriteList,https://www.tiktokv.com/share/video/7562875551719935254/,
2025-10-22 00:49:58-04:00,2025-10-22,0,like,Likes and Favorites.Like List.ItemFavoriteList,https://www.tiktokv.com/share/video/7563899477594049822/,
2025-10-22 00:48:36-04:00,2025-10-22,0,like,Likes and Favorites.Like List.ItemFavoriteList,https://www.tiktokv.com/share/video/7563671697287662861/,
2025-10-22 00:48:21-04:00,2025-10-22,0,like,Likes and Favorites.Like List.ItemFavoriteList,https://www.tiktokv.com/share/video/7563477076007800119/,
2025-10-21 23:31:10-04:00,2025-10-21,23,like,Likes and Favorites.Like List.ItemFavoriteList,https://www.tiktokv.com/share/video/7557477613632032056/,
2025-10-21 23:30:26-04:00,2025-10-21,23,like,Likes and Favorites.Like List.ItemFavoriteList,https://www.tiktokv.com/share/video/7551925239467363597/,
2025-10-21 23:30:01-04:00,2025-10-21,23,like,Likes and Favorites.Like List.ItemFavoriteList,https://www.tiktokv.com/share/video/7561283308286463262/,
2025-10-21 23:28:40-04:00,2025-10-21,23,like,Likes and Favorites.Like List.ItemFavoriteList,https://www.tiktokv.com/share/video/7559311805454044429/,
2025-10-21 23:27:59-04:00,2025-10-21,23,like,Likes and Favorites.Like List.ItemFavoriteList,https://www.tiktokv.com/share/video/7563335300399844616/,
2025-10-21 23:25:47-04:00,2025-10-21,23,like,Likes and Favorites.Like List.ItemFavoriteList,https://www.tiktokv.com/share/video/7562752399127940382/,
2025-10-21 23:24:22-04:00,2025-10-21,23,like,Likes and Favorites.Like List.ItemFavoriteList,https://www.tiktokv.com/share/video/7563477830621744439/,
2025-10-21 23:22:43-04:00,2025-10-21,23,like,Likes and Favorites.Like List.ItemFavoriteList,https://www.tiktokv.com/share/video/7562320557174230303/,
2025-10-21 23:22:07-04:00,2025-10-21,23,like,Likes and Favorites.Like List.ItemFavoriteList,https://www.tiktokv.com/share/video/7563481237537574158/,
2025-10-21 23:21:49-04:00,2025-10-21,23,like,Likes and Favorites.Like List.ItemFavoriteList,https://www.tiktokv.com/share/video/7563171706097962295/,
2025-10-21 20:39:49-04:00,2025-10-21,20,like,Likes and Favorites.Like List.ItemFavoriteList,https://www.tiktokv.com/share/video/7562439687625919758/,
2025-10-21 20:37:25-04:00,2025-10-21,20,like,Likes and Favorites.Like List.ItemFavoriteList,https://www.tiktokv.com/share/video/7563006395709148447/,
2025-10-21 19:26:19-04:00,2025-10-21,19,like,Likes and Favorites.Like List.ItemFavoriteList,https://www.tiktokv.com/share/video/7548620254163881247/,
2025-10-21 19:21:47-04:00,2025-10-21,19,like,Likes and Favorites.Like List.ItemFavoriteList,https://www.tiktokv.com/share/video/7543346502953930015/,
2025-10-21 19:20:14-04:00,2025-10-21,19,like,Likes and Favorites.Like List.ItemFavoriteList,https://www.tiktokv.com/share/video/7556725031624051998/,
2025-10-21 19:19:38-04:00,2025-10-21,19,like,Likes and Favorites.Like List.ItemFavoriteList,https://www.tiktokv.com/share/video/7547145637205118239/,
2025-10-21 19:19:28-04:00,2025-10-21,19,like,Likes and Favorites.Like List.ItemFavoriteList,https://www.tiktokv.com/share/video/7562494152051592461/,
2025-10-21 19:19:08-04:00,2025-10-21,19,like,Likes and Favorites.Like List.ItemFavoriteList,https://www.tiktokv.com/share/video/7562983525763288375/,
2025-10-21 19:01:38-04:00,2025-10-21,19,like,Likes and Favorites.Like List.ItemFavoriteList,https://www.tiktokv.com/share/video/7555229638838996254/,
2025-10-21 19:01:11-04:00,2025-10-21,19,like,Likes and Favorites.Like List.ItemFavoriteList,https://www.tiktokv.com/share/video/7554132472875863309/,
2025-10-21 19:00:18-04:00,2025-10-21,19,like,Likes and Favorites.Like List.ItemFavoriteList,https://www.tiktokv.com/share/video/7562997804948278558/,
2025-10-21 18:36:35-04:00,2025-10-21,18,like,Likes and Favorites.Like List.ItemFavoriteList,https://www.tiktokv.com/share/video/7544476832070978829/,
2025-10-21 18:35:11-04:00,2025-10-21,18,like,Likes and Favorites.Like List.ItemFavoriteList,https://www.tiktokv.com/share/video/7553983528661208375/,
2025-10-21 18:34:40-04:00,2025-10-21,18,like,Likes and Favorites.Like List.ItemFavoriteList,https://www.tiktokv.com/share/video/7563369313944554766/,
2025-10-21 18:34:07-04:00,2025-10-21,18,like,Likes and Favorites.Like List.ItemFavoriteList,https://www.tiktokv.com/share/video/7552248555449240850/,
2025-10-21 18:33:22-04:00,2025-10-21,18,like,Likes and Favorites.Like List.ItemFavoriteList,https://www.tiktokv.com/share/video/7563036011517775134/,
2025-10-21 18:32:50-04:00,2025-10-21,18,like,Likes and Favorites.Like List.ItemFavoriteList,https://www.tiktokv.com/share/video/7551771851698081046/,
2025-10-21 18:31:32-04:00,2025-10-21,18,like,Likes and Favorites.Like List.ItemFavoriteList,https://www.tiktokv.com/share/video/7551731770958335239/,
2025-10-21 18:30:15-04:00,2025-10-21,18,like,Likes and Favorites.Like List.ItemFavoriteList,https://www.tiktokv.com/share/video/7562941792312773918/,
2025-10-21 18:29:51-04:00,2025-10-21,18,like,Likes and Favorites.Like List.ItemFavoriteList,https://www.tiktokv.com/share/video/7563432860112260382/,
2025-10-21 18:29:43-04:00,2025-10-21,18,like,Likes and Favorites.Like List.ItemFavoriteList,https://www.tiktokv.com/share/video/7552210583173516551/,
2025-10-21 18:27:15-04:00,2025-10-21,18,like,Likes and Favorites.Like List.ItemFavoriteList,https://www.tiktokv.com/share/video/7552719319688416567/,
2025-10-21 18:27:07-04:00,2025-10-21,18,like,Likes and Favorites.Like List.ItemFavoriteList,https://www.tiktokv.com/share/video/7563355710260579604/,
2025-10-21 18:26:33-04:00,2025-10-21,18,like,Likes and Favorites.Like List.ItemFavoriteList,https://www.tiktokv.com/share/video/7562604049695067447/,
2025-10-21 17:58:32-04:00,2025-10-21,17,like,Likes and Favorites.Like List.ItemFavoriteList,https://www.tiktokv.com/share/video/7563291911528746295/,
2025-10-21 17:56:56-04:00,2025-10-21,17,like,Likes and Favorites.Like List.ItemFavoriteList,https://www.tiktokv.com/share/video/7563452626390584590/,
2025-10-21 17:55:56-04:00,2025-10-21,17,like,Likes and Favorites.Like List.ItemFavoriteList,https://www.tiktokv.com/share/video/7560730891044015390/,
2025-10-21 17:55:45-04:00,2025-10-21,17,like,Likes and Favorites.Like List.ItemFavoriteList,https://www.tiktokv.com/share/video/7562453018050923789/,
2025-10-21 17:51:27-04:00,2025-10-21,17,like,Likes and Favorites.Like List.ItemFavoriteList,https://www.tiktokv.com/share/video/7562739978241871134/,
2025-10-21 17:50:51-04:00,2025-10-21,17,like,Likes and Favorites.Like List.ItemFavoriteList,https://www.tiktokv.com/share/video/7562827127003811086/,
2025-10-21 16:46:17-04:00,2025-10-21,16,like,Likes and Favorites.Like List.ItemFavoriteList,https://www.tiktokv.com/share/video/7563008886660255007/,
2025-10-21 16:46:08-04:00,2025-10-21,16,like,Likes and Favorites.Like List.ItemFavoriteList,https://www.tiktokv.com/share/video/7554582696190577951/,
2025-10-21 16:45:07-04:00,2025-10-21,16,like,Likes and Favorites.Like List.ItemFavoriteList,https://www.tiktokv.com/share/video/7563634382653754655/,
2025-10-21 16:36:35-04:00,2025-10-21,16,like,Likes and Favorites.Like List.ItemFavoriteList,https://www.tiktokv.com/share/video/7560456462061800759/,
2025-10-21 16:36:27-04:00,2025-10-21,16,like,Likes and Favorites.Like List.ItemFavoriteList,https://www.tiktokv.com/share/video/7563560711817923853/,
2025-10-21 16:28:52-04:00,2025-10-21,16,like,Likes and Favorites.Like List.ItemFavoriteList,https://www.tiktokv.com/share/video/7562720781281561870/,
2025-10-21 16:28:00-04:00,2025-10-21,16,like,Likes and Favorites.Like List.ItemFavoriteList,https://www.tiktokv.com/share/video/7562988565739687186/,
2025-10-21 16:27:39-04:00,2025-10-21,16,like,Likes and Favorites.Like List.ItemFavoriteList,https://www.tiktokv.com/share/video/7563006929195257143/,
2025-10-21 16:11:30-04:00,2025-10-21,16,like,Likes and Favorites.Like List.ItemFavoriteList,https://www.tiktokv.com/share/video/7562746958918552863/,
2025-10-21 14:30:01-04:00,2025-10-21,14,like,Likes and Favorites.Like List.ItemFavoriteList,https://www.tiktokv.com/share/video/7557447331340127543/,
2025-10-21 14:29:37-04:00,2025-10-21,14,like,Likes and Favorites.Like List.ItemFavoriteList,https://www.tiktokv.com/share/video/7550503713119554829/,
2025-10-21 14:26:10-04:00,2025-10-21,14,like,Likes and Favorites.Like List.ItemFavoriteList,https://www.tiktokv.com/share/video/7563021263900298510/,
2025-10-21 14:24:35-04:00,2025-10-21,14,like,Likes and Favorites.Like List.ItemFavoriteList,https://www.tiktokv.com/share/video/7561888080274214166/,
2025-10-21 14:23:24-04:00,2025-10-21,14,like,Likes and Favorites.Like List.ItemFavoriteList,https://www.tiktokv.com/share/video/7559364102544575774/,
2025-10-21 14:22:49-04:00,2025-10-21,14,like,Likes and Favorites.Like List.ItemFavoriteList,https://www.tiktokv.com/share/video/7561809667190525214/,
2025-10-21 14:21:57-04:00,2025-10-21,14,like,Likes and Favorites.Like List.ItemFavoriteList,https://www.tiktokv.com/share/video/7563272280545987870/,
2025-10-21 14:14:26-04:00,2025-10-21,14,like,Likes and Favorites.Like List.ItemFavoriteList,https://www.tiktokv.com/share/video/7547822112094817550/,
2025-10-21 14:13:27-04:00,2025-10-21,14,like,Likes and Favorites.Like List.ItemFavoriteList,https://www.tiktokv.com/share/video/7562789684447857950/,
2025-10-21 14:12:33-04:00,2025-10-21,14,like,Likes and Favorites.Like List.ItemFavoriteList,https://www.tiktokv.com/share/video/7554226559733763358/,
2025-10-21 14:11:18-04:00,2025-10-21,14,like,Likes and Favorites.Like List.ItemFavoriteList,https://www.tiktokv.com/share/video/7563344910808632606/,
2025-10-21 14:10:47-04:00,2025-10-21,14,like,Likes and Favorites.Like List.ItemFavoriteList,https://www.tiktokv.com/share/video/7562954578342284599/,
2025-10-21 14:09:54-04:00,2025-10-21,14,like,Likes and Favorites.Like List.ItemFavoriteList,https://www.tiktokv.com/share/video/7557737752905764099/,
2025-10-21 14:09:39-04:00,2025-10-21,14,like,Likes and Favorites.Like List.ItemFavoriteList,https://www.tiktokv.com/share/video/7543035023214103839/,
2025-10-21 14:08:32-04:00,2025-10-21,14,like,Likes and Favorites.Like List.ItemFavoriteList,https://www.tiktokv.com/share/video/7559384629506018573/,
2025-10-21 14:05:55-04:00,2025-10-21,14,like,Likes and Favorites.Like List.ItemFavoriteList,https://www.tiktokv.com/share/video/7542623946928082231/,
2025-10-21 14:05:41-04:00,2025-10-21,14,like,Likes and Favorites.Like List.ItemFavoriteList,https://www.tiktokv.com/share/video/7563030543701380374/,
2025-10-21 14:05:28-04:00,2025-10-21,14,like,Likes and Favorites.Like List.ItemFavoriteList,https://www.tiktokv.com/share/video/7562991816765721886/,
2025-10-21 14:05:03-04:00,2025-10-21,14,like,Likes and Favorites.Like List.ItemFavoriteList,https://www.tiktokv.com/share/video/7552371484921023757/,
2025-10-21 14:04:20-04:00,2025-10-21,14,like,Likes and Favorites.Like List.ItemFavoriteList,https://www.tiktokv.com/share/video/7562523060398591263/,
2025-10-21 14:03:54-04:00,2025-10-21,14,like,Likes and Favorites.Like List.ItemFavoriteList,https://www.tiktokv.com/share/video/7563273903867579661/,
2025-10-21 14:03:26-04:00,2025-10-21,14,like,Likes and Favorites.Like List.ItemFavoriteList,https://www.tiktokv.com/share/video/7534100768094260535/,
2025-10-21 14:03:09-04:00,2025-10-21,14,like,Likes and Favorites.Like List.ItemFavoriteList,https://www.tiktokv.com/share/video/7562609982626090253/,
2025-10-21 14:02:26-04:00,2025-10-21,14,like,Likes and Favorites.Like List.ItemFavoriteList,https://www.tiktokv.com/share/video/7562985146836700447/,
2025-10-21 11:35:08-04:00,2025-10-21,11,like,Likes and Favorites.Like List.ItemFavoriteList,https://www.tiktokv.com/share/video/7563280105632550175/,
2025-10-21 11:34:30-04:00,2025-10-21,11,like,Likes and Favorites.Like List.ItemFavoriteList,https://www.tiktokv.com/share/video/7562723467687234830/,
2025-10-21 11:33:51-04:00,2025-10-21,11,like,Likes and Favorites.Like List.ItemFavoriteList,https://www.tiktokv.com/share/video/7562004560861089054/,
2025-10-21 11:33:32-04:00,2025-10-21,11,like,Likes and Favorites.Like List.ItemFavoriteList,https://www.tiktokv.com/share/video/7562718998983380237/,
2025-10-21 11:32:55-04:00,2025-10-21,11,like,Likes and Favorites.Like List.ItemFavoriteList,https://www.tiktokv.com/share/video/7553686760778157342/,
2025-10-21 11:32:29-04:00,2025-10-21,11,like,Likes and Favorites.Like List.ItemFavoriteList,https://www.tiktokv.com/share/video/7562627832011033870/,
2025-10-21 11:32:10-04:00,2025-10-21,11,like,Likes and Favorites.Like List.ItemFavoriteList,https://www.tiktokv.com/share/video/7533456080123202846/,
2025-10-21 11:30:45-04:00,2025-10-21,11,like,Likes and Favorites.Like List.ItemFavoriteList,https://www.tiktokv.com/share/video/7562660402992123166/,
2025-10-21 11:30:43-04:00,2025-10-21,11,like,Likes and Favorites.Like List.ItemFavoriteList,https://www.tiktokv.com/share/video/7563421818317507862/,
2025-10-21 11:29:28-04:00,2025-10-21,11,like,Likes and Favorites.Like List.ItemFavoriteList,https://www.tiktokv.com/share/video/7563133851308952862/,
2025-10-21 11:29:08-04:00,2025-10-21,11,like,Likes and Favorites.Like List.ItemFavoriteList,https://www.tiktokv.com/share/video/7563066040561732895/,
2025-10-21 09:21:57-04:00,2025-10-21,9,like,Likes and Favorites.Like List.ItemFavoriteList,https://www.tiktokv.com/share/video/7561870753042418974/,
2025-10-21 02:30:52-04:00,2025-10-21,2,like,Likes and Favorites.Like List.ItemFavoriteList,https://www.tiktokv.com/share/video/7545272957078228255/,
2025-10-21 02:28:23-04:00,2025-10-21,2,like,Likes and Favorites.Like List.ItemFavoriteList,https://www.tiktokv.com/share/video/7562737919547428110/,
2025-10-21 02:27:04-04:00,2025-10-21,2,like,Likes and Favorites.Like List.ItemFavoriteList,https://www.tiktokv.com/share/video/7563392307605589270/,
2025-10-21 02:26:05-04:00,2025-10-21,2,like,Likes and Favorites.Like List.ItemFavoriteList,https://www.tiktokv.com/share/video/7561953114924928312/,
2025-10-21 02:25:26-04:00,2025-10-21,2,like,Likes and Favorites.Like List.ItemFavoriteList,https://www.tiktokv.com/share/video/7563423018412707102/,
2025-10-21 02:24:07-04:00,2025-10-21,2,like,Likes and Favorites.Like List.ItemFavoriteList,https://www.tiktokv.com/share/video/7562415742692396301/,
2025-10-21 02:23:51-04:00,2025-10-21,2,like,Likes and Favorites.Like List.ItemFavoriteList,https://www.tiktokv.com/share/video/7562664393251573023/,
2025-10-21 02:23:43-04:00,2025-10-21,2,like,Likes and Favorites.Like List.ItemFavoriteList,https://www.tiktokv.com/share/video/7563049062488968461/,
2025-10-21 02:23:14-04:00,2025-10-21,2,like,Likes and Favorites.Like List.ItemFavoriteList,https://www.tiktokv.com/share/video/7563134991941569805/,
2025-10-21 02:22:56-04:00,2025-10-21,2,like,Likes and Favorites.Like List.ItemFavoriteList,https://www.tiktokv.com/share/video/7563144990138895646/,
2025-10-21 02:22:29-04:00,2025-10-21,2,like,Likes and Favorites.Like List.ItemFavoriteList,https://www.tiktokv.com/share/video/7562952832933055758/,
2025-10-21 02:22:13-04:00,2025-10-21,2,like,Likes and Favorites.Like List.ItemFavoriteList,https://www.tiktokv.com/share/video/7563102733369134344/,
2025-10-21 02:21:53-04:00,2025-10-21,2,like,Likes and Favorites.Like List.ItemFavoriteList,https://www.tiktokv.com/share/video/7563036194481687815/,
2025-10-21 02:21:32-04:00,2025-10-21,2,like,Likes and Favorites.Like List.ItemFavoriteList,https://www.tiktokv.com/share/video/7563306113358236941/,
2025-10-21 02:19:44-04:00,2025-10-21,2,like,Likes and Favorites.Like List.ItemFavoriteList,https://www.tiktokv.com/share/video/7562591675290307854/,
2025-10-21 02:18:05-04:00,2025-10-21,2,like,Likes and Favorites.Like List.ItemFavoriteList,https://www.tiktokv.com/share/video/7563415677927771423/,
2025-10-21 02:05:01-04:00,2025-10-21,2,like,Likes and Favorites.Like List.ItemFavoriteList,https://www.tiktokv.com/share/video/7552012487260998942/,
2025-10-20 16:31:03-04:00,2025-10-20,16,like,Likes and Favorites.Like List.ItemFavoriteList,https://www.tiktokv.com/share/video/7562585896235666701/,
2025-10-20 15:57:38-04:00,2025-10-20,15,like,Likes and Favorites.Like List.ItemFavoriteList,https://www.tiktokv.com/share/video/7563229051524025631/,
2025-10-20 15:57:28-04:00,2025-10-20,15,like,Likes and Favorites.Like List.ItemFavoriteList,https://www.tiktokv.com/share/video/7562949487379942687/,
2025-10-20 15:53:19-04:00,2025-10-20,15,like,Likes and Favorites.Like List.ItemFavoriteList,https://www.tiktokv.com/share/video/7563091900580777271/,
2025-10-20 15:53:12-04:00,2025-10-20,15,like,Likes and Favorites.Like List.ItemFavoriteList,https://www.tiktokv.com/share/video/7556763137689619743/,
2025-10-20 11:33:33-04:00,2025-10-20,11,like,Likes and Favorites.Like List.ItemFavoriteList,https://www.tiktokv.com/share/video/7562733540526345527/,
2025-10-20 11:28:06-04:00,2025-10-20,11,like,Likes and Favorites.Like List.ItemFavoriteList,https://www.tiktokv.com/share/video/7563084701871754551/,
2025-10-20 11:26:45-04:00,2025-10-20,11,like,Likes and Favorites.Like List.ItemFavoriteList,https://www.tiktokv.com/share/video/7545101408966593805/,
2025-10-20 11:20:07-04:00,2025-10-20,11,like,Likes and Favorites.Like List.ItemFavoriteList,https://www.tiktokv.com/share/video/7562594637265915166/,
2025-10-20 11:19:56-04:00,2025-10-20,11,like,Likes and Favorites.Like List.ItemFavoriteList,https://www.tiktokv.com/share/video/7558926964019449119/,
2025-10-20 11:19:53-04:00,2025-10-20,11,like,Likes and Favorites.Like List.ItemFavoriteList,https://www.tiktokv.com/share/video/7562786070463646996/,
2025-10-20 11:18:29-04:00,2025-10-20,11,like,Likes and Favorites.Like List.ItemFavoriteList,https://www.tiktokv.com/share/video/7563138902299692318/,
2025-10-20 11:18:16-04:00,2025-10-20,11,like,Likes and Favorites.Like List.ItemFavoriteList,https://www.tiktokv.com/share/video/7562623245766167830/,
2025-10-20 11:10:44-04:00,2025-10-20,11,like,Likes and Favorites.Like List.ItemFavoriteList,https://www.tiktokv.com/share/video/7562271050340306194/,
2025-10-20 11:09:32-04:00,2025-10-20,11,like,Likes and Favorites.Like List.ItemFavoriteList,https://www.tiktokv.com/share/video/7562266821596892446/,
2025-10-20 11:08:38-04:00,2025-10-20,11,like,Likes and Favorites.Like List.ItemFavoriteList,https://www.tiktokv.com/share/video/7561986008581983501/,
2025-10-20 01:53:35-04:00,2025-10-20,1,like,Likes and Favorites.Like List.ItemFavoriteList,https://www.tiktokv.com/share/video/7562032392853097759/,
2025-10-20 01:52:00-04:00,2025-10-20,1,like,Likes and Favorites.Like List.ItemFavoriteList,https://www.tiktokv.com/share/video/7551552404366314807/,
2025-10-20 01:50:57-04:00,2025-10-20,1,like,Likes and Favorites.Like List.ItemFavoriteList,https://www.tiktokv.com/share/video/7563041143689202957/,
2025-10-20 01:50:50-04:00,2025-10-20,1,like,Likes and Favorites.Like List.ItemFavoriteList,https://www.tiktokv.com/share/video/7562142920732642591/,
2025-10-20 01:49:30-04:00,2025-10-20,1,like,Likes and Favorites.Like List.ItemFavoriteList,https://www.tiktokv.com/share/video/7562575963016514846/,
2025-10-20 01:49:06-04:00,2025-10-20,1,like,Likes and Favorites.Like List.ItemFavoriteList,https://www.tiktokv.com/share/video/7562307429841554719/,
2025-10-20 01:47:49-04:00,2025-10-20,1,like,Likes and Favorites.Like List.ItemFavoriteList,https://www.tiktokv.com/share/video/7562634537679818006/,
2025-10-20 01:46:27-04:00,2025-10-20,1,like,Likes and Favorites.Like List.ItemFavoriteList,https://www.tiktokv.com/share/video/7560874440897203469/,
2025-10-20 01:46:19-04:00,2025-10-20,1,like,Likes and Favorites.Like List.ItemFavoriteList,https://www.tiktokv.com/share/video/7562222966159789345/,
2025-10-20 01:44:05-04:00,2025-10-20,1,like,Likes and Favorites.Like List.ItemFavoriteList,https://www.tiktokv.com/share/video/7562619388617133343/,
2025-10-20 01:43:29-04:00,2025-10-20,1,like,Likes and Favorites.Like List.ItemFavoriteList,https://www.tiktokv.com/share/video/7551588788061932831/,
2025-10-19 19:23:19-04:00,2025-10-19,19,like,Likes and Favorites.Like List.ItemFavoriteList,https://www.tiktokv.com/share/video/7553055751011454238/,
2025-10-19 17:45:23-04:00,2025-10-19,17,like,Likes and Favorites.Like List.ItemFavoriteList,https://www.tiktokv.com/share/video/7562310177731464479/,
2025-10-19 17:45:09-04:00,2025-10-19,17,like,Likes and Favorites.Like List.ItemFavoriteList,https://www.tiktokv.com/share/video/7562538713377541390/,
2025-10-19 17:45:00-04:00,2025-10-19,17,like,Likes and Favorites.Like List.ItemFavoriteList,https://www.tiktokv.com/share/video/7558255819398106376/,
2025-10-19 17:43:35-04:00,2025-10-19,17,like,Likes and Favorites.Like List.ItemFavoriteList,https://www.tiktokv.com/share/video/7562055352972250423/,
2025-10-19 17:43:00-04:00,2025-10-19,17,like,Likes and Favorites.Like List.ItemFavoriteList,https://www.tiktokv.com/share/video/7556991642926959885/,
2025-10-19 17:42:53-04:00,2025-10-19,17,like,Likes and Favorites.Like List.ItemFavoriteList,https://www.tiktokv.com/share/video/7562587052517199159/,
2025-10-19 17:42:04-04:00,2025-10-19,17,like,Likes and Favorites.Like List.ItemFavoriteList,https://www.tiktokv.com/share/video/7562189890905967902/,
2025-10-19 17:41:31-04:00,2025-10-19,17,like,Likes and Favorites.Like List.ItemFavoriteList,https://www.tiktokv.com/share/video/7561651391232625942/,
2025-10-19 17:41:01-04:00,2025-10-19,17,like,Likes and Favorites.Like List.ItemFavoriteList,https://www.tiktokv.com/share/video/7562257967874149663/,
2025-10-19 17:40:43-04:00,2025-10-19,17,like,Likes and Favorites.Like List.ItemFavoriteList,https://www.tiktokv.com/share/video/7557612700096892190/,
2025-10-19 17:40:34-04:00,2025-10-19,17,like,Likes and Favorites.Like List.ItemFavoriteList,https://www.tiktokv.com/share/video/7562423679225777439/,
2025-10-19 17:40:30-04:00,2025-10-19,17,like,Likes and Favorites.Like List.ItemFavoriteList,https://www.tiktokv.com/share/video/7562228917260602632/,
2025-10-19 17:40:05-04:00,2025-10-19,17,like,Likes and Favorites.Like List.ItemFavoriteList,https://www.tiktokv.com/share/video/7562562137973902622/,
2025-10-19 17:39:48-04:00,2025-10-19,17,like,Likes and Favorites.Like List.ItemFavoriteList,https://www.tiktokv.com/share/video/7559861700334341394/,
2025-10-19 17:39:20-04:00,2025-10-19,17,like,Likes and Favorites.Like List.ItemFavoriteList,https://www.tiktokv.com/share/video/7554579356333378847/,
2025-10-19 17:38:31-04:00,2025-10-19,17,like,Likes and Favorites.Like List.ItemFavoriteList,https://www.tiktokv.com/share/video/7549756560717745463/,
2025-10-19 17:37:51-04:00,2025-10-19,17,like,Likes and Favorites.Like List.ItemFavoriteList,https://www.tiktokv.com/share/video/7561620978141367565/,
2025-10-19 17:37:03-04:00,2025-10-19,17,like,Likes and Favorites.Like List.ItemFavoriteList,https://www.tiktokv.com/share/video/7559001040343846161/,
2025-10-19 17:34:33-04:00,2025-10-19,17,like,Likes and Favorites.Like List.ItemFavoriteList,https://www.tiktokv.com/share/video/7562400729952963854/,
2025-10-19 17:34:00-04:00,2025-10-19,17,like,Likes and Favorites.Like List.ItemFavoriteList,https://www.tiktokv.com/share/video/7562365152142642463/,
2025-10-19 17:33:32-04:00,2025-10-19,17,like,Likes and Favorites.Like List.ItemFavoriteList,https://www.tiktokv.com/share/video/7562622428338343199/,
2025-10-19 17:33:24-04:00,2025-10-19,17,like,Likes and Favorites.Like List.ItemFavoriteList,https://www.tiktokv.com/share/video/7560647874590117151/,
2025-10-19 17:33:07-04:00,2025-10-19,17,like,Likes and Favorites.Like List.ItemFavoriteList,https://www.tiktokv.com/share/video/7555371175879150862/,
2025-10-19 17:32:29-04:00,2025-10-19,17,like,Likes and Favorites.Like List.ItemFavoriteList,https://www.tiktokv.com/share/video/7559028422995873055/,
2025-10-19 17:32:12-04:00,2025-10-19,17,like,Likes and Favorites.Like List.ItemFavoriteList,https://www.tiktokv.com/share/video/7549944328567704854/,
2025-10-19 17:31:37-04:00,2025-10-19,17,like,Likes and Favorites.Like List.ItemFavoriteList,https://www.tiktokv.com/share/video/7562024267781623070/,
2025-10-19 17:31:23-04:00,2025-10-19,17,like,Likes and Favorites.Like List.ItemFavoriteList,https://www.tiktokv.com/share/video/7519626072451861815/,
2025-10-19 16:22:08-04:00,2025-10-19,16,like,Likes and Favorites.Like List.ItemFavoriteList,https://www.tiktokv.com/share/video/7562414808973315383/,
2025-10-18 16:36:14-04:00,2025-10-18,16,like,Likes and Favorites.Like List.ItemFavoriteList,https://www.tiktokv.com/share/video/7559434228467879199/,
2025-10-18 16:35:29-04:00,2025-10-18,16,like,Likes and Favorites.Like List.ItemFavoriteList,https://www.tiktokv.com/share/video/7555136101543906568/,
2025-10-18 16:34:35-04:00,2025-10-18,16,like,Likes and Favorites.Like List.ItemFavoriteList,https://www.tiktokv.com/share/video/7561927123644976397/,
2025-10-18 16:33:40-04:00,2025-10-18,16,like,Likes and Favorites.Like List.ItemFavoriteList,https://www.tiktokv.com/share/video/7552511753398045959/,
2025-10-18 10:58:19-04:00,2025-10-18,10,like,Likes and Favorites.Like List.ItemFavoriteList,https://www.tiktokv.com/share/video/7561945286940134678/,
2025-10-18 10:34:17-04:00,2025-10-18,10,like,Likes and Favorites.Like List.ItemFavoriteList,https://www.tiktokv.com/share/video/7541118309526310146/,
2025-10-18 08:53:52-04:00,2025-10-18,8,like,Likes and Favorites.Like List.ItemFavoriteList,https://www.tiktokv.com/share/video/7532103728816491807/,
2025-10-18 08:48:51-04:00,2025-10-18,8,like,Likes and Favorites.Like List.ItemFavoriteList,https://www.tiktokv.com/share/video/7543220542569057558/,
2025-10-18 08:43:33-04:00,2025-10-18,8,like,Likes and Favorites.Like List.ItemFavoriteList,https://www.tiktokv.com/share/video/7530606897368403222/,
2025-10-18 08:42:45-04:00,2025-10-18,8,like,Likes and Favorites.Like List.ItemFavoriteList,https://www.tiktokv.com/share/video/7561849134290865430/,
2025-10-18 08:42:12-04:00,2025-10-18,8,like,Likes and Favorites.Like List.ItemFavoriteList,https://www.tiktokv.com/share/video/7561820671303650591/,
2025-10-18 08:41:33-04:00,2025-10-18,8,like,Likes and Favorites.Like List.ItemFavoriteList,https://www.tiktokv.com/share/video/7561446095570750751/,
2025-10-18 08:41:07-04:00,2025-10-18,8,like,Likes and Favorites.Like List.ItemFavoriteList,https://www.tiktokv.com/share/video/7561772688776121614/,
2025-10-18 08:40:41-04:00,2025-10-18,8,like,Likes and Favorites.Like List.ItemFavoriteList,https://www.tiktokv.com/share/video/7562209129234779406/,
2025-10-18 08:37:54-04:00,2025-10-18,8,like,Likes and Favorites.Like List.ItemFavoriteList,https://www.tiktokv.com/share/video/7518887398068079903/,
2025-10-18 08:36:15-04:00,2025-10-18,8,like,Likes and Favorites.Like List.ItemFavoriteList,https://www.tiktokv.com/share/video/7085819904426888494/,
2025-10-18 08:32:59-04:00,2025-10-18,8,like,Likes and Favorites.Like List.ItemFavoriteList,https://www.tiktokv.com/share/video/7331776556701895978/,
2025-10-18 08:31:34-04:00,2025-10-18,8,like,Likes and Favorites.Like List.ItemFavoriteList,https://www.tiktokv.com/share/video/7561360570608405778/,
2025-10-18 08:30:27-04:00,2025-10-18,8,like,Likes and Favorites.Like List.ItemFavoriteList,https://www.tiktokv.com/share/video/7556477428130991374/,
2025-10-18 08:28:46-04:00,2025-10-18,8,like,Likes and Favorites.Like List.ItemFavoriteList,https://www.tiktokv.com/share/video/7554806739460246798/,
2025-10-18 08:27:37-04:00,2025-10-18,8,like,Likes and Favorites.Like List.ItemFavoriteList,https://www.tiktokv.com/share/video/7552228029833940237/,
2025-10-18 08:27:31-04:00,2025-10-18,8,like,Likes and Favorites.Like List.ItemFavoriteList,https://www.tiktokv.com/share/video/7560055006209068301/,
2025-10-18 08:27:14-04:00,2025-10-18,8,like,Likes and Favorites.Like List.ItemFavoriteList,https://www.tiktokv.com/share/video/7561910595461614850/,
2025-10-18 08:25:27-04:00,2025-10-18,8,like,Likes and Favorites.Like List.ItemFavoriteList,https://www.tiktokv.com/share/video/7562112061107359031/,
2025-10-18 08:25:15-04:00,2025-10-18,8,like,Likes and Favorites.Like List.ItemFavoriteList,https://www.tiktokv.com/share/video/7559705307530693902/,
2025-10-18 08:24:33-04:00,2025-10-18,8,like,Likes and Favorites.Like List.ItemFavoriteList,https://www.tiktokv.com/share/video/7561193588164545822/,
2025-10-18 08:22:08-04:00,2025-10-18,8,like,Likes and Favorites.Like List.ItemFavoriteList,https://www.tiktokv.com/share/video/7562391402626256159/,
2025-10-18 08:21:02-04:00,2025-10-18,8,like,Likes and Favorites.Like List.ItemFavoriteList,https://www.tiktokv.com/share/video/7562204047906819359/,
2025-10-18 08:19:43-04:00,2025-10-18,8,like,Likes and Favorites.Like List.ItemFavoriteList,https://www.tiktokv.com/share/video/7562228968913505558/,
2025-10-18 08:19:28-04:00,2025-10-18,8,like,Likes and Favorites.Like List.ItemFavoriteList,https://www.tiktokv.com/share/video/7560899226453003550/,
2025-10-18 08:15:35-04:00,2025-10-18,8,like,Likes and Favorites.Like List.ItemFavoriteList,https://www.tiktokv.com/share/video/7561774880497110302/,
2025-10-18 08:09:51-04:00,2025-10-18,8,like,Likes and Favorites.Like List.ItemFavoriteList,https://www.tiktokv.com/share/video/7561817975397813535/,
2025-10-18 08:08:49-04:00,2025-10-18,8,like,Likes and Favorites.Like List.ItemFavoriteList,https://www.tiktokv.com/share/video/7561058177752517919/,
2025-10-18 08:06:56-04:00,2025-10-18,8,like,Likes and Favorites.Like List.ItemFavoriteList,https://www.tiktokv.com/share/video/7561325614049791288/,
2025-10-18 08:02:26-04:00,2025-10-18,8,like,Likes and Favorites.Like List.ItemFavoriteList,https://www.tiktokv.com/share/video/7561528335130430751/,
2025-10-18 07:59:08-04:00,2025-10-18,7,like,Likes and Favorites.Like List.ItemFavoriteList,https://www.tiktokv.com/share/video/7558503228992769311/,
2025-10-18 07:58:50-04:00,2025-10-18,7,like,Likes and Favorites.Like List.ItemFavoriteList,https://www.tiktokv.com/share/video/7562186301869460749/,
2025-10-18 07:58:24-04:00,2025-10-18,7,like,Likes and Favorites.Like List.ItemFavoriteList,https://www.tiktokv.com/share/video/7561875026610359574/,
2025-10-18 07:57:41-04:00,2025-10-18,7,like,Likes and Favorites.Like List.ItemFavoriteList,https://www.tiktokv.com/share/video/7561769386130869534/,
2025-10-18 07:56:11-04:00,2025-10-18,7,like,Likes and Favorites.Like List.ItemFavoriteList,https://www.tiktokv.com/share/video/7561965333234371870/,
2025-10-18 07:45:48-04:00,2025-10-18,7,like,Likes and Favorites.Like List.ItemFavoriteList,https://www.tiktokv.com/share/video/7561897432808803615/,
2025-10-18 02:11:46-04:00,2025-10-18,2,like,Likes and Favorites.Like List.ItemFavoriteList,https://www.tiktokv.com/share/video/7562251697423174926/,
2025-10-18 02:10:09-04:00,2025-10-18,2,like,Likes and Favorites.Like List.ItemFavoriteList,https://www.tiktokv.com/share/video/7562237229607701790/,
2025-10-18 01:30:17-04:00,2025-10-18,1,like,Likes and Favorites.Like List.ItemFavoriteList,https://www.tiktokv.com/share/video/7561661466466585911/,
2025-10-18 01:29:51-04:00,2025-10-18,1,like,Likes and Favorites.Like List.ItemFavoriteList,https://www.tiktokv.com/share/video/7560577558044101918/,
2025-10-18 01:28:54-04:00,2025-10-18,1,like,Likes and Favorites.Like List.ItemFavoriteList,https://www.tiktokv.com/share/video/7547286575269399830/,
2025-10-18 01:28:40-04:00,2025-10-18,1,like,Likes and Favorites.Like List.ItemFavoriteList,https://www.tiktokv.com/share/video/7562188880917695760/,
2025-10-18 01:28:10-04:00,2025-10-18,1,like,Likes and Favorites.Like List.ItemFavoriteList,https://www.tiktokv.com/share/video/7546532909713345799/,
2025-10-18 01:27:40-04:00,2025-10-18,1,like,Likes and Favorites.Like List.ItemFavoriteList,https://www.tiktokv.com/share/video/7559321758579412254/,
2025-10-18 01:27:18-04:00,2025-10-18,1,like,Likes and Favorites.Like List.ItemFavoriteList,https://www.tiktokv.com/share/video/7562062236127186206/,
2025-10-18 01:24:23-04:00,2025-10-18,1,like,Likes and Favorites.Like List.ItemFavoriteList,https://www.tiktokv.com/share/video/7560831119919189261/,
2025-10-18 01:24:13-04:00,2025-10-18,1,like,Likes and Favorites.Like List.ItemFavoriteList,https://www.tiktokv.com/share/video/7562373837103320351/,
2025-10-17 21:12:07-04:00,2025-10-17,21,like,Likes and Favorites.Like List.ItemFavoriteList,https://www.tiktokv.com/share/video/7561302703821819158/,
2025-10-17 21:10:53-04:00,2025-10-17,21,like,Likes and Favorites.Like List.ItemFavoriteList,https://www.tiktokv.com/share/video/7556004465103392014/,
2025-10-17 14:43:55-04:00,2025-10-17,14,like,Likes and Favorites.Like List.ItemFavoriteList,https://www.tiktokv.com/share/video/7561639284269141278/,
2025-10-17 14:39:32-04:00,2025-10-17,14,like,Likes and Favorites.Like List.ItemFavoriteList,https://www.tiktokv.com/share/video/7561888913246244127/,
2025-10-17 14:39:08-04:00,2025-10-17,14,like,Likes and Favorites.Like List.ItemFavoriteList,https://www.tiktokv.com/share/video/7561687733509393695/,
2025-10-17 14:33:31-04:00,2025-10-17,14,like,Likes and Favorites.Like List.ItemFavoriteList,https://www.tiktokv.com/share/video/7561560798238100766/,
2025-10-17 14:32:13-04:00,2025-10-17,14,like,Likes and Favorites.Like List.ItemFavoriteList,https://www.tiktokv.com/share/video/7558523627088416030/,
2025-10-17 12:50:27-04:00,2025-10-17,12,like,Likes and Favorites.Like List.ItemFavoriteList,https://www.tiktokv.com/share/video/7560910803348557086/,
2025-10-17 12:48:55-04:00,2025-10-17,12,like,Likes and Favorites.Like List.ItemFavoriteList,https://www.tiktokv.com/share/video/7561158126087490829/,
2025-10-17 12:48:16-04:00,2025-10-17,12,like,Likes and Favorites.Like List.ItemFavoriteList,https://www.tiktokv.com/share/video/7546368577943637262/,
2025-10-17 12:47:01-04:00,2025-10-17,12,like,Likes and Favorites.Like List.ItemFavoriteList,https://www.tiktokv.com/share/video/7561583417935056183/,
2025-10-17 12:46:14-04:00,2025-10-17,12,like,Likes and Favorites.Like List.ItemFavoriteList,https://www.tiktokv.com/share/video/7552763296500206878/,
2025-10-17 12:45:08-04:00,2025-10-17,12,like,Likes and Favorites.Like List.ItemFavoriteList,https://www.tiktokv.com/share/video/7560924116966984981/,
2025-10-17 12:40:15-04:00,2025-10-17,12,like,Likes and Favorites.Like List.ItemFavoriteList,https://www.tiktokv.com/share/video/7561199622018895159/,
2025-10-17 12:17:49-04:00,2025-10-17,12,like,Likes and Favorites.Like List.ItemFavoriteList,https://www.tiktokv.com/share/video/7561786668773117215/,
2025-10-17 12:16:26-04:00,2025-10-17,12,like,Likes and Favorites.Like List.ItemFavoriteList,https://www.tiktokv.com/share/video/7541380645361143048/,
2025-10-17 12:13:25-04:00,2025-10-17,12,like,Likes and Favorites.Like List.ItemFavoriteList,https://www.tiktokv.com/share/video/7561205081421417736/,
2025-10-17 12:10:20-04:00,2025-10-17,12,like,Likes and Favorites.Like List.ItemFavoriteList,https://www.tiktokv.com/share/video/7562210575455915278/,
2025-10-17 12:09:57-04:00,2025-10-17,12,like,Likes and Favorites.Like List.ItemFavoriteList,https://www.tiktokv.com/share/video/7556345326420921630/,
2025-10-17 12:05:59-04:00,2025-10-17,12,like,Likes and Favorites.Like List.ItemFavoriteList,https://www.tiktokv.com/share/video/7559227595225566477/,
2025-10-17 12:05:35-04:00,2025-10-17,12,like,Likes and Favorites.Like List.ItemFavoriteList,https://www.tiktokv.com/share/video/7560840220984233229/,
2025-10-17 11:59:30-04:00,2025-10-17,11,like,Likes and Favorites.Like List.ItemFavoriteList,https://www.tiktokv.com/share/video/7561166393148837134/,
2025-10-17 11:53:19-04:00,2025-10-17,11,like,Likes and Favorites.Like List.ItemFavoriteList,https://www.tiktokv.com/share/video/7554465862258871565/,
2025-10-17 11:53:04-04:00,2025-10-17,11,like,Likes and Favorites.Like List.ItemFavoriteList,https://www.tiktokv.com/share/video/7540846555251756301/,
2025-10-17 11:48:51-04:00,2025-10-17,11,like,Likes and Favorites.Like List.ItemFavoriteList,https://www.tiktokv.com/share/video/7561379916416158990/,
2025-10-17 11:48:06-04:00,2025-10-17,11,like,Likes and Favorites.Like List.ItemFavoriteList,https://www.tiktokv.com/share/video/7552616506639650103/,
2025-10-17 11:47:02-04:00,2025-10-17,11,like,Likes and Favorites.Like List.ItemFavoriteList,https://www.tiktokv.com/share/video/7557074230370766110/,
2025-10-17 11:44:25-04:00,2025-10-17,11,like,Likes and Favorites.Like List.ItemFavoriteList,https://www.tiktokv.com/share/video/7560854940357266718/,
2025-10-17 11:39:21-04:00,2025-10-17,11,like,Likes and Favorites.Like List.ItemFavoriteList,https://www.tiktokv.com/share/video/7543788384666324237/,
2025-10-17 11:38:00-04:00,2025-10-17,11,like,Likes and Favorites.Like List.ItemFavoriteList,https://www.tiktokv.com/share/video/7561864620009458958/,
2025-10-17 11:33:58-04:00,2025-10-17,11,like,Likes and Favorites.Like List.ItemFavoriteList,https://www.tiktokv.com/share/video/7561954444821253398/,
2025-10-17 11:31:41-04:00,2025-10-17,11,like,Likes and Favorites.Like List.ItemFavoriteList,https://www.tiktokv.com/share/video/7561893959526649118/,
2025-10-17 11:30:45-04:00,2025-10-17,11,like,Likes and Favorites.Like List.ItemFavoriteList,https://www.tiktokv.com/share/video/7560952551382863134/,
2025-10-17 11:29:39-04:00,2025-10-17,11,like,Likes and Favorites.Like List.ItemFavoriteList,https://www.tiktokv.com/share/video/7540432140391992607/,
2025-10-17 11:28:05-04:00,2025-10-17,11,like,Likes and Favorites.Like List.ItemFavoriteList,https://www.tiktokv.com/share/video/7560729230452198664/,
2025-10-17 11:27:14-04:00,2025-10-17,11,like,Likes and Favorites.Like List.ItemFavoriteList,https://www.tiktokv.com/share/video/7561112517347413256/,
2025-10-17 11:26:34-04:00,2025-10-17,11,like,Likes and Favorites.Like List.ItemFavoriteList,https://www.tiktokv.com/share/video/7561516310904032542/,
2025-10-17 11:24:16-04:00,2025-10-17,11,like,Likes and Favorites.Like List.ItemFavoriteList,https://www.tiktokv.com/share/video/7559956116453494038/,
2025-10-17 01:11:42-04:00,2025-10-17,1,like,Likes and Favorites.Like List.ItemFavoriteList,https://www.tiktokv.com/share/video/7561294934637088030/,
2025-10-17 01:10:34-04:00,2025-10-17,1,like,Likes and Favorites.Like List.ItemFavoriteList,https://www.tiktokv.com/share/video/7554959972719725855/,
2025-10-17 00:59:04-04:00,2025-10-17,0,like,Likes and Favorites.Like List.ItemFavoriteList,https://www.tiktokv.com/share/video/7550704536327933214/,
2025-10-16 22:50:34-04:00,2025-10-16,22,like,Likes and Favorites.Like List.ItemFavoriteList,https://www.tiktokv.com/share/video/7561174810080955703/,
2025-10-16 22:04:11-04:00,2025-10-16,22,like,Likes and Favorites.Like List.ItemFavoriteList,https://www.tiktokv.com/share/video/7543728846818774302/,
2025-10-16 22:03:39-04:00,2025-10-16,22,like,Likes and Favorites.Like List.ItemFavoriteList,https://www.tiktokv.com/share/video/7561890585116675359/,
2025-10-16 21:47:24-04:00,2025-10-16,21,like,Likes and Favorites.Like List.ItemFavoriteList,https://www.tiktokv.com/share/video/7561371745953844510/,
2025-10-16 21:46:41-04:00,2025-10-16,21,like,Likes and Favorites.Like List.ItemFavoriteList,https://www.tiktokv.com/share/video/7541172377493802253/,
2025-10-16 21:45:45-04:00,2025-10-16,21,like,Likes and Favorites.Like List.ItemFavoriteList,https://www.tiktokv.com/share/video/7559660585692957965/,
2025-10-16 21:44:19-04:00,2025-10-16,21,like,Likes and Favorites.Like List.ItemFavoriteList,https://www.tiktokv.com/share/video/7550737637204610326/,
2025-10-16 21:44:07-04:00,2025-10-16,21,like,Likes and Favorites.Like List.ItemFavoriteList,https://www.tiktokv.com/share/video/7561722780232748343/,
2025-10-16 21:43:15-04:00,2025-10-16,21,like,Likes and Favorites.Like List.ItemFavoriteList,https://www.tiktokv.com/share/video/7556450190014696712/,
2025-10-16 21:43:04-04:00,2025-10-16,21,like,Likes and Favorites.Like List.ItemFavoriteList,https://www.tiktokv.com/share/video/7560487104397004062/,
2025-10-16 21:42:36-04:00,2025-10-16,21,like,Likes and Favorites.Like List.ItemFavoriteList,https://www.tiktokv.com/share/video/7545455823380598047/,
2025-10-16 21:39:51-04:00,2025-10-16,21,like,Likes and Favorites.Like List.ItemFavoriteList,https://www.tiktokv.com/share/video/7540466341040426296/,
2025-10-16 18:15:14-04:00,2025-10-16,18,like,Likes and Favorites.Like List.ItemFavoriteList,https://www.tiktokv.com/share/video/7561398519144238366/,
2025-10-16 18:13:12-04:00,2025-10-16,18,like,Likes and Favorites.Like List.ItemFavoriteList,https://www.tiktokv.com/share/video/7554589899676994830/,
2025-10-16 18:12:48-04:00,2025-10-16,18,like,Likes and Favorites.Like List.ItemFavoriteList,https://www.tiktokv.com/share/video/7553380239871724830/,
2025-10-16 18:09:53-04:00,2025-10-16,18,like,Likes and Favorites.Like List.ItemFavoriteList,https://www.tiktokv.com/share/video/7561527047588302111/,
2025-10-16 18:09:34-04:00,2025-10-16,18,like,Likes and Favorites.Like List.ItemFavoriteList,https://www.tiktokv.com/share/video/7558377398253702430/,
2025-10-16 18:08:44-04:00,2025-10-16,18,like,Likes and Favorites.Like List.ItemFavoriteList,https://www.tiktokv.com/share/video/7555913781583367454/,
2025-10-16 18:08:22-04:00,2025-10-16,18,like,Likes and Favorites.Like List.ItemFavoriteList,https://www.tiktokv.com/share/video/7561090490569903374/,
2025-10-16 18:07:17-04:00,2025-10-16,18,like,Likes and Favorites.Like List.ItemFavoriteList,https://www.tiktokv.com/share/video/7542601811480415501/,
2025-10-16 18:06:01-04:00,2025-10-16,18,like,Likes and Favorites.Like List.ItemFavoriteList,https://www.tiktokv.com/share/video/7561455843024096534/,
2025-10-16 18:04:42-04:00,2025-10-16,18,like,Likes and Favorites.Like List.ItemFavoriteList,https://www.tiktokv.com/share/video/7541979860076334350/,
2025-10-16 18:02:55-04:00,2025-10-16,18,like,Likes and Favorites.Like List.ItemFavoriteList,https://www.tiktokv.com/share/video/7552331527288311053/,
2025-10-16 18:02:02-04:00,2025-10-16,18,like,Likes and Favorites.Like List.ItemFavoriteList,https://www.tiktokv.com/share/video/7559683962197593375/,
2025-10-16 18:01:43-04:00,2025-10-16,18,like,Likes and Favorites.Like List.ItemFavoriteList,https://www.tiktokv.com/share/video/7561123534802619679/,
2025-10-16 18:00:26-04:00,2025-10-16,18,like,Likes and Favorites.Like List.ItemFavoriteList,https://www.tiktokv.com/share/video/7545198512766520589/,
2025-10-16 17:59:36-04:00,2025-10-16,17,like,Likes and Favorites.Like List.ItemFavoriteList,https://www.tiktokv.com/share/video/7561865855823367455/,
2025-10-16 17:59:26-04:00,2025-10-16,17,like,Likes and Favorites.Like List.ItemFavoriteList,https://www.tiktokv.com/share/video/7561452052941999373/,
2025-10-16 17:58:45-04:00,2025-10-16,17,like,Likes and Favorites.Like List.ItemFavoriteList,https://www.tiktokv.com/share/video/7561413641224883486/,
2025-10-16 17:58:03-04:00,2025-10-16,17,like,Likes and Favorites.Like List.ItemFavoriteList,https://www.tiktokv.com/share/video/7561479223655894292/,
2025-10-16 17:23:23-04:00,2025-10-16,17,like,Likes and Favorites.Like List.ItemFavoriteList,https://www.tiktokv.com/share/video/7369292950464941345/,
2025-10-16 17:22:21-04:00,2025-10-16,17,like,Likes and Favorites.Like List.ItemFavoriteList,https://www.tiktokv.com/share/video/7424931608853056814/,
2025-10-16 17:08:25-04:00,2025-10-16,17,like,Likes and Favorites.Like List.ItemFavoriteList,https://www.tiktokv.com/share/video/7555762023682821431/,
2025-10-16 17:08:11-04:00,2025-10-16,17,like,Likes and Favorites.Like List.ItemFavoriteList,https://www.tiktokv.com/share/video/7558860937403436311/,
2025-10-16 17:06:33-04:00,2025-10-16,17,like,Likes and Favorites.Like List.ItemFavoriteList,https://www.tiktokv.com/share/video/7561590036156665102/,
2025-10-16 17:01:49-04:00,2025-10-16,17,like,Likes and Favorites.Like List.ItemFavoriteList,https://www.tiktokv.com/share/video/7548648802719157534/,
2025-10-16 17:01:09-04:00,2025-10-16,17,like,Likes and Favorites.Like List.ItemFavoriteList,https://www.tiktokv.com/share/video/7560801744997879095/,
2025-10-16 17:00:53-04:00,2025-10-16,17,like,Likes and Favorites.Like List.ItemFavoriteList,https://www.tiktokv.com/share/video/7552526001478192414/,
2025-10-16 17:00:35-04:00,2025-10-16,17,like,Likes and Favorites.Like List.ItemFavoriteList,https://www.tiktokv.com/share/video/7560780559081950494/,
2025-10-16 16:58:58-04:00,2025-10-16,16,like,Likes and Favorites.Like List.ItemFavoriteList,https://www.tiktokv.com/share/video/7546311739164413215/,
2025-10-16 14:09:06-04:00,2025-10-16,14,like,Likes and Favorites.Like List.ItemFavoriteList,https://www.tiktokv.com/share/video/7549193073096461598/,
2025-10-16 14:08:19-04:00,2025-10-16,14,like,Likes and Favorites.Like List.ItemFavoriteList,https://www.tiktokv.com/share/video/7556091897727569183/,
2025-10-16 14:07:02-04:00,2025-10-16,14,like,Likes and Favorites.Like List.ItemFavoriteList,https://www.tiktokv.com/share/video/7551853263633550599/,
2025-10-16 14:06:38-04:00,2025-10-16,14,like,Likes and Favorites.Like List.ItemFavoriteList,https://www.tiktokv.com/share/video/7560973308892646670/,
2025-10-16 14:06:15-04:00,2025-10-16,14,like,Likes and Favorites.Like List.ItemFavoriteList,https://www.tiktokv.com/share/video/7551517276684569911/,
2025-10-16 14:05:59-04:00,2025-10-16,14,like,Likes and Favorites.Like List.ItemFavoriteList,https://www.tiktokv.com/share/video/7561794417279962382/,
2025-10-16 14:05:42-04:00,2025-10-16,14,like,Likes and Favorites.Like List.ItemFavoriteList,https://www.tiktokv.com/share/video/7560866428404993310/,
2025-10-16 14:03:21-04:00,2025-10-16,14,like,Likes and Favorites.Like List.ItemFavoriteList,https://www.tiktokv.com/share/video/7540703317551353110/,
2025-10-16 14:03:01-04:00,2025-10-16,14,like,Likes and Favorites.Like List.ItemFavoriteList,https://www.tiktokv.com/share/video/7559393414039604498/,
2025-10-16 14:02:24-04:00,2025-10-16,14,like,Likes and Favorites.Like List.ItemFavoriteList,https://www.tiktokv.com/share/video/7561267434087402783/,
2025-10-16 14:02:11-04:00,2025-10-16,14,like,Likes and Favorites.Like List.ItemFavoriteList,https://www.tiktokv.com/share/video/7545278655941872926/,
2025-10-16 14:01:41-04:00,2025-10-16,14,like,Likes and Favorites.Like List.ItemFavoriteList,https://www.tiktokv.com/share/video/7561679155499207966/,
2025-10-16 13:58:55-04:00,2025-10-16,13,like,Likes and Favorites.Like List.ItemFavoriteList,https://www.tiktokv.com/share/video/7561169385159658807/,
2025-10-16 13:56:41-04:00,2025-10-16,13,like,Likes and Favorites.Like List.ItemFavoriteList,https://www.tiktokv.com/share/video/7548912400448195854/,
2025-10-16 13:56:17-04:00,2025-10-16,13,like,Likes and Favorites.Like List.ItemFavoriteList,https://www.tiktokv.com/share/video/7555986634588654870/,
2025-10-16 13:54:24-04:00,2025-10-16,13,like,Likes and Favorites.Like List.ItemFavoriteList,https://www.tiktokv.com/share/video/7538932786816650518/,
2025-10-16 11:33:58-04:00,2025-10-16,11,like,Likes and Favorites.Like List.ItemFavoriteList,https://www.tiktokv.com/share/video/7561603651492433182/,
2025-10-16 11:33:32-04:00,2025-10-16,11,like,Likes and Favorites.Like List.ItemFavoriteList,https://www.tiktokv.com/share/video/7558879175952633143/,
2025-10-16 11:32:35-04:00,2025-10-16,11,like,Likes and Favorites.Like List.ItemFavoriteList,https://www.tiktokv.com/share/video/7548052373717978386/,
2025-10-16 11:32:26-04:00,2025-10-16,11,like,Likes and Favorites.Like List.ItemFavoriteList,https://www.tiktokv.com/share/video/7561145083865664782/,
2025-10-16 11:31:49-04:00,2025-10-16,11,like,Likes and Favorites.Like List.ItemFavoriteList,https://www.tiktokv.com/share/video/7559717264660942094/,
2025-10-16 11:31:11-04:00,2025-10-16,11,like,Likes and Favorites.Like List.ItemFavoriteList,https://www.tiktokv.com/share/video/7561181393569484054/,
2025-10-16 11:26:51-04:00,2025-10-16,11,like,Likes and Favorites.Like List.ItemFavoriteList,https://www.tiktokv.com/share/video/7560395598378192158/,
2025-10-16 11:25:13-04:00,2025-10-16,11,like,Likes and Favorites.Like List.ItemFavoriteList,https://www.tiktokv.com/share/video/7550652740892986654/,
2025-10-16 11:24:38-04:00,2025-10-16,11,like,Likes and Favorites.Like List.ItemFavoriteList,https://www.tiktokv.com/share/video/7561658053142023455/,
2025-10-16 11:23:06-04:00,2025-10-16,11,like,Likes and Favorites.Like List.ItemFavoriteList,https://www.tiktokv.com/share/video/7561416130057751830/,
2025-10-16 11:22:46-04:00,2025-10-16,11,like,Likes and Favorites.Like List.ItemFavoriteList,https://www.tiktokv.com/share/video/7557187120587197726/,
2025-10-16 11:22:24-04:00,2025-10-16,11,like,Likes and Favorites.Like List.ItemFavoriteList,https://www.tiktokv.com/share/video/7560706280248118542/,
2025-10-16 11:22:05-04:00,2025-10-16,11,like,Likes and Favorites.Like List.ItemFavoriteList,https://www.tiktokv.com/share/video/7560974334148332830/,
2025-10-16 11:21:20-04:00,2025-10-16,11,like,Likes and Favorites.Like List.ItemFavoriteList,https://www.tiktokv.com/share/video/7561138804124437790/,
2025-10-16 11:21:03-04:00,2025-10-16,11,like,Likes and Favorites.Like List.ItemFavoriteList,https://www.tiktokv.com/share/video/7561220013860883767/,
2025-10-16 11:19:37-04:00,2025-10-16,11,like,Likes and Favorites.Like List.ItemFavoriteList,https://www.tiktokv.com/share/video/7561366197342784799/,
2025-10-16 11:19:23-04:00,2025-10-16,11,like,Likes and Favorites.Like List.ItemFavoriteList,https://www.tiktokv.com/share/video/7561133461008960790/,
2025-10-16 11:19:07-04:00,2025-10-16,11,like,Likes and Favorites.Like List.ItemFavoriteList,https://www.tiktokv.com/share/video/7557477143773482253/,
2025-10-16 11:01:46-04:00,2025-10-16,11,like,Likes and Favorites.Like List.ItemFavoriteList,https://www.tiktokv.com/share/video/7559611509148536078/,
2025-10-16 11:01:31-04:00,2025-10-16,11,like,Likes and Favorites.Like List.ItemFavoriteList,https://www.tiktokv.com/share/video/7535090547124440327/,
2025-10-16 10:59:39-04:00,2025-10-16,10,like,Likes and Favorites.Like List.ItemFavoriteList,https://www.tiktokv.com/share/video/7560810786692648223/,
2025-10-16 09:26:56-04:00,2025-10-16,9,like,Likes and Favorites.Like List.ItemFavoriteList,https://www.tiktokv.com/share/video/7561097123358395668/,
2025-10-16 09:24:43-04:00,2025-10-16,9,like,Likes and Favorites.Like List.ItemFavoriteList,https://www.tiktokv.com/share/video/7560378952590560543/,
2025-10-16 09:24:04-04:00,2025-10-16,9,like,Likes and Favorites.Like List.ItemFavoriteList,https://www.tiktokv.com/share/video/7555695260194606358/,
2025-10-15 20:38:09-04:00,2025-10-15,20,like,Likes and Favorites.Like List.ItemFavoriteList,https://www.tiktokv.com/share/video/7546394897167748407/,
2025-10-15 15:37:04-04:00,2025-10-15,15,like,Likes and Favorites.Like List.ItemFavoriteList,https://www.tiktokv.com/share/video/7558820127869816082/,
2025-10-15 15:33:04-04:00,2025-10-15,15,like,Likes and Favorites.Like List.ItemFavoriteList,https://www.tiktokv.com/share/video/7546057918295084319/,
2025-10-15 15:31:55-04:00,2025-10-15,15,like,Likes and Favorites.Like List.ItemFavoriteList,https://www.tiktokv.com/share/video/7560729186910932279/,
2025-10-15 15:31:38-04:00,2025-10-15,15,like,Likes and Favorites.Like List.ItemFavoriteList,https://www.tiktokv.com/share/video/7561203416270261534/,
2025-10-15 15:30:50-04:00,2025-10-15,15,like,Likes and Favorites.Like List.ItemFavoriteList,https://www.tiktokv.com/share/video/7537176694361312543/,
2025-10-15 15:30:06-04:00,2025-10-15,15,like,Likes and Favorites.Like List.ItemFavoriteList,https://www.tiktokv.com/share/video/7560735532150525198/,
2025-10-15 15:26:33-04:00,2025-10-15,15,like,Likes and Favorites.Like List.ItemFavoriteList,https://www.tiktokv.com/share/video/7560861661553380638/,
2025-10-15 15:25:30-04:00,2025-10-15,15,like,Likes and Favorites.Like List.ItemFavoriteList,https://www.tiktokv.com/share/video/7551922426486017310/,
2025-10-15 15:24:07-04:00,2025-10-15,15,like,Likes and Favorites.Like List.ItemFavoriteList,https://www.tiktokv.com/share/video/7553801484865948958/,
2025-10-15 15:23:56-04:00,2025-10-15,15,like,Likes and Favorites.Like List.ItemFavoriteList,https://www.tiktokv.com/share/video/7560700852386761998/,
2025-10-15 15:22:13-04:00,2025-10-15,15,like,Likes and Favorites.Like List.ItemFavoriteList,https://www.tiktokv.com/share/video/7560014512968027422/,
2025-10-15 15:20:57-04:00,2025-10-15,15,like,Likes and Favorites.Like List.ItemFavoriteList,https://www.tiktokv.com/share/video/7560814466971995447/,
2025-10-15 15:20:25-04:00,2025-10-15,15,like,Likes and Favorites.Like List.ItemFavoriteList,https://www.tiktokv.com/share/video/7551855204795239735/,
2025-10-15 15:19:34-04:00,2025-10-15,15,like,Likes and Favorites.Like List.ItemFavoriteList,https://www.tiktokv.com/share/video/7554942391405251852/,
2025-10-15 15:16:02-04:00,2025-10-15,15,like,Likes and Favorites.Like List.ItemFavoriteList,https://www.tiktokv.com/share/video/7560864845449448734/,
2025-10-15 15:15:50-04:00,2025-10-15,15,like,Likes and Favorites.Like List.ItemFavoriteList,https://www.tiktokv.com/share/video/7560278016568413462/,
2025-10-15 15:15:09-04:00,2025-10-15,15,like,Likes and Favorites.Like List.ItemFavoriteList,https://www.tiktokv.com/share/video/7561230191750647071/,
2025-10-15 15:14:31-04:00,2025-10-15,15,like,Likes and Favorites.Like List.ItemFavoriteList,https://www.tiktokv.com/share/video/7561075555219639607/,
2025-10-15 15:13:53-04:00,2025-10-15,15,like,Likes and Favorites.Like List.ItemFavoriteList,https://www.tiktokv.com/share/video/7560745771256122655/,
2025-10-15 15:13:10-04:00,2025-10-15,15,like,Likes and Favorites.Like List.ItemFavoriteList,https://www.tiktokv.com/share/video/7558966432508251406/,
2025-10-15 10:21:58-04:00,2025-10-15,10,like,Likes and Favorites.Like List.ItemFavoriteList,https://www.tiktokv.com/share/video/7560985395878579486/,
2025-10-15 10:18:13-04:00,2025-10-15,10,like,Likes and Favorites.Like List.ItemFavoriteList,https://www.tiktokv.com/share/video/7560825147934969101/,
2025-10-15 10:18:04-04:00,2025-10-15,10,like,Likes and Favorites.Like List.ItemFavoriteList,https://www.tiktokv.com/share/video/7558113052743175456/,
2025-10-15 09:12:51-04:00,2025-10-15,9,like,Likes and Favorites.Like List.ItemFavoriteList,https://www.tiktokv.com/share/video/7545737109865254158/,
2025-10-15 00:18:22-04:00,2025-10-15,0,like,Likes and Favorites.Like List.ItemFavoriteList,https://www.tiktokv.com/share/video/7560521596713192759/,
2025-10-14 19:33:02-04:00,2025-10-14,19,like,Likes and Favorites.Like List.ItemFavoriteList,https://www.tiktokv.com/share/video/7560017032503102742/,
2025-10-14 19:31:29-04:00,2025-10-14,19,like,Likes and Favorites.Like List.ItemFavoriteList,https://www.tiktokv.com/share/video/7556829960720108818/,
2025-10-14 17:21:00-04:00,2025-10-14,17,like,Likes and Favorites.Like List.ItemFavoriteList,https://www.tiktokv.com/share/video/7560469617785818381/,
2025-10-14 15:30:52-04:00,2025-10-14,15,like,Likes and Favorites.Like List.ItemFavoriteList,https://www.tiktokv.com/share/video/7560537454818692383/,
2025-10-14 15:30:26-04:00,2025-10-14,15,like,Likes and Favorites.Like List.ItemFavoriteList,https://www.tiktokv.com/share/video/7560439056237120823/,
2025-10-14 15:29:40-04:00,2025-10-14,15,like,Likes and Favorites.Like List.ItemFavoriteList,https://www.tiktokv.com/share/video/7539206162776984863/,
2025-10-14 15:29:09-04:00,2025-10-14,15,like,Likes and Favorites.Like List.ItemFavoriteList,https://www.tiktokv.com/share/video/7545159113408269590/,
2025-10-14 15:28:38-04:00,2025-10-14,15,like,Likes and Favorites.Like List.ItemFavoriteList,https://www.tiktokv.com/share/video/7560736369321069842/,
2025-10-14 15:28:31-04:00,2025-10-14,15,like,Likes and Favorites.Like List.ItemFavoriteList,https://www.tiktokv.com/share/video/7534926887252970765/,
2025-10-14 15:26:46-04:00,2025-10-14,15,like,Likes and Favorites.Like List.ItemFavoriteList,https://www.tiktokv.com/share/video/7560831578604178702/,
2025-10-14 15:25:11-04:00,2025-10-14,15,like,Likes and Favorites.Like List.ItemFavoriteList,https://www.tiktokv.com/share/video/7560642144524979511/,
2025-10-14 14:15:05-04:00,2025-10-14,14,like,Likes and Favorites.Like List.ItemFavoriteList,https://www.tiktokv.com/share/video/7555169314823884045/,
2025-10-14 14:14:57-04:00,2025-10-14,14,like,Likes and Favorites.Like List.ItemFavoriteList,https://www.tiktokv.com/share/video/7558951134774267150/,
2025-10-14 14:14:24-04:00,2025-10-14,14,like,Likes and Favorites.Like List.ItemFavoriteList,https://www.tiktokv.com/share/video/7557519497918254350/,
2025-10-14 14:12:30-04:00,2025-10-14,14,like,Likes and Favorites.Like List.ItemFavoriteList,https://www.tiktokv.com/share/video/7554765694131342623/,
2025-10-14 14:11:45-04:00,2025-10-14,14,like,Likes and Favorites.Like List.ItemFavoriteList,https://www.tiktokv.com/share/video/7560586879909776654/,
2025-10-14 14:09:50-04:00,2025-10-14,14,like,Likes and Favorites.Like List.ItemFavoriteList,https://www.tiktokv.com/share/video/7558889909977713975/,
2025-10-14 14:08:57-04:00,2025-10-14,14,like,Likes and Favorites.Like List.ItemFavoriteList,https://www.tiktokv.com/share/video/7560522281382923551/,
2025-10-14 14:08:47-04:00,2025-10-14,14,like,Likes and Favorites.Like List.ItemFavoriteList,https://www.tiktokv.com/share/video/7560998572838194445/,
2025-10-14 14:08:32-04:00,2025-10-14,14,like,Likes and Favorites.Like List.ItemFavoriteList,https://www.tiktokv.com/share/video/7558852914920295711/,
2025-10-14 14:06:20-04:00,2025-10-14,14,like,Likes and Favorites.Like List.ItemFavoriteList,https://www.tiktokv.com/share/video/7541784225545063702/,
2025-10-14 14:06:14-04:00,2025-10-14,14,like,Likes and Favorites.Like List.ItemFavoriteList,https://www.tiktokv.com/share/video/7560584283908263182/,
2025-10-14 14:05:17-04:00,2025-10-14,14,like,Likes and Favorites.Like List.ItemFavoriteList,https://www.tiktokv.com/share/video/7559972749939248407/,
2025-10-14 14:03:48-04:00,2025-10-14,14,like,Likes and Favorites.Like List.ItemFavoriteList,https://www.tiktokv.com/share/video/7557048980807453965/,
2025-10-14 14:03:26-04:00,2025-10-14,14,like,Likes and Favorites.Like List.ItemFavoriteList,https://www.tiktokv.com/share/video/7553562469768154398/,
2025-10-14 14:02:26-04:00,2025-10-14,14,like,Likes and Favorites.Like List.ItemFavoriteList,https://www.tiktokv.com/share/video/7560805985963543822/,
2025-10-14 14:01:57-04:00,2025-10-14,14,like,Likes and Favorites.Like List.ItemFavoriteList,https://www.tiktokv.com/share/video/7541283470555761975/,
2025-10-14 13:59:41-04:00,2025-10-14,13,like,Likes and Favorites.Like List.ItemFavoriteList,https://www.tiktokv.com/share/video/7540486195822857502/,
2025-10-14 13:28:03-04:00,2025-10-14,13,like,Likes and Favorites.Like List.ItemFavoriteList,https://www.tiktokv.com/share/video/7560813298061544718/,
2025-10-14 13:26:26-04:00,2025-10-14,13,like,Likes and Favorites.Like List.ItemFavoriteList,https://www.tiktokv.com/share/video/7559632271771176223/,
2025-10-14 13:23:28-04:00,2025-10-14,13,like,Likes and Favorites.Like List.ItemFavoriteList,https://www.tiktokv.com/share/video/7560450073495145783/,
2025-10-14 13:11:32-04:00,2025-10-14,13,like,Likes and Favorites.Like List.ItemFavoriteList,https://www.tiktokv.com/share/video/7560821523905269005/,
2025-10-14 10:53:18-04:00,2025-10-14,10,like,Likes and Favorites.Like List.ItemFavoriteList,https://www.tiktokv.com/share/video/7560543935093853495/,
2025-10-14 02:13:53-04:00,2025-10-14,2,like,Likes and Favorites.Like List.ItemFavoriteList,https://www.tiktokv.com/share/video/7542844261914447105/,
2025-10-14 02:12:50-04:00,2025-10-14,2,like,Likes and Favorites.Like List.ItemFavoriteList,https://www.tiktokv.com/share/video/7555661511511919903/,
2025-10-14 02:11:43-04:00,2025-10-14,2,like,Likes and Favorites.Like List.ItemFavoriteList,https://www.tiktokv.com/share/video/7547862046717627666/,
2025-10-14 01:55:57-04:00,2025-10-14,1,like,Likes and Favorites.Like List.ItemFavoriteList,https://www.tiktokv.com/share/video/7559284898939391246/,
2025-10-14 01:54:30-04:00,2025-10-14,1,like,Likes and Favorites.Like List.ItemFavoriteList,https://www.tiktokv.com/share/video/7539252803651374358/,
2025-10-14 01:49:15-04:00,2025-10-14,1,like,Likes and Favorites.Like List.ItemFavoriteList,https://www.tiktokv.com/share/video/7560078295660875021/,
2025-10-14 01:02:27-04:00,2025-10-14,1,like,Likes and Favorites.Like List.ItemFavoriteList,https://www.tiktokv.com/share/video/7560849386817735991/,
2025-10-14 00:43:03-04:00,2025-10-14,0,like,Likes and Favorites.Like List.ItemFavoriteList,https://www.tiktokv.com/share/video/7557840949607451934/,
2025-10-13 18:02:05-04:00,2025-10-13,18,like,Likes and Favorites.Like List.ItemFavoriteList,https://www.tiktokv.com/share/video/7560461262950321430/,
2025-10-13 18:00:51-04:00,2025-10-13,18,like,Likes and Favorites.Like List.ItemFavoriteList,https://www.tiktokv.com/share/video/7560385988627909902/,
2025-10-13 17:55:51-04:00,2025-10-13,17,like,Likes and Favorites.Like List.ItemFavoriteList,https://www.tiktokv.com/share/video/7560501281291242765/,
2025-10-13 17:55:16-04:00,2025-10-13,17,like,Likes and Favorites.Like List.ItemFavoriteList,https://www.tiktokv.com/share/video/7559216128422153502/,
2025-10-13 17:54:34-04:00,2025-10-13,17,like,Likes and Favorites.Like List.ItemFavoriteList,https://www.tiktokv.com/share/video/7553293252292627733/,
2025-10-13 17:53:33-04:00,2025-10-13,17,like,Likes and Favorites.Like List.ItemFavoriteList,https://www.tiktokv.com/share/video/7558984265946369294/,
2025-10-13 17:53:10-04:00,2025-10-13,17,like,Likes and Favorites.Like List.ItemFavoriteList,https://www.tiktokv.com/share/video/7558663770558549303/,
2025-10-13 17:53:02-04:00,2025-10-13,17,like,Likes and Favorites.Like List.ItemFavoriteList,https://www.tiktokv.com/share/video/7560443519853268237/,
2025-10-13 17:51:29-04:00,2025-10-13,17,like,Likes and Favorites.Like List.ItemFavoriteList,https://www.tiktokv.com/share/video/7556385556939197726/,
2025-10-13 17:51:03-04:00,2025-10-13,17,like,Likes and Favorites.Like List.ItemFavoriteList,https://www.tiktokv.com/share/video/7560745740289527095/,
2025-10-13 17:48:52-04:00,2025-10-13,17,like,Likes and Favorites.Like List.ItemFavoriteList,https://www.tiktokv.com/share/video/7559374251048865055/,
2025-10-13 17:48:22-04:00,2025-10-13,17,like,Likes and Favorites.Like List.ItemFavoriteList,https://www.tiktokv.com/share/video/7539691345720397086/,
2025-10-13 17:19:37-04:00,2025-10-13,17,like,Likes and Favorites.Like List.ItemFavoriteList,https://www.tiktokv.com/share/video/7560117555067718926/,
2025-10-13 16:45:59-04:00,2025-10-13,16,like,Likes and Favorites.Like List.ItemFavoriteList,https://www.tiktokv.com/share/video/7560113147332382007/,
2025-10-13 15:52:30-04:00,2025-10-13,15,like,Likes and Favorites.Like List.ItemFavoriteList,https://www.tiktokv.com/share/video/7558521520323185934/,
2025-10-13 15:48:07-04:00,2025-10-13,15,like,Likes and Favorites.Like List.ItemFavoriteList,https://www.tiktokv.com/share/video/7557172993328205069/,
2025-10-13 15:44:17-04:00,2025-10-13,15,like,Likes and Favorites.Like List.ItemFavoriteList,https://www.tiktokv.com/share/video/7543644350027304215/,
2025-10-13 15:43:52-04:00,2025-10-13,15,like,Likes and Favorites.Like List.ItemFavoriteList,https://www.tiktokv.com/share/video/7560414294848900365/,
2025-10-13 15:42:25-04:00,2025-10-13,15,like,Likes and Favorites.Like List.ItemFavoriteList,https://www.tiktokv.com/share/video/7559375506693557535/,
2025-10-13 15:39:39-04:00,2025-10-13,15,like,Likes and Favorites.Like List.ItemFavoriteList,https://www.tiktokv.com/share/video/7550082786015677751/,
2025-10-13 15:26:47-04:00,2025-10-13,15,like,Likes and Favorites.Like List.ItemFavoriteList,https://www.tiktokv.com/share/video/7559013333576256799/,
2025-10-13 15:25:20-04:00,2025-10-13,15,like,Likes and Favorites.Like List.ItemFavoriteList,https://www.tiktokv.com/share/video/7559985667355233557/,
2025-10-13 15:24:35-04:00,2025-10-13,15,like,Likes and Favorites.Like List.ItemFavoriteList,https://www.tiktokv.com/share/video/7560575228837924126/,
2025-10-13 15:20:32-04:00,2025-10-13,15,like,Likes and Favorites.Like List.ItemFavoriteList,https://www.tiktokv.com/share/video/7556766217088814391/,
2025-10-13 15:19:39-04:00,2025-10-13,15,like,Likes and Favorites.Like List.ItemFavoriteList,https://www.tiktokv.com/share/video/7540707231419927839/,
2025-10-13 15:18:41-04:00,2025-10-13,15,like,Likes and Favorites.Like List.ItemFavoriteList,https://www.tiktokv.com/share/video/7546729023062150430/,
2025-10-13 15:17:01-04:00,2025-10-13,15,like,Likes and Favorites.Like List.ItemFavoriteList,https://www.tiktokv.com/share/video/7560179416681254157/,
2025-10-13 15:16:17-04:00,2025-10-13,15,like,Likes and Favorites.Like List.ItemFavoriteList,https://www.tiktokv.com/share/video/7560418261704330526/,
2025-10-13 15:14:45-04:00,2025-10-13,15,like,Likes and Favorites.Like List.ItemFavoriteList,https://www.tiktokv.com/share/video/7559327354116508958/,
2025-10-13 15:14:32-04:00,2025-10-13,15,like,Likes and Favorites.Like List.ItemFavoriteList,https://www.tiktokv.com/share/video/7555623862973631775/,
2025-10-13 15:14:20-04:00,2025-10-13,15,like,Likes and Favorites.Like List.ItemFavoriteList,https://www.tiktokv.com/share/video/7558255171831221517/,
2025-10-13 15:11:36-04:00,2025-10-13,15,like,Likes and Favorites.Like List.ItemFavoriteList,https://www.tiktokv.com/share/video/7559293197130730783/,
2025-10-13 15:11:23-04:00,2025-10-13,15,like,Likes and Favorites.Like List.ItemFavoriteList,https://www.tiktokv.com/share/video/7552736061076655378/,
2025-10-13 15:10:17-04:00,2025-10-13,15,like,Likes and Favorites.Like List.ItemFavoriteList,https://www.tiktokv.com/share/video/7560437255408504095/,
2025-10-13 14:52:19-04:00,2025-10-13,14,like,Likes and Favorites.Like List.ItemFavoriteList,https://www.tiktokv.com/share/video/7560100792225549599/,
2025-10-13 14:51:36-04:00,2025-10-13,14,like,Likes and Favorites.Like List.ItemFavoriteList,https://www.tiktokv.com/share/video/7556789900561927479/,
2025-10-13 14:51:00-04:00,2025-10-13,14,like,Likes and Favorites.Like List.ItemFavoriteList,https://www.tiktokv.com/share/video/7557592647385271570/,
2025-10-13 14:50:11-04:00,2025-10-13,14,like,Likes and Favorites.Like List.ItemFavoriteList,https://www.tiktokv.com/share/video/7539633017812159757/,
2025-10-13 14:32:54-04:00,2025-10-13,14,like,Likes and Favorites.Like List.ItemFavoriteList,https://www.tiktokv.com/share/video/7559345188024487223/,
2025-10-13 11:43:11-04:00,2025-10-13,11,like,Likes and Favorites.Like List.ItemFavoriteList,https://www.tiktokv.com/share/video/7560342500448292109/,
2025-10-13 11:42:38-04:00,2025-10-13,11,like,Likes and Favorites.Like List.ItemFavoriteList,https://www.tiktokv.com/share/video/7559334461314272542/,
2025-10-13 11:41:58-04:00,2025-10-13,11,like,Likes and Favorites.Like List.ItemFavoriteList,https://www.tiktokv.com/share/video/7560327182011190559/,
2025-10-13 11:39:49-04:00,2025-10-13,11,like,Likes and Favorites.Like List.ItemFavoriteList,https://www.tiktokv.com/share/video/7559029561145494796/,
2025-10-13 11:37:29-04:00,2025-10-13,11,like,Likes and Favorites.Like List.ItemFavoriteList,https://www.tiktokv.com/share/video/7560005869258247437/,
2025-10-13 11:25:08-04:00,2025-10-13,11,like,Likes and Favorites.Like List.ItemFavoriteList,https://www.tiktokv.com/share/video/7560443737424317709/,
2025-10-13 11:23:52-04:00,2025-10-13,11,like,Likes and Favorites.Like List.ItemFavoriteList,https://www.tiktokv.com/share/video/7558251319123873038/,
2025-10-13 09:33:39-04:00,2025-10-13,9,like,Likes and Favorites.Like List.ItemFavoriteList,https://www.tiktokv.com/share/video/7559675913990982943/,
2025-10-13 09:31:04-04:00,2025-10-13,9,like,Likes and Favorites.Like List.ItemFavoriteList,https://www.tiktokv.com/share/video/7560078846066773262/,
2025-10-13 09:30:12-04:00,2025-10-13,9,like,Likes and Favorites.Like List.ItemFavoriteList,https://www.tiktokv.com/share/video/7560425844632571149/,
2025-10-13 01:33:49-04:00,2025-10-13,1,like,Likes and Favorites.Like List.ItemFavoriteList,https://www.tiktokv.com/share/video/7559158136729373970/,
2025-10-13 01:32:12-04:00,2025-10-13,1,like,Likes and Favorites.Like List.ItemFavoriteList,https://www.tiktokv.com/share/video/7559981230498794774/,
2025-10-12 22:16:31-04:00,2025-10-12,22,like,Likes and Favorites.Like List.ItemFavoriteList,https://www.tiktokv.com/share/video/7559788931932261662/,
2025-10-12 19:33:40-04:00,2025-10-12,19,like,Likes and Favorites.Like List.ItemFavoriteList,https://www.tiktokv.com/share/video/7559624466419027230/,
2025-10-12 19:33:35-04:00,2025-10-12,19,like,Likes and Favorites.Like List.ItemFavoriteList,https://www.tiktokv.com/share/video/7554948711231655181/,
2025-10-12 19:32:49-04:00,2025-10-12,19,like,Likes and Favorites.Like List.ItemFavoriteList,https://www.tiktokv.com/share/video/7554980332114660621/,
2025-10-12 19:31:35-04:00,2025-10-12,19,like,Likes and Favorites.Like List.ItemFavoriteList,https://www.tiktokv.com/share/video/7559678737260743950/,
2025-10-12 19:31:12-04:00,2025-10-12,19,like,Likes and Favorites.Like List.ItemFavoriteList,https://www.tiktokv.com/share/video/7560185962601483533/,
2025-10-12 19:29:52-04:00,2025-10-12,19,like,Likes and Favorites.Like List.ItemFavoriteList,https://www.tiktokv.com/share/video/7559019167408590111/,
2025-10-12 19:28:07-04:00,2025-10-12,19,like,Likes and Favorites.Like List.ItemFavoriteList,https://www.tiktokv.com/share/video/7559440693140131086/,
2025-10-12 16:25:27-04:00,2025-10-12,16,like,Likes and Favorites.Like List.ItemFavoriteList,https://www.tiktokv.com/share/video/7560298711406972215/,
2025-10-12 16:23:20-04:00,2025-10-12,16,like,Likes and Favorites.Like List.ItemFavoriteList,https://www.tiktokv.com/share/video/7559670998702804246/,
2025-10-12 12:18:05-04:00,2025-10-12,12,like,Likes and Favorites.Like List.ItemFavoriteList,https://www.tiktokv.com/share/video/7551459147095559455/,
2025-10-12 00:00:51-04:00,2025-10-12,0,like,Likes and Favorites.Like List.ItemFavoriteList,https://www.tiktokv.com/share/video/7559274110270852382/,
2025-10-12 00:00:14-04:00,2025-10-12,0,like,Likes and Favorites.Like List.ItemFavoriteList,https://www.tiktokv.com/share/video/7558111540516375821/,
2025-10-11 23:58:55-04:00,2025-10-11,23,like,Likes and Favorites.Like List.ItemFavoriteList,https://www.tiktokv.com/share/video/7549334287791738126/,
2025-10-11 23:51:43-04:00,2025-10-11,23,like,Likes and Favorites.Like List.ItemFavoriteList,https://www.tiktokv.com/share/video/7559713849906138390/,
2025-10-11 23:51:17-04:00,2025-10-11,23,like,Likes and Favorites.Like List.ItemFavoriteList,https://www.tiktokv.com/share/video/7552304233815477534/,
2025-10-11 23:51:09-04:00,2025-10-11,23,like,Likes and Favorites.Like List.ItemFavoriteList,https://www.tiktokv.com/share/video/7555188608680938766/,
2025-10-11 23:50:58-04:00,2025-10-11,23,like,Likes and Favorites.Like List.ItemFavoriteList,https://www.tiktokv.com/share/video/7555206050090110222/,
2025-10-11 23:50:26-04:00,2025-10-11,23,like,Likes and Favorites.Like List.ItemFavoriteList,https://www.tiktokv.com/share/video/7559657237728267550/,
2025-10-11 23:50:10-04:00,2025-10-11,23,like,Likes and Favorites.Like List.ItemFavoriteList,https://www.tiktokv.com/share/video/7559676791514811679/,
2025-10-11 23:48:56-04:00,2025-10-11,23,like,Likes and Favorites.Like List.ItemFavoriteList,https://www.tiktokv.com/share/video/7559521121557597462/,
2025-10-11 17:07:07-04:00,2025-10-11,17,like,Likes and Favorites.Like List.ItemFavoriteList,https://www.tiktokv.com/share/video/7553314851171454222/,
2025-10-11 09:51:07-04:00,2025-10-11,9,like,Likes and Favorites.Like List.ItemFavoriteList,https://www.tiktokv.com/share/video/7545674426801605919/,
2025-10-11 09:50:57-04:00,2025-10-11,9,like,Likes and Favorites.Like List.ItemFavoriteList,https://www.tiktokv.com/share/video/7558880498601250078/,
2025-10-11 09:29:51-04:00,2025-10-11,9,like,Likes and Favorites.Like List.ItemFavoriteList,https://www.tiktokv.com/share/video/7558643393186876685/,
2025-10-10 22:59:40-04:00,2025-10-10,22,like,Likes and Favorites.Like List.ItemFavoriteList,https://www.tiktokv.com/share/video/7559426526463200542/,
2025-10-10 21:22:21-04:00,2025-10-10,21,like,Likes and Favorites.Like List.ItemFavoriteList,https://www.tiktokv.com/share/video/7558982372826418445/,
2025-10-10 21:20:09-04:00,2025-10-10,21,like,Likes and Favorites.Like List.ItemFavoriteList,https://www.tiktokv.com/share/video/7543443104729173303/,
2025-10-10 21:19:55-04:00,2025-10-10,21,like,Likes and Favorites.Like List.ItemFavoriteList,https://www.tiktokv.com/share/video/7556832852478922039/,
2025-10-10 21:18:32-04:00,2025-10-10,21,like,Likes and Favorites.Like List.ItemFavoriteList,https://www.tiktokv.com/share/video/7547926788438101262/,
2025-10-10 21:18:18-04:00,2025-10-10,21,like,Likes and Favorites.Like List.ItemFavoriteList,https://www.tiktokv.com/share/video/7548395843557117197/,
2025-10-10 21:17:55-04:00,2025-10-10,21,like,Likes and Favorites.Like List.ItemFavoriteList,https://www.tiktokv.com/share/video/7557898017760759071/,
2025-10-10 21:17:14-04:00,2025-10-10,21,like,Likes and Favorites.Like List.ItemFavoriteList,https://www.tiktokv.com/share/video/7559402176896929037/,
2025-10-10 21:14:17-04:00,2025-10-10,21,like,Likes and Favorites.Like List.ItemFavoriteList,https://www.tiktokv.com/share/video/7559196372424084750/,
2025-10-10 21:13:24-04:00,2025-10-10,21,like,Likes and Favorites.Like List.ItemFavoriteList,https://www.tiktokv.com/share/video/7558829170352999711/,
2025-10-10 20:50:26-04:00,2025-10-10,20,like,Likes and Favorites.Like List.ItemFavoriteList,https://www.tiktokv.com/share/video/7559234899429887262/,
2025-10-10 20:50:16-04:00,2025-10-10,20,like,Likes and Favorites.Like List.ItemFavoriteList,https://www.tiktokv.com/share/video/7555354501222239501/,
2025-10-10 20:49:04-04:00,2025-10-10,20,like,Likes and Favorites.Like List.ItemFavoriteList,https://www.tiktokv.com/share/video/7552165056813813022/,
2025-10-10 20:48:22-04:00,2025-10-10,20,like,Likes and Favorites.Like List.ItemFavoriteList,https://www.tiktokv.com/share/video/7558923668718357782/,
2025-10-10 20:45:44-04:00,2025-10-10,20,like,Likes and Favorites.Like List.ItemFavoriteList,https://www.tiktokv.com/share/video/7559726020220194061/,
2025-10-10 20:44:07-04:00,2025-10-10,20,like,Likes and Favorites.Like List.ItemFavoriteList,https://www.tiktokv.com/share/video/7558958206488153357/,
2025-10-10 15:19:11-04:00,2025-10-10,15,like,Likes and Favorites.Like List.ItemFavoriteList,https://www.tiktokv.com/share/video/7552597013217479949/,
2025-10-10 15:18:09-04:00,2025-10-10,15,like,Likes and Favorites.Like List.ItemFavoriteList,https://www.tiktokv.com/share/video/7559472111526350135/,
2025-10-10 15:18:02-04:00,2025-10-10,15,like,Likes and Favorites.Like List.ItemFavoriteList,https://www.tiktokv.com/share/video/7559300845926354206/,
2025-10-10 15:17:52-04:00,2025-10-10,15,like,Likes and Favorites.Like List.ItemFavoriteList,https://www.tiktokv.com/share/video/7538256480026250529/,
2025-10-10 15:14:49-04:00,2025-10-10,15,like,Likes and Favorites.Like List.ItemFavoriteList,https://www.tiktokv.com/share/video/7558627685245717782/,
2025-10-10 15:10:41-04:00,2025-10-10,15,like,Likes and Favorites.Like List.ItemFavoriteList,https://www.tiktokv.com/share/video/7559301152974703903/,
2025-10-10 15:09:38-04:00,2025-10-10,15,like,Likes and Favorites.Like List.ItemFavoriteList,https://www.tiktokv.com/share/video/7539403836302167310/,
2025-10-10 15:09:28-04:00,2025-10-10,15,like,Likes and Favorites.Like List.ItemFavoriteList,https://www.tiktokv.com/share/video/7556472972320591126/,
2025-10-10 15:05:05-04:00,2025-10-10,15,like,Likes and Favorites.Like List.ItemFavoriteList,https://www.tiktokv.com/share/video/7558400403386273046/,
2025-10-10 15:01:03-04:00,2025-10-10,15,like,Likes and Favorites.Like List.ItemFavoriteList,https://www.tiktokv.com/share/video/7557106835635932430/,
2025-10-10 14:59:36-04:00,2025-10-10,14,like,Likes and Favorites.Like List.ItemFavoriteList,https://www.tiktokv.com/share/video/7559360569527110934/,
2025-10-10 14:57:26-04:00,2025-10-10,14,like,Likes and Favorites.Like List.ItemFavoriteList,https://www.tiktokv.com/share/video/7556098353252093239/,
2025-10-10 14:57:10-04:00,2025-10-10,14,like,Likes and Favorites.Like List.ItemFavoriteList,https://www.tiktokv.com/share/video/7543136608640371998/,
2025-10-10 14:55:39-04:00,2025-10-10,14,like,Likes and Favorites.Like List.ItemFavoriteList,https://www.tiktokv.com/share/video/7558967461446470934/,
2025-10-10 14:53:08-04:00,2025-10-10,14,like,Likes and Favorites.Like List.ItemFavoriteList,https://www.tiktokv.com/share/video/7559469792407719181/,
2025-10-10 14:52:08-04:00,2025-10-10,14,like,Likes and Favorites.Like List.ItemFavoriteList,https://www.tiktokv.com/share/video/7559004444608728350/,
2025-10-10 12:51:37-04:00,2025-10-10,12,like,Likes and Favorites.Like List.ItemFavoriteList,https://www.tiktokv.com/share/video/7546771751624002829/,
2025-10-10 12:50:21-04:00,2025-10-10,12,like,Likes and Favorites.Like List.ItemFavoriteList,https://www.tiktokv.com/share/video/7543688279024061710/,
2025-10-10 11:14:28-04:00,2025-10-10,11,like,Likes and Favorites.Like List.ItemFavoriteList,https://www.tiktokv.com/share/video/7559239346260380983/,
2025-10-10 11:13:54-04:00,2025-10-10,11,like,Likes and Favorites.Like List.ItemFavoriteList,https://www.tiktokv.com/share/video/7559106862579256589/,
2025-10-10 11:12:57-04:00,2025-10-10,11,like,Likes and Favorites.Like List.ItemFavoriteList,https://www.tiktokv.com/share/video/7558899678100688158/,
2025-10-10 11:02:01-04:00,2025-10-10,11,like,Likes and Favorites.Like List.ItemFavoriteList,https://www.tiktokv.com/share/video/7559427881647049998/,
2025-10-10 11:00:56-04:00,2025-10-10,11,like,Likes and Favorites.Like List.ItemFavoriteList,https://www.tiktokv.com/share/video/7559585412214279438/,
2025-10-10 11:00:44-04:00,2025-10-10,11,like,Likes and Favorites.Like List.ItemFavoriteList,https://www.tiktokv.com/share/video/7558581422311853326/,
2025-10-09 16:58:47-04:00,2025-10-09,16,like,Likes and Favorites.Like List.ItemFavoriteList,https://www.tiktokv.com/share/video/7553427957478346039/,
2025-10-09 16:56:26-04:00,2025-10-09,16,like,Likes and Favorites.Like List.ItemFavoriteList,https://www.tiktokv.com/share/video/7543693350000512311/,
2025-10-09 16:55:05-04:00,2025-10-09,16,like,Likes and Favorites.Like List.ItemFavoriteList,https://www.tiktokv.com/share/video/7540634152714997022/,
2025-10-09 16:54:49-04:00,2025-10-09,16,like,Likes and Favorites.Like List.ItemFavoriteList,https://www.tiktokv.com/share/video/7552373818648562957/,
2025-10-09 16:50:49-04:00,2025-10-09,16,like,Likes and Favorites.Like List.ItemFavoriteList,https://www.tiktokv.com/share/video/7556471577408245022/,
2025-10-09 16:29:50-04:00,2025-10-09,16,like,Likes and Favorites.Like List.ItemFavoriteList,https://www.tiktokv.com/share/video/7558907636981222711/,
2025-10-09 16:27:11-04:00,2025-10-09,16,like,Likes and Favorites.Like List.ItemFavoriteList,https://www.tiktokv.com/share/video/7558520024638557470/,
2025-10-09 16:25:18-04:00,2025-10-09,16,like,Likes and Favorites.Like List.ItemFavoriteList,https://www.tiktokv.com/share/video/7558731236886252821/,
2025-10-09 16:24:50-04:00,2025-10-09,16,like,Likes and Favorites.Like List.ItemFavoriteList,https://www.tiktokv.com/share/video/7559204428394286350/,
2025-10-09 16:22:02-04:00,2025-10-09,16,like,Likes and Favorites.Like List.ItemFavoriteList,https://www.tiktokv.com/share/video/7541886630202838286/,
2025-10-09 08:48:37-04:00,2025-10-09,8,like,Likes and Favorites.Like List.ItemFavoriteList,https://www.tiktokv.com/share/video/7550121729960545591/,
2025-10-09 08:47:19-04:00,2025-10-09,8,like,Likes and Favorites.Like List.ItemFavoriteList,https://www.tiktokv.com/share/video/7543413691782335775/,
2025-10-09 08:46:47-04:00,2025-10-09,8,like,Likes and Favorites.Like List.ItemFavoriteList,https://www.tiktokv.com/share/video/7552992685410356491/,
2025-10-09 08:45:57-04:00,2025-10-09,8,like,Likes and Favorites.Like List.ItemFavoriteList,https://www.tiktokv.com/share/video/7554439573556825366/,
2025-10-09 08:45:29-04:00,2025-10-09,8,like,Likes and Favorites.Like List.ItemFavoriteList,https://www.tiktokv.com/share/video/7536925319467453727/,
2025-10-09 08:45:21-04:00,2025-10-09,8,like,Likes and Favorites.Like List.ItemFavoriteList,https://www.tiktokv.com/share/video/7553315744767937824/,
2025-10-09 08:45:01-04:00,2025-10-09,8,like,Likes and Favorites.Like List.ItemFavoriteList,https://www.tiktokv.com/share/video/7545997937575300383/,
2025-10-09 08:42:51-04:00,2025-10-09,8,like,Likes and Favorites.Like List.ItemFavoriteList,https://www.tiktokv.com/share/video/7551815668027411767/,
2025-10-09 08:28:12-04:00,2025-10-09,8,like,Likes and Favorites.Like List.ItemFavoriteList,https://www.tiktokv.com/share/video/7558147980172299550/,
2025-10-09 08:26:48-04:00,2025-10-09,8,like,Likes and Favorites.Like List.ItemFavoriteList,https://www.tiktokv.com/share/video/7550144677975018782/,
2025-10-09 08:26:21-04:00,2025-10-09,8,like,Likes and Favorites.Like List.ItemFavoriteList,https://www.tiktokv.com/share/video/7538493977402592542/,
2025-10-09 08:25:14-04:00,2025-10-09,8,like,Likes and Favorites.Like List.ItemFavoriteList,https://www.tiktokv.com/share/video/7543755494448581919/,
2025-10-09 08:24:33-04:00,2025-10-09,8,like,Likes and Favorites.Like List.ItemFavoriteList,https://www.tiktokv.com/share/video/7539699714011286797/,
2025-10-09 08:23:25-04:00,2025-10-09,8,like,Likes and Favorites.Like List.ItemFavoriteList,https://www.tiktokv.com/share/video/7558721312856837406/,
2025-10-09 08:23:15-04:00,2025-10-09,8,like,Likes and Favorites.Like List.ItemFavoriteList,https://www.tiktokv.com/share/video/7558850174425206046/,
2025-10-09 00:38:40-04:00,2025-10-09,0,like,Likes and Favorites.Like List.ItemFavoriteList,https://www.tiktokv.com/share/video/7553956936916536598/,
2025-10-09 00:31:45-04:00,2025-10-09,0,like,Likes and Favorites.Like List.ItemFavoriteList,https://www.tiktokv.com/share/video/7556832220003011854/,
2025-10-09 00:31:33-04:00,2025-10-09,0,like,Likes and Favorites.Like List.ItemFavoriteList,https://www.tiktokv.com/share/video/7558217214235725059/,
2025-10-09 00:30:53-04:00,2025-10-09,0,like,Likes and Favorites.Like List.ItemFavoriteList,https://www.tiktokv.com/share/video/7551806947889138958/,
2025-10-09 00:29:38-04:00,2025-10-09,0,like,Likes and Favorites.Like List.ItemFavoriteList,https://www.tiktokv.com/share/video/7557871712688262455/,
2025-10-08 23:46:49-04:00,2025-10-08,23,like,Likes and Favorites.Like List.ItemFavoriteList,https://www.tiktokv.com/share/video/7558613534926523661/,
2025-10-08 23:46:30-04:00,2025-10-08,23,like,Likes and Favorites.Like List.ItemFavoriteList,https://www.tiktokv.com/share/video/7556344464017575199/,
2025-10-08 22:59:34-04:00,2025-10-08,22,like,Likes and Favorites.Like List.ItemFavoriteList,https://www.tiktokv.com/share/video/7558929475790966047/,
2025-10-08 16:48:24-04:00,2025-10-08,16,like,Likes and Favorites.Like List.ItemFavoriteList,https://www.tiktokv.com/share/video/7554914824698744094/,
2025-10-08 16:44:48-04:00,2025-10-08,16,like,Likes and Favorites.Like List.ItemFavoriteList,https://www.tiktokv.com/share/video/7552605942899166519/,
2025-10-08 16:43:37-04:00,2025-10-08,16,like,Likes and Favorites.Like List.ItemFavoriteList,https://www.tiktokv.com/share/video/7554113156826615071/,
2025-10-08 16:39:18-04:00,2025-10-08,16,like,Likes and Favorites.Like List.ItemFavoriteList,https://www.tiktokv.com/share/video/7546055597225987342/,
2025-10-08 16:38:48-04:00,2025-10-08,16,like,Likes and Favorites.Like List.ItemFavoriteList,https://www.tiktokv.com/share/video/7557502056320339230/,
2025-10-08 16:38:41-04:00,2025-10-08,16,like,Likes and Favorites.Like List.ItemFavoriteList,https://www.tiktokv.com/share/video/7557792278832581895/,
2025-10-08 16:38:19-04:00,2025-10-08,16,like,Likes and Favorites.Like List.ItemFavoriteList,https://www.tiktokv.com/share/video/7542969660942093576/,
2025-10-08 16:38:07-04:00,2025-10-08,16,like,Likes and Favorites.Like List.ItemFavoriteList,https://www.tiktokv.com/share/video/7551200050085383455/,
2025-10-08 16:36:21-04:00,2025-10-08,16,like,Likes and Favorites.Like List.ItemFavoriteList,https://www.tiktokv.com/share/video/7558522216506297614/,
2025-10-08 16:35:00-04:00,2025-10-08,16,like,Likes and Favorites.Like List.ItemFavoriteList,https://www.tiktokv.com/share/video/7558818174032989470/,
2025-10-08 16:32:38-04:00,2025-10-08,16,like,Likes and Favorites.Like List.ItemFavoriteList,https://www.tiktokv.com/share/video/7558269045502381325/,
2025-10-08 16:30:58-04:00,2025-10-08,16,like,Likes and Favorites.Like List.ItemFavoriteList,https://www.tiktokv.com/share/video/7557858812422622519/,
2025-10-08 16:29:53-04:00,2025-10-08,16,like,Likes and Favorites.Like List.ItemFavoriteList,https://www.tiktokv.com/share/video/7558135930737921287/,
2025-10-08 16:25:03-04:00,2025-10-08,16,like,Likes and Favorites.Like List.ItemFavoriteList,https://www.tiktokv.com/share/video/7558603255996108045/,
2025-10-08 16:24:39-04:00,2025-10-08,16,like,Likes and Favorites.Like List.ItemFavoriteList,https://www.tiktokv.com/share/video/7558649227602136375/,
2025-10-08 16:22:47-04:00,2025-10-08,16,like,Likes and Favorites.Like List.ItemFavoriteList,https://www.tiktokv.com/share/video/7558155097230839071/,
2025-10-08 16:19:38-04:00,2025-10-08,16,like,Likes and Favorites.Like List.ItemFavoriteList,https://www.tiktokv.com/share/video/7558176494061767950/,
2025-10-08 16:19:05-04:00,2025-10-08,16,like,Likes and Favorites.Like List.ItemFavoriteList,https://www.tiktokv.com/share/video/7544370854814076181/,
2025-10-08 15:44:03-04:00,2025-10-08,15,like,Likes and Favorites.Like List.ItemFavoriteList,https://www.tiktokv.com/share/video/7558248749357681934/,
2025-10-08 15:39:37-04:00,2025-10-08,15,like,Likes and Favorites.Like List.ItemFavoriteList,https://www.tiktokv.com/share/video/7558189084213038349/,
2025-10-08 15:37:55-04:00,2025-10-08,15,like,Likes and Favorites.Like List.ItemFavoriteList,https://www.tiktokv.com/share/video/7543257341622340886/,
2025-10-08 15:36:53-04:00,2025-10-08,15,like,Likes and Favorites.Like List.ItemFavoriteList,https://www.tiktokv.com/share/video/7547838078598106381/,
2025-10-08 15:34:58-04:00,2025-10-08,15,like,Likes and Favorites.Like List.ItemFavoriteList,https://www.tiktokv.com/share/video/7541523260345748791/,
2025-10-08 15:34:16-04:00,2025-10-08,15,like,Likes and Favorites.Like List.ItemFavoriteList,https://www.tiktokv.com/share/video/7558575309684133131/,
2025-10-08 15:32:07-04:00,2025-10-08,15,like,Likes and Favorites.Like List.ItemFavoriteList,https://www.tiktokv.com/share/video/7556345741682167070/,
2025-10-08 15:31:46-04:00,2025-10-08,15,like,Likes and Favorites.Like List.ItemFavoriteList,https://www.tiktokv.com/share/video/7546952260505439543/,
2025-10-08 15:30:47-04:00,2025-10-08,15,like,Likes and Favorites.Like List.ItemFavoriteList,https://www.tiktokv.com/share/video/7557957855433870605/,
2025-10-08 13:48:21-04:00,2025-10-08,13,like,Likes and Favorites.Like List.ItemFavoriteList,https://www.tiktokv.com/share/video/7539693137652911373/,
2025-10-08 13:47:11-04:00,2025-10-08,13,like,Likes and Favorites.Like List.ItemFavoriteList,https://www.tiktokv.com/share/video/7547354731044146445/,
2025-10-08 13:45:59-04:00,2025-10-08,13,like,Likes and Favorites.Like List.ItemFavoriteList,https://www.tiktokv.com/share/video/7558715286388624662/,
2025-10-08 13:45:40-04:00,2025-10-08,13,like,Likes and Favorites.Like List.ItemFavoriteList,https://www.tiktokv.com/share/video/7221918880095030574/,
2025-10-08 13:39:32-04:00,2025-10-08,13,like,Likes and Favorites.Like List.ItemFavoriteList,https://www.tiktokv.com/share/video/7558565074231659831/,
2025-10-08 13:38:38-04:00,2025-10-08,13,like,Likes and Favorites.Like List.ItemFavoriteList,https://www.tiktokv.com/share/video/7538589300187729174/,
2025-10-08 13:38:21-04:00,2025-10-08,13,like,Likes and Favorites.Like List.ItemFavoriteList,https://www.tiktokv.com/share/video/7551490438885166391/,
2025-10-08 13:37:10-04:00,2025-10-08,13,like,Likes and Favorites.Like List.ItemFavoriteList,https://www.tiktokv.com/share/video/7536975953940172046/,
2025-10-08 13:36:59-04:00,2025-10-08,13,like,Likes and Favorites.Like List.ItemFavoriteList,https://www.tiktokv.com/share/video/7537084246612069687/,
2025-10-08 13:33:45-04:00,2025-10-08,13,like,Likes and Favorites.Like List.ItemFavoriteList,https://www.tiktokv.com/share/video/7556547607359753503/,
2025-10-08 13:32:52-04:00,2025-10-08,13,like,Likes and Favorites.Like List.ItemFavoriteList,https://www.tiktokv.com/share/video/7543091422128295198/,
2025-10-08 13:32:41-04:00,2025-10-08,13,like,Likes and Favorites.Like List.ItemFavoriteList,https://www.tiktokv.com/share/video/7554940112119860493/,
2025-10-08 13:32:05-04:00,2025-10-08,13,like,Likes and Favorites.Like List.ItemFavoriteList,https://www.tiktokv.com/share/video/7500623501741575466/,
2025-10-08 13:31:53-04:00,2025-10-08,13,like,Likes and Favorites.Like List.ItemFavoriteList,https://www.tiktokv.com/share/video/7558330339123318030/,
2025-10-08 13:30:19-04:00,2025-10-08,13,like,Likes and Favorites.Like List.ItemFavoriteList,https://www.tiktokv.com/share/video/7553390070716288278/,
2025-10-08 13:29:38-04:00,2025-10-08,13,like,Likes and Favorites.Like List.ItemFavoriteList,https://www.tiktokv.com/share/video/7556002845196176653/,
2025-10-08 13:27:00-04:00,2025-10-08,13,like,Likes and Favorites.Like List.ItemFavoriteList,https://www.tiktokv.com/share/video/7558190107161857310/,
2025-10-08 13:26:17-04:00,2025-10-08,13,like,Likes and Favorites.Like List.ItemFavoriteList,https://www.tiktokv.com/share/video/7558246800231042334/,
2025-10-08 13:22:32-04:00,2025-10-08,13,like,Likes and Favorites.Like List.ItemFavoriteList,https://www.tiktokv.com/share/video/7538486294062583062/,
2025-10-08 13:22:20-04:00,2025-10-08,13,like,Likes and Favorites.Like List.ItemFavoriteList,https://www.tiktokv.com/share/video/7558576362794044702/,
2025-10-08 13:21:11-04:00,2025-10-08,13,like,Likes and Favorites.Like List.ItemFavoriteList,https://www.tiktokv.com/share/video/7554564937901821214/,
2025-10-08 13:03:05-04:00,2025-10-08,13,like,Likes and Favorites.Like List.ItemFavoriteList,https://www.tiktokv.com/share/video/7558642014246522167/,
2025-10-08 11:42:34-04:00,2025-10-08,11,like,Likes and Favorites.Like List.ItemFavoriteList,https://www.tiktokv.com/share/video/7551518488800529686/,
2025-10-07 16:22:30-04:00,2025-10-07,16,like,Likes and Favorites.Like List.ItemFavoriteList,https://www.tiktokv.com/share/video/7555509077728562445/,
2025-10-07 15:33:33-04:00,2025-10-07,15,like,Likes and Favorites.Like List.ItemFavoriteList,https://www.tiktokv.com/share/video/7551930252398726414/,
2025-10-07 15:23:28-04:00,2025-10-07,15,like,Likes and Favorites.Like List.ItemFavoriteList,https://www.tiktokv.com/share/video/7548481347451407629/,
2025-10-07 15:23:21-04:00,2025-10-07,15,like,Likes and Favorites.Like List.ItemFavoriteList,https://www.tiktokv.com/share/video/7540489783353576735/,
2025-10-07 15:20:58-04:00,2025-10-07,15,like,Likes and Favorites.Like List.ItemFavoriteList,https://www.tiktokv.com/share/video/7540349828031630610/,
2025-10-07 15:19:46-04:00,2025-10-07,15,like,Likes and Favorites.Like List.ItemFavoriteList,https://www.tiktokv.com/share/video/7551475288341794061/,
2025-10-07 15:19:34-04:00,2025-10-07,15,like,Likes and Favorites.Like List.ItemFavoriteList,https://www.tiktokv.com/share/video/7557797214823714103/,
2025-10-07 15:17:38-04:00,2025-10-07,15,like,Likes and Favorites.Like List.ItemFavoriteList,https://www.tiktokv.com/share/video/7556311150649036063/,
2025-10-07 14:56:11-04:00,2025-10-07,14,like,Likes and Favorites.Like List.ItemFavoriteList,https://www.tiktokv.com/share/video/7550440535241313554/,
2025-10-07 14:53:20-04:00,2025-10-07,14,like,Likes and Favorites.Like List.ItemFavoriteList,https://www.tiktokv.com/share/video/7536758743183215894/,
2025-10-07 14:47:28-04:00,2025-10-07,14,like,Likes and Favorites.Like List.ItemFavoriteList,https://www.tiktokv.com/share/video/7550153195339779342/,
2025-10-07 14:46:53-04:00,2025-10-07,14,like,Likes and Favorites.Like List.ItemFavoriteList,https://www.tiktokv.com/share/video/7546720423682051383/,
2025-10-07 14:46:27-04:00,2025-10-07,14,like,Likes and Favorites.Like List.ItemFavoriteList,https://www.tiktokv.com/share/video/7552016179074698509/,
2025-10-07 14:44:01-04:00,2025-10-07,14,like,Likes and Favorites.Like List.ItemFavoriteList,https://www.tiktokv.com/share/video/7550839373818875167/,
2025-10-07 14:42:46-04:00,2025-10-07,14,like,Likes and Favorites.Like List.ItemFavoriteList,https://www.tiktokv.com/share/video/7546643525761355039/,
2025-10-07 14:42:22-04:00,2025-10-07,14,like,Likes and Favorites.Like List.ItemFavoriteList,https://www.tiktokv.com/share/video/7532927413827734786/,
2025-10-07 14:42:01-04:00,2025-10-07,14,like,Likes and Favorites.Like List.ItemFavoriteList,https://www.tiktokv.com/share/video/7552748513138969876/,
2025-10-07 14:34:31-04:00,2025-10-07,14,like,Likes and Favorites.Like List.ItemFavoriteList,https://www.tiktokv.com/share/video/7545145640490257670/,
2025-10-07 14:33:36-04:00,2025-10-07,14,like,Likes and Favorites.Like List.ItemFavoriteList,https://www.tiktokv.com/share/video/7549458650239225118/,
2025-10-07 14:33:21-04:00,2025-10-07,14,like,Likes and Favorites.Like List.ItemFavoriteList,https://www.tiktokv.com/share/video/7549267215413972246/,
2025-10-07 14:26:51-04:00,2025-10-07,14,like,Likes and Favorites.Like List.ItemFavoriteList,https://www.tiktokv.com/share/video/7547190615117810999/,
2025-10-07 14:26:45-04:00,2025-10-07,14,like,Likes and Favorites.Like List.ItemFavoriteList,https://www.tiktokv.com/share/video/7552152373766933782/,
2025-10-07 14:26:34-04:00,2025-10-07,14,like,Likes and Favorites.Like List.ItemFavoriteList,https://www.tiktokv.com/share/video/7558154549098204446/,
2025-10-07 14:26:27-04:00,2025-10-07,14,like,Likes and Favorites.Like List.ItemFavoriteList,https://www.tiktokv.com/share/video/7556827419106184503/,
2025-10-07 14:25:49-04:00,2025-10-07,14,like,Likes and Favorites.Like List.ItemFavoriteList,https://www.tiktokv.com/share/video/7555950908148813087/,
2025-10-07 14:25:19-04:00,2025-10-07,14,like,Likes and Favorites.Like List.ItemFavoriteList,https://www.tiktokv.com/share/video/7549444562335305015/,
2025-10-07 14:25:05-04:00,2025-10-07,14,like,Likes and Favorites.Like List.ItemFavoriteList,https://www.tiktokv.com/share/video/7558262552103341325/,
2025-10-07 13:21:36-04:00,2025-10-07,13,like,Likes and Favorites.Like List.ItemFavoriteList,https://www.tiktokv.com/share/video/7553385492687949087/,
2025-10-07 13:14:10-04:00,2025-10-07,13,like,Likes and Favorites.Like List.ItemFavoriteList,https://www.tiktokv.com/share/video/7558318877361376567/,
2025-10-07 13:12:20-04:00,2025-10-07,13,like,Likes and Favorites.Like List.ItemFavoriteList,https://www.tiktokv.com/share/video/7536708816394603806/,
2025-10-07 13:04:06-04:00,2025-10-07,13,like,Likes and Favorites.Like List.ItemFavoriteList,https://www.tiktokv.com/share/video/7558104506416876830/,
2025-10-07 13:03:56-04:00,2025-10-07,13,like,Likes and Favorites.Like List.ItemFavoriteList,https://www.tiktokv.com/share/video/7552737005679987999/,
2025-10-07 13:02:48-04:00,2025-10-07,13,like,Likes and Favorites.Like List.ItemFavoriteList,https://www.tiktokv.com/share/video/7557766974332341535/,
2025-10-07 13:02:22-04:00,2025-10-07,13,like,Likes and Favorites.Like List.ItemFavoriteList,https://www.tiktokv.com/share/video/7556777827048213774/,
2025-10-07 10:52:25-04:00,2025-10-07,10,like,Likes and Favorites.Like List.ItemFavoriteList,https://www.tiktokv.com/share/video/7556309626678021407/,
2025-10-07 10:50:41-04:00,2025-10-07,10,like,Likes and Favorites.Like List.ItemFavoriteList,https://www.tiktokv.com/share/video/7550495365414374687/,
2025-10-07 10:50:04-04:00,2025-10-07,10,like,Likes and Favorites.Like List.ItemFavoriteList,https://www.tiktokv.com/share/video/7546253030845385997/,
2025-10-07 10:48:03-04:00,2025-10-07,10,like,Likes and Favorites.Like List.ItemFavoriteList,https://www.tiktokv.com/share/video/7552661924723428638/,
2025-10-07 10:47:54-04:00,2025-10-07,10,like,Likes and Favorites.Like List.ItemFavoriteList,https://www.tiktokv.com/share/video/7556308761942527245/,
2025-10-07 10:47:16-04:00,2025-10-07,10,like,Likes and Favorites.Like List.ItemFavoriteList,https://www.tiktokv.com/share/video/7558237928586104078/,
2025-10-07 10:46:00-04:00,2025-10-07,10,like,Likes and Favorites.Like List.ItemFavoriteList,https://www.tiktokv.com/share/video/7558217604091972919/,
2025-10-07 10:12:50-04:00,2025-10-07,10,like,Likes and Favorites.Like List.ItemFavoriteList,https://www.tiktokv.com/share/video/7557893350435605774/,
2025-10-07 10:12:26-04:00,2025-10-07,10,like,Likes and Favorites.Like List.ItemFavoriteList,https://www.tiktokv.com/share/video/7557988736525470996/,
2025-10-07 10:12:13-04:00,2025-10-07,10,like,Likes and Favorites.Like List.ItemFavoriteList,https://www.tiktokv.com/share/video/7557842188390993207/,
2025-10-07 10:11:39-04:00,2025-10-07,10,like,Likes and Favorites.Like List.ItemFavoriteList,https://www.tiktokv.com/share/video/7558107789806062903/,
2025-10-07 10:04:37-04:00,2025-10-07,10,like,Likes and Favorites.Like List.ItemFavoriteList,https://www.tiktokv.com/share/video/7558186610941037838/,
2025-10-07 09:31:45-04:00,2025-10-07,9,like,Likes and Favorites.Like List.ItemFavoriteList,https://www.tiktokv.com/share/video/7555379155588762910/,
2025-10-07 02:27:36-04:00,2025-10-07,2,like,Likes and Favorites.Like List.ItemFavoriteList,https://www.tiktokv.com/share/video/7541116022045019422/,
2025-10-07 02:26:55-04:00,2025-10-07,2,like,Likes and Favorites.Like List.ItemFavoriteList,https://www.tiktokv.com/share/video/7556591955401133326/,
2025-10-07 02:25:28-04:00,2025-10-07,2,like,Likes and Favorites.Like List.ItemFavoriteList,https://www.tiktokv.com/share/video/7550868946283482398/,
2025-10-07 02:24:48-04:00,2025-10-07,2,like,Likes and Favorites.Like List.ItemFavoriteList,https://www.tiktokv.com/share/video/7544946148440657172/,
2025-10-07 02:23:15-04:00,2025-10-07,2,like,Likes and Favorites.Like List.ItemFavoriteList,https://www.tiktokv.com/share/video/7554793824632048927/,
2025-10-07 02:18:13-04:00,2025-10-07,2,like,Likes and Favorites.Like List.ItemFavoriteList,https://www.tiktokv.com/share/video/7557845596137213192/,
2025-10-07 02:18:01-04:00,2025-10-07,2,like,Likes and Favorites.Like List.ItemFavoriteList,https://www.tiktokv.com/share/video/7547466768097316110/,
2025-10-07 02:15:11-04:00,2025-10-07,2,like,Likes and Favorites.Like List.ItemFavoriteList,https://www.tiktokv.com/share/video/7557480997562895647/,
2025-10-07 02:12:14-04:00,2025-10-07,2,like,Likes and Favorites.Like List.ItemFavoriteList,https://www.tiktokv.com/share/video/7555714457113038102/,
2025-10-07 02:10:46-04:00,2025-10-07,2,like,Likes and Favorites.Like List.ItemFavoriteList,https://www.tiktokv.com/share/video/7553855834036440351/,
2025-10-07 02:08:05-04:00,2025-10-07,2,like,Likes and Favorites.Like List.ItemFavoriteList,https://www.tiktokv.com/share/video/7548110699382246711/,
2025-10-07 02:04:40-04:00,2025-10-07,2,like,Likes and Favorites.Like List.ItemFavoriteList,https://www.tiktokv.com/share/video/7540006213451255070/,
2025-10-07 02:01:25-04:00,2025-10-07,2,like,Likes and Favorites.Like List.ItemFavoriteList,https://www.tiktokv.com/share/video/7553272234928917791/,
2025-10-07 01:58:20-04:00,2025-10-07,1,like,Likes and Favorites.Like List.ItemFavoriteList,https://www.tiktokv.com/share/video/7532168592272543007/,
2025-10-07 01:57:15-04:00,2025-10-07,1,like,Likes and Favorites.Like List.ItemFavoriteList,https://www.tiktokv.com/share/video/7557424813493554454/,
2025-10-07 01:43:03-04:00,2025-10-07,1,like,Likes and Favorites.Like List.ItemFavoriteList,https://www.tiktokv.com/share/video/7557866883639233814/,
2025-10-07 01:42:36-04:00,2025-10-07,1,like,Likes and Favorites.Like List.ItemFavoriteList,https://www.tiktokv.com/share/video/7557225914287836471/,
2025-10-07 01:41:37-04:00,2025-10-07,1,like,Likes and Favorites.Like List.ItemFavoriteList,https://www.tiktokv.com/share/video/7557928067906161934/,
2025-10-07 01:39:54-04:00,2025-10-07,1,like,Likes and Favorites.Like List.ItemFavoriteList,https://www.tiktokv.com/share/video/7448098450618551558/,
2025-10-07 01:39:38-04:00,2025-10-07,1,like,Likes and Favorites.Like List.ItemFavoriteList,https://www.tiktokv.com/share/video/7511446997023329558/,
2025-10-07 01:37:05-04:00,2025-10-07,1,like,Likes and Favorites.Like List.ItemFavoriteList,https://www.tiktokv.com/share/video/7542957974113750294/,
2025-10-07 01:36:57-04:00,2025-10-07,1,like,Likes and Favorites.Like List.ItemFavoriteList,https://www.tiktokv.com/share/video/7551615979822845239/,
2025-10-07 01:36:48-04:00,2025-10-07,1,like,Likes and Favorites.Like List.ItemFavoriteList,https://www.tiktokv.com/share/video/7525022496978947358/,
2025-10-07 01:35:50-04:00,2025-10-07,1,like,Likes and Favorites.Like List.ItemFavoriteList,https://www.tiktokv.com/share/video/7546584138338356511/,
2025-10-07 01:18:02-04:00,2025-10-07,1,like,Likes and Favorites.Like List.ItemFavoriteList,https://www.tiktokv.com/share/video/7553335194892143902/,
2025-10-07 01:16:42-04:00,2025-10-07,1,like,Likes and Favorites.Like List.ItemFavoriteList,https://www.tiktokv.com/share/video/7549976369891937550/,
2025-10-07 01:06:30-04:00,2025-10-07,1,like,Likes and Favorites.Like List.ItemFavoriteList,https://www.tiktokv.com/share/video/7543107134272130318/,
2025-10-07 01:05:42-04:00,2025-10-07,1,like,Likes and Favorites.Like List.ItemFavoriteList,https://www.tiktokv.com/share/video/7552212709350133047/,
2025-10-07 01:05:01-04:00,2025-10-07,1,like,Likes and Favorites.Like List.ItemFavoriteList,https://www.tiktokv.com/share/video/7557910865773743390/,
2025-10-07 01:04:32-04:00,2025-10-07,1,like,Likes and Favorites.Like List.ItemFavoriteList,https://www.tiktokv.com/share/video/7556495163518930232/,
2025-10-07 01:03:09-04:00,2025-10-07,1,like,Likes and Favorites.Like List.ItemFavoriteList,https://www.tiktokv.com/share/video/7551254061794790670/,
2025-10-07 01:02:29-04:00,2025-10-07,1,like,Likes and Favorites.Like List.ItemFavoriteList,https://www.tiktokv.com/share/video/7557936279061581069/,
2025-10-07 01:01:32-04:00,2025-10-07,1,like,Likes and Favorites.Like List.ItemFavoriteList,https://www.tiktokv.com/share/video/7557829326599638286/,
2025-10-07 01:00:46-04:00,2025-10-07,1,like,Likes and Favorites.Like List.ItemFavoriteList,https://www.tiktokv.com/share/video/7549683914650963230/,
2025-10-07 01:00:36-04:00,2025-10-07,1,like,Likes and Favorites.Like List.ItemFavoriteList,https://www.tiktokv.com/share/video/7557139065070505238/,
2025-10-07 00:59:24-04:00,2025-10-07,0,like,Likes and Favorites.Like List.ItemFavoriteList,https://www.tiktokv.com/share/video/7527327236702227734/,
2025-10-07 00:51:04-04:00,2025-10-07,0,like,Likes and Favorites.Like List.ItemFavoriteList,https://www.tiktokv.com/share/video/7550125846929935630/,
2025-10-07 00:50:27-04:00,2025-10-07,0,like,Likes and Favorites.Like List.ItemFavoriteList,https://www.tiktokv.com/share/video/7557929626362744078/,
2025-10-07 00:45:10-04:00,2025-10-07,0,like,Likes and Favorites.Like List.ItemFavoriteList,https://www.tiktokv.com/share/video/7556483394515897630/,
2025-10-06 14:03:26-04:00,2025-10-06,14,like,Likes and Favorites.Like List.ItemFavoriteList,https://www.tiktokv.com/share/video/7555490100893732103/,
2025-10-06 13:41:45-04:00,2025-10-06,13,like,Likes and Favorites.Like List.ItemFavoriteList,https://www.tiktokv.com/share/video/7542656381455781142/,
2025-10-06 13:40:42-04:00,2025-10-06,13,like,Likes and Favorites.Like List.ItemFavoriteList,https://www.tiktokv.com/share/video/7541821343671602450/,
2025-10-06 13:39:39-04:00,2025-10-06,13,like,Likes and Favorites.Like List.ItemFavoriteList,https://www.tiktokv.com/share/video/7537465769202896142/,
2025-10-06 13:38:48-04:00,2025-10-06,13,like,Likes and Favorites.Like List.ItemFavoriteList,https://www.tiktokv.com/share/video/7557431756748573982/,
2025-10-06 13:37:43-04:00,2025-10-06,13,like,Likes and Favorites.Like List.ItemFavoriteList,https://www.tiktokv.com/share/video/7537985579212901654/,
2025-10-06 13:36:09-04:00,2025-10-06,13,like,Likes and Favorites.Like List.ItemFavoriteList,https://www.tiktokv.com/share/video/7557490423070051614/,
2025-10-06 13:35:32-04:00,2025-10-06,13,like,Likes and Favorites.Like List.ItemFavoriteList,https://www.tiktokv.com/share/video/7558139519577525535/,
2025-10-06 13:35:19-04:00,2025-10-06,13,like,Likes and Favorites.Like List.ItemFavoriteList,https://www.tiktokv.com/share/video/7538198897978559757/,
2025-10-06 13:33:34-04:00,2025-10-06,13,like,Likes and Favorites.Like List.ItemFavoriteList,https://www.tiktokv.com/share/video/7557646922274622751/,
2025-10-06 13:32:11-04:00,2025-10-06,13,like,Likes and Favorites.Like List.ItemFavoriteList,https://www.tiktokv.com/share/video/7552670969165303054/,
2025-10-06 13:31:36-04:00,2025-10-06,13,like,Likes and Favorites.Like List.ItemFavoriteList,https://www.tiktokv.com/share/video/7547775891959532855/,
2025-10-06 13:11:27-04:00,2025-10-06,13,like,Likes and Favorites.Like List.ItemFavoriteList,https://www.tiktokv.com/share/video/7551357422229671199/,
2025-10-06 13:11:07-04:00,2025-10-06,13,like,Likes and Favorites.Like List.ItemFavoriteList,https://www.tiktokv.com/share/video/7544948697642126623/,
2025-10-06 13:07:57-04:00,2025-10-06,13,like,Likes and Favorites.Like List.ItemFavoriteList,https://www.tiktokv.com/share/video/7535959849583054093/,
2025-10-06 13:07:06-04:00,2025-10-06,13,like,Likes and Favorites.Like List.ItemFavoriteList,https://www.tiktokv.com/share/video/7540701752966860050/,
2025-10-06 13:04:25-04:00,2025-10-06,13,like,Likes and Favorites.Like List.ItemFavoriteList,https://www.tiktokv.com/share/video/7557371251933596959/,
2025-10-06 13:03:32-04:00,2025-10-06,13,like,Likes and Favorites.Like List.ItemFavoriteList,https://www.tiktokv.com/share/video/7553353630879845643/,
2025-10-06 13:03:22-04:00,2025-10-06,13,like,Likes and Favorites.Like List.ItemFavoriteList,https://www.tiktokv.com/share/video/7550743674557041950/,
2025-10-06 13:02:22-04:00,2025-10-06,13,like,Likes and Favorites.Like List.ItemFavoriteList,https://www.tiktokv.com/share/video/7551588140083940663/,
2025-10-06 12:59:58-04:00,2025-10-06,12,like,Likes and Favorites.Like List.ItemFavoriteList,https://www.tiktokv.com/share/video/7557157558847360286/,
2025-10-06 12:57:29-04:00,2025-10-06,12,like,Likes and Favorites.Like List.ItemFavoriteList,https://www.tiktokv.com/share/video/7555318322720558349/,
2025-10-06 12:55:55-04:00,2025-10-06,12,like,Likes and Favorites.Like List.ItemFavoriteList,https://www.tiktokv.com/share/video/7538569213540158733/,
2025-10-06 12:55:39-04:00,2025-10-06,12,like,Likes and Favorites.Like List.ItemFavoriteList,https://www.tiktokv.com/share/video/7557395104323882295/,
2025-10-06 12:46:16-04:00,2025-10-06,12,like,Likes and Favorites.Like List.ItemFavoriteList,https://www.tiktokv.com/share/video/7555694314387442958/,
2025-10-06 12:46:07-04:00,2025-10-06,12,like,Likes and Favorites.Like List.ItemFavoriteList,https://www.tiktokv.com/share/video/7544888575620304183/,
2025-10-06 12:43:25-04:00,2025-10-06,12,like,Likes and Favorites.Like List.ItemFavoriteList,https://www.tiktokv.com/share/video/7556231207105694994/,
2025-10-06 12:31:35-04:00,2025-10-06,12,like,Likes and Favorites.Like List.ItemFavoriteList,https://www.tiktokv.com/share/video/7556216224011586818/,
2025-10-06 12:28:46-04:00,2025-10-06,12,like,Likes and Favorites.Like List.ItemFavoriteList,https://www.tiktokv.com/share/video/7541777275071548694/,
2025-10-06 12:13:59-04:00,2025-10-06,12,like,Likes and Favorites.Like List.ItemFavoriteList,https://www.tiktokv.com/share/video/7544416134909414686/,
2025-10-06 12:13:39-04:00,2025-10-06,12,like,Likes and Favorites.Like List.ItemFavoriteList,https://www.tiktokv.com/share/video/7544826463216864567/,
2025-10-06 12:13:28-04:00,2025-10-06,12,like,Likes and Favorites.Like List.ItemFavoriteList,https://www.tiktokv.com/share/video/7555585400366959894/,
2025-10-06 12:12:52-04:00,2025-10-06,12,like,Likes and Favorites.Like List.ItemFavoriteList,https://www.tiktokv.com/share/video/7555617809066249502/,
2025-10-06 12:12:49-04:00,2025-10-06,12,like,Likes and Favorites.Like List.ItemFavoriteList,https://www.tiktokv.com/share/video/7539254135758048526/,
2025-10-06 12:10:19-04:00,2025-10-06,12,like,Likes and Favorites.Like List.ItemFavoriteList,https://www.tiktokv.com/share/video/7557794561314147597/,
2025-10-06 12:07:25-04:00,2025-10-06,12,like,Likes and Favorites.Like List.ItemFavoriteList,https://www.tiktokv.com/share/video/7547122150155521311/,
2025-10-06 12:06:43-04:00,2025-10-06,12,like,Likes and Favorites.Like List.ItemFavoriteList,https://www.tiktokv.com/share/video/7555952168461683981/,
2025-10-06 12:05:56-04:00,2025-10-06,12,like,Likes and Favorites.Like List.ItemFavoriteList,https://www.tiktokv.com/share/video/7553512161444629815/,
2025-10-06 12:03:46-04:00,2025-10-06,12,like,Likes and Favorites.Like List.ItemFavoriteList,https://www.tiktokv.com/share/video/7544794038864481566/,
2025-10-06 12:02:47-04:00,2025-10-06,12,like,Likes and Favorites.Like List.ItemFavoriteList,https://www.tiktokv.com/share/video/7556000043346578701/,
2025-10-06 12:01:23-04:00,2025-10-06,12,like,Likes and Favorites.Like List.ItemFavoriteList,https://www.tiktokv.com/share/video/7556686177974160662/,
2025-10-06 11:59:50-04:00,2025-10-06,11,like,Likes and Favorites.Like List.ItemFavoriteList,https://www.tiktokv.com/share/video/7540555131419626775/,
2025-10-06 11:59:25-04:00,2025-10-06,11,like,Likes and Favorites.Like List.ItemFavoriteList,https://www.tiktokv.com/share/video/7553124849208675598/,
2025-10-06 11:59:18-04:00,2025-10-06,11,like,Likes and Favorites.Like List.ItemFavoriteList,https://www.tiktokv.com/share/video/7554498911340186935/,
2025-10-06 11:58:58-04:00,2025-10-06,11,like,Likes and Favorites.Like List.ItemFavoriteList,https://www.tiktokv.com/share/video/7547158929860562207/,
2025-10-06 11:58:10-04:00,2025-10-06,11,like,Likes and Favorites.Like List.ItemFavoriteList,https://www.tiktokv.com/share/video/7555880592815050006/,
2025-10-06 11:55:56-04:00,2025-10-06,11,like,Likes and Favorites.Like List.ItemFavoriteList,https://www.tiktokv.com/share/video/7546661258171370807/,
2025-10-06 11:53:53-04:00,2025-10-06,11,like,Likes and Favorites.Like List.ItemFavoriteList,https://www.tiktokv.com/share/video/7553696110691290399/,
2025-10-06 11:53:41-04:00,2025-10-06,11,like,Likes and Favorites.Like List.ItemFavoriteList,https://www.tiktokv.com/share/video/7556022967335963934/,
2025-10-06 11:52:47-04:00,2025-10-06,11,like,Likes and Favorites.Like List.ItemFavoriteList,https://www.tiktokv.com/share/video/7555957679399669047/,
2025-10-06 11:52:23-04:00,2025-10-06,11,like,Likes and Favorites.Like List.ItemFavoriteList,https://www.tiktokv.com/share/video/7558030898608803094/,
2025-10-06 11:44:11-04:00,2025-10-06,11,like,Likes and Favorites.Like List.ItemFavoriteList,https://www.tiktokv.com/share/video/7557879092498926903/,
2025-10-06 11:43:23-04:00,2025-10-06,11,like,Likes and Favorites.Like List.ItemFavoriteList,https://www.tiktokv.com/share/video/7557267232942837047/,
2025-10-06 11:43:12-04:00,2025-10-06,11,like,Likes and Favorites.Like List.ItemFavoriteList,https://www.tiktokv.com/share/video/7556844667225099550/,
2025-10-06 11:41:51-04:00,2025-10-06,11,like,Likes and Favorites.Like List.ItemFavoriteList,https://www.tiktokv.com/share/video/7558114076392574239/,
2025-10-06 11:39:26-04:00,2025-10-06,11,like,Likes and Favorites.Like List.ItemFavoriteList,https://www.tiktokv.com/share/video/7557353555598921015/,
2025-10-06 10:35:23-04:00,2025-10-06,10,like,Likes and Favorites.Like List.ItemFavoriteList,https://www.tiktokv.com/share/video/7541815719453838614/,
2025-10-06 10:35:09-04:00,2025-10-06,10,like,Likes and Favorites.Like List.ItemFavoriteList,https://www.tiktokv.com/share/video/7556653250116717855/,
2025-10-06 10:00:00-04:00,2025-10-06,10,like,Likes and Favorites.Like List.ItemFavoriteList,https://www.tiktokv.com/share/video/7539203056404024589/,
2025-10-06 09:59:33-04:00,2025-10-06,9,like,Likes and Favorites.Like List.ItemFavoriteList,https://www.tiktokv.com/share/video/7551707208602422546/,
2025-10-06 09:59:00-04:00,2025-10-06,9,like,Likes and Favorites.Like List.ItemFavoriteList,https://www.tiktokv.com/share/video/7547680263736708359/,
2025-10-06 09:55:00-04:00,2025-10-06,9,like,Likes and Favorites.Like List.ItemFavoriteList,https://www.tiktokv.com/share/video/7544424474075041037/,
2025-10-06 09:54:27-04:00,2025-10-06,9,like,Likes and Favorites.Like List.ItemFavoriteList,https://www.tiktokv.com/share/video/7555120045420973325/,
2025-10-06 09:53:47-04:00,2025-10-06,9,like,Likes and Favorites.Like List.ItemFavoriteList,https://www.tiktokv.com/share/video/7557733998299073823/,
2025-10-06 09:51:01-04:00,2025-10-06,9,like,Likes and Favorites.Like List.ItemFavoriteList,https://www.tiktokv.com/share/video/7548502378459286814/,
2025-10-06 09:50:40-04:00,2025-10-06,9,like,Likes and Favorites.Like List.ItemFavoriteList,https://www.tiktokv.com/share/video/7557586835996740894/,
2025-10-06 09:47:45-04:00,2025-10-06,9,like,Likes and Favorites.Like List.ItemFavoriteList,https://www.tiktokv.com/share/video/7551288875558194454/,
2025-10-06 09:46:16-04:00,2025-10-06,9,like,Likes and Favorites.Like List.ItemFavoriteList,https://www.tiktokv.com/share/video/7521596195454586142/,
2025-10-06 09:45:51-04:00,2025-10-06,9,like,Likes and Favorites.Like List.ItemFavoriteList,https://www.tiktokv.com/share/video/7546935741079751966/,
2025-10-06 09:45:16-04:00,2025-10-06,9,like,Likes and Favorites.Like List.ItemFavoriteList,https://www.tiktokv.com/share/video/7557248945290792223/,
2025-10-06 09:43:48-04:00,2025-10-06,9,like,Likes and Favorites.Like List.ItemFavoriteList,https://www.tiktokv.com/share/video/7557342682255723806/,
2025-10-06 09:42:58-04:00,2025-10-06,9,like,Likes and Favorites.Like List.ItemFavoriteList,https://www.tiktokv.com/share/video/7557345443965898014/,
2025-10-06 09:40:33-04:00,2025-10-06,9,like,Likes and Favorites.Like List.ItemFavoriteList,https://www.tiktokv.com/share/video/7556747033374231838/,
2025-10-06 09:34:49-04:00,2025-10-06,9,like,Likes and Favorites.Like List.ItemFavoriteList,https://www.tiktokv.com/share/video/7548988444844870942/,
2025-10-06 09:32:41-04:00,2025-10-06,9,like,Likes and Favorites.Like List.ItemFavoriteList,https://www.tiktokv.com/share/video/7557840734041165070/,
2025-10-06 09:32:16-04:00,2025-10-06,9,like,Likes and Favorites.Like List.ItemFavoriteList,https://www.tiktokv.com/share/video/7557580313770183991/,
2025-10-06 09:29:56-04:00,2025-10-06,9,like,Likes and Favorites.Like List.ItemFavoriteList,https://www.tiktokv.com/share/video/7557857724269104439/,
2025-10-06 09:29:42-04:00,2025-10-06,9,like,Likes and Favorites.Like List.ItemFavoriteList,https://www.tiktokv.com/share/video/7557869745706470670/,
2025-10-06 01:10:44-04:00,2025-10-06,1,like,Likes and Favorites.Like List.ItemFavoriteList,https://www.tiktokv.com/share/video/7555719499039673614/,
2025-10-06 01:08:54-04:00,2025-10-06,1,like,Likes and Favorites.Like List.ItemFavoriteList,https://www.tiktokv.com/share/video/7557604959529864462/,
2025-10-06 01:05:09-04:00,2025-10-06,1,like,Likes and Favorites.Like List.ItemFavoriteList,https://www.tiktokv.com/share/video/7540687482485017886/,
2025-10-06 01:03:50-04:00,2025-10-06,1,like,Likes and Favorites.Like List.ItemFavoriteList,https://www.tiktokv.com/share/video/7545489043664997637/,
2025-10-06 00:53:04-04:00,2025-10-06,0,like,Likes and Favorites.Like List.ItemFavoriteList,https://www.tiktokv.com/share/video/7557635207088704823/,
2025-10-06 00:52:21-04:00,2025-10-06,0,like,Likes and Favorites.Like List.ItemFavoriteList,https://www.tiktokv.com/share/video/7540515384328342839/,
2025-10-06 00:49:11-04:00,2025-10-06,0,like,Likes and Favorites.Like List.ItemFavoriteList,https://www.tiktokv.com/share/video/7557518830679969037/,
2025-10-06 00:48:54-04:00,2025-10-06,0,like,Likes and Favorites.Like List.ItemFavoriteList,https://www.tiktokv.com/share/video/7547406189064228152/,
2025-10-06 00:47:31-04:00,2025-10-06,0,like,Likes and Favorites.Like List.ItemFavoriteList,https://www.tiktokv.com/share/video/7556780076675763511/,
2025-10-06 00:47:14-04:00,2025-10-06,0,like,Likes and Favorites.Like List.ItemFavoriteList,https://www.tiktokv.com/share/video/7553841420734319886/,
2025-10-06 00:44:20-04:00,2025-10-06,0,like,Likes and Favorites.Like List.ItemFavoriteList,https://www.tiktokv.com/share/video/7557770400520801550/,
2025-10-06 00:43:13-04:00,2025-10-06,0,like,Likes and Favorites.Like List.ItemFavoriteList,https://www.tiktokv.com/share/video/7556610146659667202/,
2025-10-06 00:41:44-04:00,2025-10-06,0,like,Likes and Favorites.Like List.ItemFavoriteList,https://www.tiktokv.com/share/video/7557904886902361357/,
2025-10-06 00:40:20-04:00,2025-10-06,0,like,Likes and Favorites.Like List.ItemFavoriteList,https://www.tiktokv.com/share/video/7555217136545795359/,
2025-10-06 00:38:02-04:00,2025-10-06,0,like,Likes and Favorites.Like List.ItemFavoriteList,https://www.tiktokv.com/share/video/7557644350583328014/,
2025-10-06 00:37:49-04:00,2025-10-06,0,like,Likes and Favorites.Like List.ItemFavoriteList,https://www.tiktokv.com/share/video/7557800528760114446/,
2025-10-05 22:40:13-04:00,2025-10-05,22,like,Likes and Favorites.Like List.ItemFavoriteList,https://www.tiktokv.com/share/video/7556796126695918861/,
2025-10-05 21:47:35-04:00,2025-10-05,21,like,Likes and Favorites.Like List.ItemFavoriteList,https://www.tiktokv.com/share/video/7557117946141625631/,
2025-10-05 21:31:48-04:00,2025-10-05,21,like,Likes and Favorites.Like List.ItemFavoriteList,https://www.tiktokv.com/share/video/7549614201925340423/,
2025-10-05 19:57:25-04:00,2025-10-05,19,like,Likes and Favorites.Like List.ItemFavoriteList,https://www.tiktokv.com/share/video/7556379370164636959/,
2025-10-05 19:57:02-04:00,2025-10-05,19,like,Likes and Favorites.Like List.ItemFavoriteList,https://www.tiktokv.com/share/video/7555974545375644942/,
2025-10-05 19:56:59-04:00,2025-10-05,19,like,Likes and Favorites.Like List.ItemFavoriteList,https://www.tiktokv.com/share/video/7557143960079174934/,
2025-10-05 19:56:44-04:00,2025-10-05,19,like,Likes and Favorites.Like List.ItemFavoriteList,https://www.tiktokv.com/share/video/7555928917006191873/,
2025-10-05 19:56:20-04:00,2025-10-05,19,like,Likes and Favorites.Like List.ItemFavoriteList,https://www.tiktokv.com/share/video/7557622504462748946/,
2025-10-05 19:55:57-04:00,2025-10-05,19,like,Likes and Favorites.Like List.ItemFavoriteList,https://www.tiktokv.com/share/video/7557158531007302943/,
2025-10-05 19:50:59-04:00,2025-10-05,19,like,Likes and Favorites.Like List.ItemFavoriteList,https://www.tiktokv.com/share/video/7543025464902831382/,
2025-10-05 11:39:13-04:00,2025-10-05,11,like,Likes and Favorites.Like List.ItemFavoriteList,https://www.tiktokv.com/share/video/7556750032721022238/,
2025-10-05 11:37:56-04:00,2025-10-05,11,like,Likes and Favorites.Like List.ItemFavoriteList,https://www.tiktokv.com/share/video/7548049892204154120/,
2025-10-05 11:36:42-04:00,2025-10-05,11,like,Likes and Favorites.Like List.ItemFavoriteList,https://www.tiktokv.com/share/video/7557080735727750430/,
2025-10-05 11:04:21-04:00,2025-10-05,11,like,Likes and Favorites.Like List.ItemFavoriteList,https://www.tiktokv.com/share/video/7557398028965940493/,
2025-10-05 10:59:15-04:00,2025-10-05,10,like,Likes and Favorites.Like List.ItemFavoriteList,https://www.tiktokv.com/share/video/7557352309039107341/,
2025-10-04 21:50:03-04:00,2025-10-04,21,like,Likes and Favorites.Like List.ItemFavoriteList,https://www.tiktokv.com/share/video/7540754279376751885/,
2025-10-04 21:49:24-04:00,2025-10-04,21,like,Likes and Favorites.Like List.ItemFavoriteList,https://www.tiktokv.com/share/video/7547810917333929271/,
2025-10-04 21:17:17-04:00,2025-10-04,21,like,Likes and Favorites.Like List.ItemFavoriteList,https://www.tiktokv.com/share/video/7541578561409371423/,
2025-10-04 21:16:02-04:00,2025-10-04,21,like,Likes and Favorites.Like List.ItemFavoriteList,https://www.tiktokv.com/share/video/7556309721456577805/,
2025-10-04 21:15:45-04:00,2025-10-04,21,like,Likes and Favorites.Like List.ItemFavoriteList,https://www.tiktokv.com/share/video/7555848752121056534/,
2025-10-04 21:15:21-04:00,2025-10-04,21,like,Likes and Favorites.Like List.ItemFavoriteList,https://www.tiktokv.com/share/video/7556734021514972429/,
2025-10-04 21:14:37-04:00,2025-10-04,21,like,Likes and Favorites.Like List.ItemFavoriteList,https://www.tiktokv.com/share/video/7556265635018263822/,
2025-10-04 21:14:23-04:00,2025-10-04,21,like,Likes and Favorites.Like List.ItemFavoriteList,https://www.tiktokv.com/share/video/7557159996039941406/,
2025-10-04 21:13:37-04:00,2025-10-04,21,like,Likes and Favorites.Like List.ItemFavoriteList,https://www.tiktokv.com/share/video/7539625084042923294/,
2025-10-04 07:49:15-04:00,2025-10-04,7,like,Likes and Favorites.Like List.ItemFavoriteList,https://www.tiktokv.com/share/video/7556864171359489294/,
2025-10-03 22:54:26-04:00,2025-10-03,22,like,Likes and Favorites.Like List.ItemFavoriteList,https://www.tiktokv.com/share/video/7555550404336028983/,
2025-10-03 22:51:58-04:00,2025-10-03,22,like,Likes and Favorites.Like List.ItemFavoriteList,https://www.tiktokv.com/share/video/7556029941561707806/,
2025-10-03 22:50:11-04:00,2025-10-03,22,like,Likes and Favorites.Like List.ItemFavoriteList,https://www.tiktokv.com/share/video/7556389695580540173/,
2025-10-03 22:46:26-04:00,2025-10-03,22,like,Likes and Favorites.Like List.ItemFavoriteList,https://www.tiktokv.com/share/video/7556348944570240269/,
2025-10-03 22:45:17-04:00,2025-10-03,22,like,Likes and Favorites.Like List.ItemFavoriteList,https://www.tiktokv.com/share/video/7535590061425872146/,
2025-10-03 22:44:11-04:00,2025-10-03,22,like,Likes and Favorites.Like List.ItemFavoriteList,https://www.tiktokv.com/share/video/7544842179403992342/,
2025-10-03 22:42:49-04:00,2025-10-03,22,like,Likes and Favorites.Like List.ItemFavoriteList,https://www.tiktokv.com/share/video/7553362236610186510/,
2025-10-03 22:42:17-04:00,2025-10-03,22,like,Likes and Favorites.Like List.ItemFavoriteList,https://www.tiktokv.com/share/video/7556508891757038879/,
2025-10-03 22:42:11-04:00,2025-10-03,22,like,Likes and Favorites.Like List.ItemFavoriteList,https://www.tiktokv.com/share/video/7556188903179373854/,
2025-10-03 22:42:04-04:00,2025-10-03,22,like,Likes and Favorites.Like List.ItemFavoriteList,https://www.tiktokv.com/share/video/7555267846352260383/,
2025-10-03 22:37:59-04:00,2025-10-03,22,like,Likes and Favorites.Like List.ItemFavoriteList,https://www.tiktokv.com/share/video/7556456384334695693/,
2025-10-03 20:22:07-04:00,2025-10-03,20,like,Likes and Favorites.Like List.ItemFavoriteList,https://www.tiktokv.com/share/video/7555953565936733453/,
2025-10-03 20:20:50-04:00,2025-10-03,20,like,Likes and Favorites.Like List.ItemFavoriteList,https://www.tiktokv.com/share/video/7557144050831248671/,
2025-10-03 20:20:36-04:00,2025-10-03,20,like,Likes and Favorites.Like List.ItemFavoriteList,https://www.tiktokv.com/share/video/7556335186405870870/,
2025-10-03 20:20:11-04:00,2025-10-03,20,like,Likes and Favorites.Like List.ItemFavoriteList,https://www.tiktokv.com/share/video/7555810328647322902/,
2025-10-03 20:19:49-04:00,2025-10-03,20,like,Likes and Favorites.Like List.ItemFavoriteList,https://www.tiktokv.com/share/video/7555869294471433486/,
2025-10-03 20:18:59-04:00,2025-10-03,20,like,Likes and Favorites.Like List.ItemFavoriteList,https://www.tiktokv.com/share/video/7556279093147290911/,
2025-10-03 20:18:46-04:00,2025-10-03,20,like,Likes and Favorites.Like List.ItemFavoriteList,https://www.tiktokv.com/share/video/7556726192250866974/,
2025-10-03 00:40:51-04:00,2025-10-03,0,like,Likes and Favorites.Like List.ItemFavoriteList,https://www.tiktokv.com/share/video/7546643761493806366/,
2025-10-02 18:17:04-04:00,2025-10-02,18,like,Likes and Favorites.Like List.ItemFavoriteList,https://www.tiktokv.com/share/video/7555619988237733150/,
2025-10-02 18:15:49-04:00,2025-10-02,18,like,Likes and Favorites.Like List.ItemFavoriteList,https://www.tiktokv.com/share/video/7555624323151613197/,
2025-10-02 18:13:25-04:00,2025-10-02,18,like,Likes and Favorites.Like List.ItemFavoriteList,https://www.tiktokv.com/share/video/7555647479480470814/,
2025-10-02 17:56:50-04:00,2025-10-02,17,like,Likes and Favorites.Like List.ItemFavoriteList,https://www.tiktokv.com/share/video/7539554667282353415/,
2025-10-02 13:08:37-04:00,2025-10-02,13,like,Likes and Favorites.Like List.ItemFavoriteList,https://www.tiktokv.com/share/video/7555908055536323895/,
2025-10-02 09:13:46-04:00,2025-10-02,9,like,Likes and Favorites.Like List.ItemFavoriteList,https://www.tiktokv.com/share/video/7553268337942301965/,
2025-10-01 23:33:44-04:00,2025-10-01,23,like,Likes and Favorites.Like List.ItemFavoriteList,https://www.tiktokv.com/share/video/7552725333212990751/,
2025-10-01 23:31:05-04:00,2025-10-01,23,like,Likes and Favorites.Like List.ItemFavoriteList,https://www.tiktokv.com/share/video/7555976704640961805/,
2025-10-01 22:52:14-04:00,2025-10-01,22,like,Likes and Favorites.Like List.ItemFavoriteList,https://www.tiktokv.com/share/video/7549138130893311287/,
2025-10-01 22:50:06-04:00,2025-10-01,22,like,Likes and Favorites.Like List.ItemFavoriteList,https://www.tiktokv.com/share/video/7555029316426321166/,
2025-10-01 18:29:16-04:00,2025-10-01,18,like,Likes and Favorites.Like List.ItemFavoriteList,https://www.tiktokv.com/share/video/7447205091033222446/,
2025-10-01 18:28:28-04:00,2025-10-01,18,like,Likes and Favorites.Like List.ItemFavoriteList,https://www.tiktokv.com/share/video/7539860647434112264/,
2025-10-01 18:26:43-04:00,2025-10-01,18,like,Likes and Favorites.Like List.ItemFavoriteList,https://www.tiktokv.com/share/video/7545519682288225567/,
2025-10-01 18:26:06-04:00,2025-10-01,18,like,Likes and Favorites.Like List.ItemFavoriteList,https://www.tiktokv.com/share/video/7553348430911835424/,
2025-10-01 18:25:28-04:00,2025-10-01,18,like,Likes and Favorites.Like List.ItemFavoriteList,https://www.tiktokv.com/share/video/7542890810426051848/,
2025-10-01 18:25:20-04:00,2025-10-01,18,like,Likes and Favorites.Like List.ItemFavoriteList,https://www.tiktokv.com/share/video/7555168814237748493/,
2025-10-01 18:24:46-04:00,2025-10-01,18,like,Likes and Favorites.Like List.ItemFavoriteList,https://www.tiktokv.com/share/video/7545983314969021727/,
2025-10-01 18:24:00-04:00,2025-10-01,18,like,Likes and Favorites.Like List.ItemFavoriteList,https://www.tiktokv.com/share/video/7555361510638226718/,
2025-10-01 18:22:54-04:00,2025-10-01,18,like,Likes and Favorites.Like List.ItemFavoriteList,https://www.tiktokv.com/share/video/7554757085238431006/,
2025-10-01 17:43:22-04:00,2025-10-01,17,like,Likes and Favorites.Like List.ItemFavoriteList,https://www.tiktokv.com/share/video/7544302159903329558/,
2025-10-01 17:40:13-04:00,2025-10-01,17,like,Likes and Favorites.Like List.ItemFavoriteList,https://www.tiktokv.com/share/video/7555696335949810958/,
2025-10-01 17:36:09-04:00,2025-10-01,17,like,Likes and Favorites.Like List.ItemFavoriteList,https://www.tiktokv.com/share/video/7551869246083501343/,
2025-10-01 17:34:26-04:00,2025-10-01,17,like,Likes and Favorites.Like List.ItemFavoriteList,https://www.tiktokv.com/share/video/7553736371731565854/,
2025-10-01 17:34:14-04:00,2025-10-01,17,like,Likes and Favorites.Like List.ItemFavoriteList,https://www.tiktokv.com/share/video/7555557159145098526/,
2025-10-01 17:34:05-04:00,2025-10-01,17,like,Likes and Favorites.Like List.ItemFavoriteList,https://www.tiktokv.com/share/video/7555949125989141774/,
2025-10-01 17:32:28-04:00,2025-10-01,17,like,Likes and Favorites.Like List.ItemFavoriteList,https://www.tiktokv.com/share/video/7554842495008443679/,
2025-10-01 17:32:14-04:00,2025-10-01,17,like,Likes and Favorites.Like List.ItemFavoriteList,https://www.tiktokv.com/share/video/7542233090689715511/,
2025-10-01 17:28:16-04:00,2025-10-01,17,like,Likes and Favorites.Like List.ItemFavoriteList,https://www.tiktokv.com/share/video/7555417685404699935/,
2025-10-01 17:26:35-04:00,2025-10-01,17,like,Likes and Favorites.Like List.ItemFavoriteList,https://www.tiktokv.com/share/video/7552701952677661982/,
2025-10-01 17:24:42-04:00,2025-10-01,17,like,Likes and Favorites.Like List.ItemFavoriteList,https://www.tiktokv.com/share/video/7538983219006410014/,
2025-10-01 17:23:28-04:00,2025-10-01,17,like,Likes and Favorites.Like List.ItemFavoriteList,https://www.tiktokv.com/share/video/7556221851857325343/,
2025-10-01 17:21:13-04:00,2025-10-01,17,like,Likes and Favorites.Like List.ItemFavoriteList,https://www.tiktokv.com/share/video/7553793794445987102/,
2025-10-01 17:21:09-04:00,2025-10-01,17,like,Likes and Favorites.Like List.ItemFavoriteList,https://www.tiktokv.com/share/video/7551783020324244767/,
2025-10-01 16:53:49-04:00,2025-10-01,16,like,Likes and Favorites.Like List.ItemFavoriteList,https://www.tiktokv.com/share/video/7555246440512032013/,
2025-10-01 16:51:50-04:00,2025-10-01,16,like,Likes and Favorites.Like List.ItemFavoriteList,https://www.tiktokv.com/share/video/7535437492284083478/,
2025-10-01 16:50:54-04:00,2025-10-01,16,like,Likes and Favorites.Like List.ItemFavoriteList,https://www.tiktokv.com/share/video/7549712418763476279/,
2025-10-01 16:47:02-04:00,2025-10-01,16,like,Likes and Favorites.Like List.ItemFavoriteList,https://www.tiktokv.com/share/video/7544959700475890958/,
2025-10-01 16:44:31-04:00,2025-10-01,16,like,Likes and Favorites.Like List.ItemFavoriteList,https://www.tiktokv.com/share/video/7555472713817607454/,
2025-09-30 23:01:24-04:00,2025-09-30,23,like,Likes and Favorites.Like List.ItemFavoriteList,https://www.tiktokv.com/share/video/7553743509606386974/,
2025-09-30 22:59:22-04:00,2025-09-30,22,like,Likes and Favorites.Like List.ItemFavoriteList,https://www.tiktokv.com/share/video/7555489902142508319/,
2025-09-30 20:21:21-04:00,2025-09-30,20,like,Likes and Favorites.Like List.ItemFavoriteList,https://www.tiktokv.com/share/video/7553534703890926903/,
2025-09-30 20:20:54-04:00,2025-09-30,20,like,Likes and Favorites.Like List.ItemFavoriteList,https://www.tiktokv.com/share/video/7554832550036901134/,
2025-09-30 20:19:52-04:00,2025-09-30,20,like,Likes and Favorites.Like List.ItemFavoriteList,https://www.tiktokv.com/share/video/7555242443537468727/,
2025-09-30 20:19:01-04:00,2025-09-30,20,like,Likes and Favorites.Like List.ItemFavoriteList,https://www.tiktokv.com/share/video/7552705821239479565/,
2025-09-30 20:16:48-04:00,2025-09-30,20,like,Likes and Favorites.Like List.ItemFavoriteList,https://www.tiktokv.com/share/video/7555550074885934350/,
2025-09-30 20:15:35-04:00,2025-09-30,20,like,Likes and Favorites.Like List.ItemFavoriteList,https://www.tiktokv.com/share/video/7555330232815717663/,
2025-09-30 20:14:05-04:00,2025-09-30,20,like,Likes and Favorites.Like List.ItemFavoriteList,https://www.tiktokv.com/share/video/7555329592517463327/,
2025-09-30 20:09:51-04:00,2025-09-30,20,like,Likes and Favorites.Like List.ItemFavoriteList,https://www.tiktokv.com/share/video/7551515084959370526/,
2025-09-30 20:07:48-04:00,2025-09-30,20,like,Likes and Favorites.Like List.ItemFavoriteList,https://www.tiktokv.com/share/video/7554761761501482271/,
2025-09-30 20:06:33-04:00,2025-09-30,20,like,Likes and Favorites.Like List.ItemFavoriteList,https://www.tiktokv.com/share/video/7554534323743968567/,
2025-09-30 20:05:25-04:00,2025-09-30,20,like,Likes and Favorites.Like List.ItemFavoriteList,https://www.tiktokv.com/share/video/7555553453599214903/,
2025-09-30 20:04:41-04:00,2025-09-30,20,like,Likes and Favorites.Like List.ItemFavoriteList,https://www.tiktokv.com/share/video/7552949701264297247/,
2025-09-30 18:49:13-04:00,2025-09-30,18,like,Likes and Favorites.Like List.ItemFavoriteList,https://www.tiktokv.com/share/video/7555360114622860558/,
2025-09-30 18:48:11-04:00,2025-09-30,18,like,Likes and Favorites.Like List.ItemFavoriteList,https://www.tiktokv.com/share/video/7555245575042534667/,
2025-09-30 18:47:25-04:00,2025-09-30,18,like,Likes and Favorites.Like List.ItemFavoriteList,https://www.tiktokv.com/share/video/7554108015763279115/,
2025-09-30 18:40:33-04:00,2025-09-30,18,like,Likes and Favorites.Like List.ItemFavoriteList,https://www.tiktokv.com/share/video/7551151405000625430/,
2025-09-30 18:39:13-04:00,2025-09-30,18,like,Likes and Favorites.Like List.ItemFavoriteList,https://www.tiktokv.com/share/video/7555780654965820685/,
2025-09-30 18:36:51-04:00,2025-09-30,18,like,Likes and Favorites.Like List.ItemFavoriteList,https://www.tiktokv.com/share/video/7555600392474627359/,
2025-09-30 18:34:08-04:00,2025-09-30,18,like,Likes and Favorites.Like List.ItemFavoriteList,https://www.tiktokv.com/share/video/7555318827186195742/,
2025-09-30 18:31:08-04:00,2025-09-30,18,like,Likes and Favorites.Like List.ItemFavoriteList,https://www.tiktokv.com/share/video/7554809988661677343/,
2025-09-30 18:30:10-04:00,2025-09-30,18,like,Likes and Favorites.Like List.ItemFavoriteList,https://www.tiktokv.com/share/video/7553488272081685815/,
2025-09-30 18:29:07-04:00,2025-09-30,18,like,Likes and Favorites.Like List.ItemFavoriteList,https://www.tiktokv.com/share/video/7555671834981698847/,
2025-09-30 18:28:26-04:00,2025-09-30,18,like,Likes and Favorites.Like List.ItemFavoriteList,https://www.tiktokv.com/share/video/7553784246989491470/,
2025-09-30 16:32:46-04:00,2025-09-30,16,like,Likes and Favorites.Like List.ItemFavoriteList,https://www.tiktokv.com/share/video/7555291726047382839/,
2025-09-30 15:28:57-04:00,2025-09-30,15,like,Likes and Favorites.Like List.ItemFavoriteList,https://www.tiktokv.com/share/video/7555562008767106334/,
2025-09-29 23:38:16-04:00,2025-09-29,23,like,Likes and Favorites.Like List.ItemFavoriteList,https://www.tiktokv.com/share/video/7554945503117479199/,
2025-09-29 19:57:08-04:00,2025-09-29,19,like,Likes and Favorites.Like List.ItemFavoriteList,https://www.tiktokv.com/share/video/7554420122421677325/,
2025-09-29 19:56:39-04:00,2025-09-29,19,like,Likes and Favorites.Like List.ItemFavoriteList,https://www.tiktokv.com/share/video/7537056629091618061/,
2025-09-29 17:49:50-04:00,2025-09-29,17,like,Likes and Favorites.Like List.ItemFavoriteList,https://www.tiktokv.com/share/video/7554807369432124702/,
2025-09-29 17:48:59-04:00,2025-09-29,17,like,Likes and Favorites.Like List.ItemFavoriteList,https://www.tiktokv.com/share/video/7549771321236917535/,
2025-09-21 09:38:50-04:00,2025-09-21,9,like,Likes and Favorites.Like List.ItemFavoriteList,https://www.tiktokv.com/share/video/7551877235691490615/,
2025-09-21 09:31:45-04:00,2025-09-21,9,like,Likes and Favorites.Like List.ItemFavoriteList,https://www.tiktokv.com/share/video/7551563229445557518/,
2025-09-21 09:30:46-04:00,2025-09-21,9,like,Likes and Favorites.Like List.ItemFavoriteList,https://www.tiktokv.com/share/video/7552396291066645774/,
2025-09-21 09:28:51-04:00,2025-09-21,9,like,Likes and Favorites.Like List.ItemFavoriteList,https://www.tiktokv.com/share/video/7531742754020330760/,
2025-09-21 09:25:43-04:00,2025-09-21,9,like,Likes and Favorites.Like List.ItemFavoriteList,https://www.tiktokv.com/share/video/7551920490525281549/,
2025-09-21 09:24:02-04:00,2025-09-21,9,like,Likes and Favorites.Like List.ItemFavoriteList,https://www.tiktokv.com/share/video/7552361222440570126/,
2025-09-21 09:20:08-04:00,2025-09-21,9,like,Likes and Favorites.Like List.ItemFavoriteList,https://www.tiktokv.com/share/video/7504478034968218910/,
2025-09-21 01:29:14-04:00,2025-09-21,1,like,Likes and Favorites.Like List.ItemFavoriteList,https://www.tiktokv.com/share/video/7547437251723087135/,
2025-09-21 01:29:08-04:00,2025-09-21,1,like,Likes and Favorites.Like List.ItemFavoriteList,https://www.tiktokv.com/share/video/7551784404972997901/,
2025-09-21 01:28:40-04:00,2025-09-21,1,like,Likes and Favorites.Like List.ItemFavoriteList,https://www.tiktokv.com/share/video/7552234311693438221/,
2025-09-21 01:27:30-04:00,2025-09-21,1,like,Likes and Favorites.Like List.ItemFavoriteList,https://www.tiktokv.com/share/video/7551536959231888695/,
2025-09-21 01:21:41-04:00,2025-09-21,1,like,Likes and Favorites.Like List.ItemFavoriteList,https://www.tiktokv.com/share/video/7551240002596916493/,
2025-09-21 01:20:45-04:00,2025-09-21,1,like,Likes and Favorites.Like List.ItemFavoriteList,https://www.tiktokv.com/share/video/7551669289657339191/,
2025-09-21 01:20:12-04:00,2025-09-21,1,like,Likes and Favorites.Like List.ItemFavoriteList,https://www.tiktokv.com/share/video/7549799843925970189/,
2025-09-21 01:19:51-04:00,2025-09-21,1,like,Likes and Favorites.Like List.ItemFavoriteList,https://www.tiktokv.com/share/video/7542673224564264247/,
2025-09-21 01:17:36-04:00,2025-09-21,1,like,Likes and Favorites.Like List.ItemFavoriteList,https://www.tiktokv.com/share/video/7533832443032358200/,
2025-09-21 01:17:30-04:00,2025-09-21,1,like,Likes and Favorites.Like List.ItemFavoriteList,https://www.tiktokv.com/share/video/7552067558283791623/,
2025-09-21 01:16:44-04:00,2025-09-21,1,like,Likes and Favorites.Like List.ItemFavoriteList,https://www.tiktokv.com/share/video/7551694738806607117/,
2025-09-21 01:16:10-04:00,2025-09-21,1,like,Likes and Favorites.Like List.ItemFavoriteList,https://www.tiktokv.com/share/video/7552148751763197198/,
2025-09-21 01:02:13-04:00,2025-09-21,1,like,Likes and Favorites.Like List.ItemFavoriteList,https://www.tiktokv.com/share/video/7550835340035050783/,
2025-09-21 01:01:26-04:00,2025-09-21,1,like,Likes and Favorites.Like List.ItemFavoriteList,https://www.tiktokv.com/share/video/7551965879261777183/,
2025-09-20 17:11:10-04:00,2025-09-20,17,like,Likes and Favorites.Like List.ItemFavoriteList,https://www.tiktokv.com/share/video/7535155804253474079/,
2025-09-20 17:10:16-04:00,2025-09-20,17,like,Likes and Favorites.Like List.ItemFavoriteList,https://www.tiktokv.com/share/video/7551878653093694733/,
2025-09-20 17:10:16-04:00,2025-09-20,17,like,Likes and Favorites.Like List.ItemFavoriteList,https://www.tiktokv.com/share/video/7536354329804983607/,
2025-09-20 17:06:29-04:00,2025-09-20,17,like,Likes and Favorites.Like List.ItemFavoriteList,https://www.tiktokv.com/share/video/7415711137309740330/,
2025-09-20 17:05:46-04:00,2025-09-20,17,like,Likes and Favorites.Like List.ItemFavoriteList,https://www.tiktokv.com/share/video/7550722043180813590/,
2025-09-20 17:03:17-04:00,2025-09-20,17,like,Likes and Favorites.Like List.ItemFavoriteList,https://www.tiktokv.com/share/video/7549993591179955487/,
2025-09-20 17:01:39-04:00,2025-09-20,17,like,Likes and Favorites.Like List.ItemFavoriteList,https://www.tiktokv.com/share/video/7551840967658196238/,
2025-09-20 16:59:32-04:00,2025-09-20,16,like,Likes and Favorites.Like List.ItemFavoriteList,https://www.tiktokv.com/share/video/7540495218961927455/,
2025-09-20 16:55:14-04:00,2025-09-20,16,like,Likes and Favorites.Like List.ItemFavoriteList,https://www.tiktokv.com/share/video/7543718939579239735/,
2025-09-20 16:54:32-04:00,2025-09-20,16,like,Likes and Favorites.Like List.ItemFavoriteList,https://www.tiktokv.com/share/video/7551796810336062751/,
2025-09-20 16:51:45-04:00,2025-09-20,16,like,Likes and Favorites.Like List.ItemFavoriteList,https://www.tiktokv.com/share/video/7551247302501862670/,
2025-09-20 16:47:54-04:00,2025-09-20,16,like,Likes and Favorites.Like List.ItemFavoriteList,https://www.tiktokv.com/share/video/7551677446664342839/,
2025-09-20 16:47:32-04:00,2025-09-20,16,like,Likes and Favorites.Like List.ItemFavoriteList,https://www.tiktokv.com/share/video/7552009141192068383/,
2025-09-20 16:41:29-04:00,2025-09-20,16,like,Likes and Favorites.Like List.ItemFavoriteList,https://www.tiktokv.com/share/video/7549639308374756638/,
2025-09-19 22:30:26-04:00,2025-09-19,22,like,Likes and Favorites.Like List.ItemFavoriteList,https://www.tiktokv.com/share/video/7551265622886223117/,
2025-09-19 21:06:33-04:00,2025-09-19,21,like,Likes and Favorites.Like List.ItemFavoriteList,https://www.tiktokv.com/share/video/7550609733120429343/,
2025-09-19 11:19:23-04:00,2025-09-19,11,like,Likes and Favorites.Like List.ItemFavoriteList,https://www.tiktokv.com/share/video/7550708644224994591/,
2025-09-19 10:59:55-04:00,2025-09-19,10,like,Likes and Favorites.Like List.ItemFavoriteList,https://www.tiktokv.com/share/video/7545876565779909943/,
2025-09-19 10:59:46-04:00,2025-09-19,10,like,Likes and Favorites.Like List.ItemFavoriteList,https://www.tiktokv.com/share/video/7551175614565223711/,
2025-09-19 01:40:11-04:00,2025-09-19,1,like,Likes and Favorites.Like List.ItemFavoriteList,https://www.tiktokv.com/share/video/7551263287602629918/,
2025-09-19 01:37:44-04:00,2025-09-19,1,like,Likes and Favorites.Like List.ItemFavoriteList,https://www.tiktokv.com/share/video/7551493284846161172/,
2025-09-19 01:37:17-04:00,2025-09-19,1,like,Likes and Favorites.Like List.ItemFavoriteList,https://www.tiktokv.com/share/video/7550784771777908023/,
2025-09-19 01:36:54-04:00,2025-09-19,1,like,Likes and Favorites.Like List.ItemFavoriteList,https://www.tiktokv.com/share/video/7546662380957125902/,
2025-09-18 23:49:49-04:00,2025-09-18,23,like,Likes and Favorites.Like List.ItemFavoriteList,https://www.tiktokv.com/share/video/7551145769340865814/,
2025-09-18 22:33:27-04:00,2025-09-18,22,like,Likes and Favorites.Like List.ItemFavoriteList,https://www.tiktokv.com/share/video/7548945396274318647/,
2025-09-18 16:09:27-04:00,2025-09-18,16,like,Likes and Favorites.Like List.ItemFavoriteList,https://www.tiktokv.com/share/video/7551064020980108575/,
2025-09-18 13:52:01-04:00,2025-09-18,13,like,Likes and Favorites.Like List.ItemFavoriteList,https://www.tiktokv.com/share/video/7551214552361225480/,
2025-09-18 13:43:28-04:00,2025-09-18,13,like,Likes and Favorites.Like List.ItemFavoriteList,https://www.tiktokv.com/share/video/7550870833481207054/,
2025-09-18 13:37:35-04:00,2025-09-18,13,like,Likes and Favorites.Like List.ItemFavoriteList,https://www.tiktokv.com/share/video/7551146226750688526/,
2025-09-18 13:36:44-04:00,2025-09-18,13,like,Likes and Favorites.Like List.ItemFavoriteList,https://www.tiktokv.com/share/video/6997162977443007750/,
2025-09-18 13:35:54-04:00,2025-09-18,13,like,Likes and Favorites.Like List.ItemFavoriteList,https://www.tiktokv.com/share/video/7546312285086584095/,
2025-09-18 13:33:49-04:00,2025-09-18,13,like,Likes and Favorites.Like List.ItemFavoriteList,https://www.tiktokv.com/share/video/7503359257144757535/,
2025-09-18 13:29:42-04:00,2025-09-18,13,like,Likes and Favorites.Like List.ItemFavoriteList,https://www.tiktokv.com/share/video/7548945248475532575/,
2025-09-18 09:21:28-04:00,2025-09-18,9,like,Likes and Favorites.Like List.ItemFavoriteList,https://www.tiktokv.com/share/video/7550837612412505357/,
2025-09-18 09:06:05-04:00,2025-09-18,9,like,Likes and Favorites.Like List.ItemFavoriteList,https://www.tiktokv.com/share/video/7551058503998213407/,
2025-09-18 03:00:51-04:00,2025-09-18,3,like,Likes and Favorites.Like List.ItemFavoriteList,https://www.tiktokv.com/share/video/7550840640918064397/,
2025-09-18 03:00:34-04:00,2025-09-18,3,like,Likes and Favorites.Like List.ItemFavoriteList,https://www.tiktokv.com/share/video/7551165295767997751/,
2025-09-18 02:57:38-04:00,2025-09-18,2,like,Likes and Favorites.Like List.ItemFavoriteList,https://www.tiktokv.com/share/video/7548048607715331359/,
2025-09-18 02:34:28-04:00,2025-09-18,2,like,Likes and Favorites.Like List.ItemFavoriteList,https://www.tiktokv.com/share/video/7542352360903920904/,
2025-09-17 23:09:42-04:00,2025-09-17,23,like,Likes and Favorites.Like List.ItemFavoriteList,https://www.tiktokv.com/share/video/7547555172738731277/,
2025-09-17 23:09:00-04:00,2025-09-17,23,like,Likes and Favorites.Like List.ItemFavoriteList,https://www.tiktokv.com/share/video/7550378174115319071/,
2025-09-17 23:06:49-04:00,2025-09-17,23,like,Likes and Favorites.Like List.ItemFavoriteList,https://www.tiktokv.com/share/video/7550559322850282782/,
2025-09-17 19:52:04-04:00,2025-09-17,19,like,Likes and Favorites.Like List.ItemFavoriteList,https://www.tiktokv.com/share/video/7550322191519190302/,
2025-09-17 09:58:14-04:00,2025-09-17,9,like,Likes and Favorites.Like List.ItemFavoriteList,https://www.tiktokv.com/share/video/7547449737201388855/,
2025-09-17 09:57:34-04:00,2025-09-17,9,like,Likes and Favorites.Like List.ItemFavoriteList,https://www.tiktokv.com/share/video/7546953432737844511/,
2025-09-17 09:56:44-04:00,2025-09-17,9,like,Likes and Favorites.Like List.ItemFavoriteList,https://www.tiktokv.com/share/video/7550276093647883551/,
2025-09-17 09:55:05-04:00,2025-09-17,9,like,Likes and Favorites.Like List.ItemFavoriteList,https://www.tiktokv.com/share/video/7550382824256310583/,
2025-09-17 01:37:29-04:00,2025-09-17,1,like,Likes and Favorites.Like List.ItemFavoriteList,https://www.tiktokv.com/share/video/7550217354181872926/,
2025-09-16 14:24:23-04:00,2025-09-16,14,like,Likes and Favorites.Like List.ItemFavoriteList,https://www.tiktokv.com/share/video/7549394111376248077/,
2025-09-16 03:03:27-04:00,2025-09-16,3,like,Likes and Favorites.Like List.ItemFavoriteList,https://www.tiktokv.com/share/video/7550316253492022559/,
2025-09-16 02:58:04-04:00,2025-09-16,2,like,Likes and Favorites.Like List.ItemFavoriteList,https://www.tiktokv.com/share/video/7550335476188679454/,
2025-09-16 02:55:09-04:00,2025-09-16,2,like,Likes and Favorites.Like List.ItemFavoriteList,https://www.tiktokv.com/share/video/7550349733173169438/,
2025-09-16 02:43:54-04:00,2025-09-16,2,like,Likes and Favorites.Like List.ItemFavoriteList,https://www.tiktokv.com/share/video/7549643485578677518/,
2025-09-16 02:43:18-04:00,2025-09-16,2,like,Likes and Favorites.Like List.ItemFavoriteList,https://www.tiktokv.com/share/video/7538201496370875679/,
2025-09-16 02:39:19-04:00,2025-09-16,2,like,Likes and Favorites.Like List.ItemFavoriteList,https://www.tiktokv.com/share/video/7550350268542635319/,
2025-09-16 02:32:20-04:00,2025-09-16,2,like,Likes and Favorites.Like List.ItemFavoriteList,https://www.tiktokv.com/share/video/7550119163155598606/,
2025-09-16 02:31:39-04:00,2025-09-16,2,like,Likes and Favorites.Like List.ItemFavoriteList,https://www.tiktokv.com/share/video/7550331097335237943/,
2025-09-16 02:30:20-04:00,2025-09-16,2,like,Likes and Favorites.Like List.ItemFavoriteList,https://www.tiktokv.com/share/video/7550266090669034782/,
2025-09-15 20:10:18-04:00,2025-09-15,20,like,Likes and Favorites.Like List.ItemFavoriteList,https://www.tiktokv.com/share/video/7550429369722801463/,
2025-09-15 20:10:11-04:00,2025-09-15,20,like,Likes and Favorites.Like List.ItemFavoriteList,https://www.tiktokv.com/share/video/7550072490219883789/,
2025-09-15 20:10:00-04:00,2025-09-15,20,like,Likes and Favorites.Like List.ItemFavoriteList,https://www.tiktokv.com/share/video/7550081601531579703/,
2025-09-15 20:09:16-04:00,2025-09-15,20,like,Likes and Favorites.Like List.ItemFavoriteList,https://www.tiktokv.com/share/video/7549776658337697054/,
2025-09-15 15:25:15-04:00,2025-09-15,15,like,Likes and Favorites.Like List.ItemFavoriteList,https://www.tiktokv.com/share/video/7549429774435847455/,
2025-09-15 15:24:01-04:00,2025-09-15,15,like,Likes and Favorites.Like List.ItemFavoriteList,https://www.tiktokv.com/share/video/7547600768304499982/,
2025-09-15 15:23:37-04:00,2025-09-15,15,like,Likes and Favorites.Like List.ItemFavoriteList,https://www.tiktokv.com/share/video/7545344269834308919/,
2025-09-15 15:23:06-04:00,2025-09-15,15,like,Likes and Favorites.Like List.ItemFavoriteList,https://www.tiktokv.com/share/video/7549350404006366495/,
2025-09-15 15:21:26-04:00,2025-09-15,15,like,Likes and Favorites.Like List.ItemFavoriteList,https://www.tiktokv.com/share/video/7549747561943403790/,
2025-09-15 15:20:56-04:00,2025-09-15,15,like,Likes and Favorites.Like List.ItemFavoriteList,https://www.tiktokv.com/share/video/7547845851398343949/,
2025-09-15 15:17:53-04:00,2025-09-15,15,like,Likes and Favorites.Like List.ItemFavoriteList,https://www.tiktokv.com/share/video/7538861977171479839/,
2025-09-15 12:33:23-04:00,2025-09-15,12,like,Likes and Favorites.Like List.ItemFavoriteList,https://www.tiktokv.com/share/video/7549319357466152214/,
2025-09-15 12:17:27-04:00,2025-09-15,12,like,Likes and Favorites.Like List.ItemFavoriteList,https://www.tiktokv.com/share/video/7544526541410045215/,
2025-09-15 12:16:15-04:00,2025-09-15,12,like,Likes and Favorites.Like List.ItemFavoriteList,https://www.tiktokv.com/share/video/7550109346730986774/,
2025-09-15 12:15:43-04:00,2025-09-15,12,like,Likes and Favorites.Like List.ItemFavoriteList,https://www.tiktokv.com/share/video/7550123114605153537/,
2025-09-15 12:13:57-04:00,2025-09-15,12,like,Likes and Favorites.Like List.ItemFavoriteList,https://www.tiktokv.com/share/video/7545098962080959766/,
2025-09-15 12:12:34-04:00,2025-09-15,12,like,Likes and Favorites.Like List.ItemFavoriteList,https://www.tiktokv.com/share/video/7542021680852389151/,
2025-09-15 12:11:39-04:00,2025-09-15,12,like,Likes and Favorites.Like List.ItemFavoriteList,https://www.tiktokv.com/share/video/7549363994444729614/,
2025-09-15 12:07:41-04:00,2025-09-15,12,like,Likes and Favorites.Like List.ItemFavoriteList,https://www.tiktokv.com/share/video/7548864340506529054/,
2025-09-15 12:06:57-04:00,2025-09-15,12,like,Likes and Favorites.Like List.ItemFavoriteList,https://www.tiktokv.com/share/video/7550037415008668959/,
2025-09-15 12:04:05-04:00,2025-09-15,12,like,Likes and Favorites.Like List.ItemFavoriteList,https://www.tiktokv.com/share/video/7547797872973057310/,
2025-09-15 12:02:02-04:00,2025-09-15,12,like,Likes and Favorites.Like List.ItemFavoriteList,https://www.tiktokv.com/share/video/7549356175469415711/,
2025-09-15 11:58:17-04:00,2025-09-15,11,like,Likes and Favorites.Like List.ItemFavoriteList,https://www.tiktokv.com/share/video/7547308098231209238/,
2025-09-15 11:56:45-04:00,2025-09-15,11,like,Likes and Favorites.Like List.ItemFavoriteList,https://www.tiktokv.com/share/video/7548513865374436638/,
2025-09-15 11:56:31-04:00,2025-09-15,11,like,Likes and Favorites.Like List.ItemFavoriteList,https://www.tiktokv.com/share/video/7541887086564068638/,
2025-09-15 11:49:29-04:00,2025-09-15,11,like,Likes and Favorites.Like List.ItemFavoriteList,https://www.tiktokv.com/share/video/7545798005614464278/,
2025-09-15 10:30:30-04:00,2025-09-15,10,like,Likes and Favorites.Like List.ItemFavoriteList,https://www.tiktokv.com/share/video/7547761887404936462/,
2025-09-15 10:29:10-04:00,2025-09-15,10,like,Likes and Favorites.Like List.ItemFavoriteList,https://www.tiktokv.com/share/video/7546793851185302815/,
2025-09-15 09:56:14-04:00,2025-09-15,9,like,Likes and Favorites.Like List.ItemFavoriteList,https://www.tiktokv.com/share/video/7549628052897139982/,
2025-09-15 01:40:36-04:00,2025-09-15,1,like,Likes and Favorites.Like List.ItemFavoriteList,https://www.tiktokv.com/share/video/7549833460316130590/,
2025-09-15 01:38:52-04:00,2025-09-15,1,like,Likes and Favorites.Like List.ItemFavoriteList,https://www.tiktokv.com/share/video/7550166814760684831/,
2025-09-14 23:08:40-04:00,2025-09-14,23,like,Likes and Favorites.Like List.ItemFavoriteList,https://www.tiktokv.com/share/video/7549035824457764127/,
2025-09-14 23:07:54-04:00,2025-09-14,23,like,Likes and Favorites.Like List.ItemFavoriteList,https://www.tiktokv.com/share/video/7547399204096773389/,
2025-09-14 21:53:53-04:00,2025-09-14,21,like,Likes and Favorites.Like List.ItemFavoriteList,https://www.tiktokv.com/share/video/7549028664961207582/,
2025-09-14 21:50:37-04:00,2025-09-14,21,like,Likes and Favorites.Like List.ItemFavoriteList,https://www.tiktokv.com/share/video/7541880158030925078/,
2025-09-14 21:49:43-04:00,2025-09-14,21,like,Likes and Favorites.Like List.ItemFavoriteList,https://www.tiktokv.com/share/video/7550099714671136030/,
2025-09-14 21:48:44-04:00,2025-09-14,21,like,Likes and Favorites.Like List.ItemFavoriteList,https://www.tiktokv.com/share/video/7547833509201579295/,
2025-09-14 11:39:22-04:00,2025-09-14,11,like,Likes and Favorites.Like List.ItemFavoriteList,https://www.tiktokv.com/share/video/7540428867534654775/,
2025-09-13 23:23:59-04:00,2025-09-13,23,like,Likes and Favorites.Like List.ItemFavoriteList,https://www.tiktokv.com/share/video/7540791246600637751/,
2025-09-13 23:22:09-04:00,2025-09-13,23,like,Likes and Favorites.Like List.ItemFavoriteList,https://www.tiktokv.com/share/video/7549555605841694007/,
2025-09-13 23:20:21-04:00,2025-09-13,23,like,Likes and Favorites.Like List.ItemFavoriteList,https://www.tiktokv.com/share/video/7546314016466029846/,
2025-09-13 23:18:20-04:00,2025-09-13,23,like,Likes and Favorites.Like List.ItemFavoriteList,https://www.tiktokv.com/share/video/7549306391350054174/,
2025-09-13 17:34:46-04:00,2025-09-13,17,like,Likes and Favorites.Like List.ItemFavoriteList,https://www.tiktokv.com/share/video/7546357051060931895/,
2025-09-13 17:33:47-04:00,2025-09-13,17,like,Likes and Favorites.Like List.ItemFavoriteList,https://www.tiktokv.com/share/video/7549317498739412254/,
2025-09-13 17:33:40-04:00,2025-09-13,17,like,Likes and Favorites.Like List.ItemFavoriteList,https://www.tiktokv.com/share/video/7528230237683977502/,
2025-09-13 17:33:27-04:00,2025-09-13,17,like,Likes and Favorites.Like List.ItemFavoriteList,https://www.tiktokv.com/share/video/7549350743866674487/,
2025-09-13 17:32:47-04:00,2025-09-13,17,like,Likes and Favorites.Like List.ItemFavoriteList,https://www.tiktokv.com/share/video/7538931147917577503/,
2025-09-13 17:32:36-04:00,2025-09-13,17,like,Likes and Favorites.Like List.ItemFavoriteList,https://www.tiktokv.com/share/video/7549417735319538975/,
2025-09-13 17:32:03-04:00,2025-09-13,17,like,Likes and Favorites.Like List.ItemFavoriteList,https://www.tiktokv.com/share/video/7549286048698830093/,
2025-09-13 13:26:26-04:00,2025-09-13,13,like,Likes and Favorites.Like List.ItemFavoriteList,https://www.tiktokv.com/share/video/7548923859706137911/,
2025-09-13 13:23:23-04:00,2025-09-13,13,like,Likes and Favorites.Like List.ItemFavoriteList,https://www.tiktokv.com/share/video/7547970562019052830/,
2025-09-13 13:21:32-04:00,2025-09-13,13,like,Likes and Favorites.Like List.ItemFavoriteList,https://www.tiktokv.com/share/video/7547887333564009741/,
2025-09-13 13:18:31-04:00,2025-09-13,13,like,Likes and Favorites.Like List.ItemFavoriteList,https://www.tiktokv.com/share/video/7549329663328390455/,
2025-09-13 12:41:22-04:00,2025-09-13,12,like,Likes and Favorites.Like List.ItemFavoriteList,https://www.tiktokv.com/share/video/7538218761321483533/,
2025-09-13 12:27:25-04:00,2025-09-13,12,like,Likes and Favorites.Like List.ItemFavoriteList,https://www.tiktokv.com/share/video/7546634832525217037/,
2025-09-13 12:25:32-04:00,2025-09-13,12,like,Likes and Favorites.Like List.ItemFavoriteList,https://www.tiktokv.com/share/video/7549145841840278806/,
2025-09-13 12:25:05-04:00,2025-09-13,12,like,Likes and Favorites.Like List.ItemFavoriteList,https://www.tiktokv.com/share/video/7549192944620719374/,
2025-09-13 12:24:59-04:00,2025-09-13,12,like,Likes and Favorites.Like List.ItemFavoriteList,https://www.tiktokv.com/share/video/7531815249717005590/,
2025-09-13 12:20:45-04:00,2025-09-13,12,like,Likes and Favorites.Like List.ItemFavoriteList,https://www.tiktokv.com/share/video/7549319958426111246/,
2025-09-13 12:19:59-04:00,2025-09-13,12,like,Likes and Favorites.Like List.ItemFavoriteList,https://www.tiktokv.com/share/video/7535895242633940242/,
2025-09-13 12:18:47-04:00,2025-09-13,12,like,Likes and Favorites.Like List.ItemFavoriteList,https://www.tiktokv.com/share/video/7549306130082696478/,
2025-09-13 10:45:45-04:00,2025-09-13,10,like,Likes and Favorites.Like List.ItemFavoriteList,https://www.tiktokv.com/share/video/7529947964115127565/,
2025-09-12 22:31:16-04:00,2025-09-12,22,like,Likes and Favorites.Like List.ItemFavoriteList,https://www.tiktokv.com/share/video/7548259094126234935/,
2025-09-12 22:29:21-04:00,2025-09-12,22,like,Likes and Favorites.Like List.ItemFavoriteList,https://www.tiktokv.com/share/video/7548976909724552478/,
2025-09-12 22:28:38-04:00,2025-09-12,22,like,Likes and Favorites.Like List.ItemFavoriteList,https://www.tiktokv.com/share/video/7549240648541408542/,
2025-09-12 22:27:48-04:00,2025-09-12,22,like,Likes and Favorites.Like List.ItemFavoriteList,https://www.tiktokv.com/share/video/7549231600563768606/,
2025-09-12 22:27:26-04:00,2025-09-12,22,like,Likes and Favorites.Like List.ItemFavoriteList,https://www.tiktokv.com/share/video/7546048232468630814/,
2025-09-12 22:26:48-04:00,2025-09-12,22,like,Likes and Favorites.Like List.ItemFavoriteList,https://www.tiktokv.com/share/video/7547212611113323831/,
2025-09-12 17:21:22-04:00,2025-09-12,17,like,Likes and Favorites.Like List.ItemFavoriteList,https://www.tiktokv.com/share/video/7548206416536898847/,
2025-09-12 17:20:27-04:00,2025-09-12,17,like,Likes and Favorites.Like List.ItemFavoriteList,https://www.tiktokv.com/share/video/7548289305920261406/,
2025-09-12 17:18:58-04:00,2025-09-12,17,like,Likes and Favorites.Like List.ItemFavoriteList,https://www.tiktokv.com/share/video/7549041666498301198/,
2025-09-12 14:36:21-04:00,2025-09-12,14,like,Likes and Favorites.Like List.ItemFavoriteList,https://www.tiktokv.com/share/video/7547632497157311758/,
2025-09-12 14:35:22-04:00,2025-09-12,14,like,Likes and Favorites.Like List.ItemFavoriteList,https://www.tiktokv.com/share/video/7543875100689386758/,
2025-09-12 11:31:26-04:00,2025-09-12,11,like,Likes and Favorites.Like List.ItemFavoriteList,https://www.tiktokv.com/share/video/7548144877335285022/,
2025-09-12 11:30:59-04:00,2025-09-12,11,like,Likes and Favorites.Like List.ItemFavoriteList,https://www.tiktokv.com/share/video/7548840475340344607/,
2025-09-12 03:38:32-04:00,2025-09-12,3,like,Likes and Favorites.Like List.ItemFavoriteList,https://www.tiktokv.com/share/video/7548436564033031429/,
2025-09-12 03:38:06-04:00,2025-09-12,3,like,Likes and Favorites.Like List.ItemFavoriteList,https://www.tiktokv.com/share/video/7539392231489277239/,
2025-09-12 03:37:54-04:00,2025-09-12,3,like,Likes and Favorites.Like List.ItemFavoriteList,https://www.tiktokv.com/share/video/7548334507045244174/,
2025-09-12 03:37:03-04:00,2025-09-12,3,like,Likes and Favorites.Like List.ItemFavoriteList,https://www.tiktokv.com/share/video/7548592080348646669/,
2025-09-12 03:36:18-04:00,2025-09-12,3,like,Likes and Favorites.Like List.ItemFavoriteList,https://www.tiktokv.com/share/video/7535269595741998391/,
2025-09-12 02:11:22-04:00,2025-09-12,2,like,Likes and Favorites.Like List.ItemFavoriteList,https://www.tiktokv.com/share/video/7539746201252498701/,
2025-09-11 20:56:20-04:00,2025-09-11,20,like,Likes and Favorites.Like List.ItemFavoriteList,https://www.tiktokv.com/share/video/7545327184211168543/,
